wkt_geom;osm_id;cables;name;voltage;wires;ref;operator;length
LineString (15.99000610000000044 47.25702410000000242, 15.99235979999999913 47.25963220000000575, 15.9946377999999978 47.26212890000000044, 15.99644509999999897 47.26411819999999864, 15.99825230000000076 47.26610030000000506, 16.00028079999999875 47.26832909999999544, 16.00235950000000074 47.27060440000000341, 16.00389039999999952 47.27228720000000806, 16.00762160000000023 47.27224809999999167, 16.01156190000000024 47.27221600000000024, 16.01589549999999917 47.27217999999998455, 16.01982599999999834 47.2721469999999897, 16.02353019999999972 47.27211410000000313, 16.0276740999999987 47.27208209999999866, 16.03140550000000175 47.27204909999998961, 16.03513309999999947 47.27201610000000898, 16.03904599999999903 47.27198620000000062, 16.04263399999999962 47.27195489999999722, 16.04603170000000034 47.27300610000000347, 16.04961259999999967 47.27411390000000324, 16.05323399999999978 47.27523429999999394, 16.05707519999999988 47.27642260000000363, 16.06068399999999841 47.27753899999999732, 16.06414300000000139 47.2786090000000101, 16.06790379999999985 47.27977239999999171, 16.0713790000000003 47.27948630000000207, 16.07566470000000081 47.27913349999999326, 16.07979900000000129 47.27879310000000146, 16.08375549999999876 47.2784673999999967, 16.08780120000000124 47.27813619999999872, 16.09181750000000122 47.27717470000001043, 16.09552460000000096 47.27630409999999728, 16.09856720000000152 47.27558029999998723, 16.10157299999999836 47.27486050000000262, 16.10481419999999986 47.27409389999998979, 16.10858419999999924 47.27367120000000256, 16.11250719999999959 47.27325399999999433, 16.11670900000000017 47.27275699999999148, 16.12063290000000038 47.27232300000000009, 16.12443130000000124 47.27169639999999617, 16.12871290000000002 47.27099009999999168, 16.13225920000000002 47.27038809999999103, 16.13621729999999843 47.26975399999999894, 16.13999839999999963 47.26912459999999783, 16.14384629999999987 47.26848399999999373, 16.14752430000000061 47.2678716999999935, 16.15126749999999944 47.26724859999999495, 16.1551341000000015 47.26660699999999338, 16.15884009999999904 47.26792809999999179, 16.16261989999999926 47.26928010000001024, 16.16664970000000068 47.27073430000000087);99761296;2.0;;380000;3;476;Austrian Power Grid AG;14788,16
LineString (16.2792829999999995 47.25124799999999681, 16.28168889999999891 47.25317579999999396, 16.28456179999999875 47.25539570000000822, 16.28726149999999961 47.25750870000000248, 16.28965699999999828 47.2594019000000003, 16.29239219999999833 47.26155930000000183, 16.29464259999999953 47.26324489999999656, 16.29740969999999933 47.26549570000000244, 16.2961437999999994 47.26847669999999368, 16.29479650000000035 47.27176469999999142, 16.29276959999999974 47.27409310000000175, 16.29103269999999881 47.27624649999998496, 16.28911839999999955 47.27844809999999853, 16.28730519999999871 47.28061270000000604, 16.28532320000000055 47.28298759999999135, 16.28317529999999991 47.28554179999999718, 16.28115400000000079 47.2878340000000037, 16.27868210000000104 47.29066159999999286, 16.27632069999999942 47.29331979999999191, 16.273974299999999 47.29600980000000021, 16.27191249999999911 47.29831759999999719, 16.26950970000000041 47.30107110000000148, 16.2674051999999989 47.30346180000000089, 16.26681489999999997 47.30616580000001647, 16.26625200000000149 47.30866960000000176, 16.26567509999999928 47.31123139999998983, 16.26509420000000006 47.3138261, 16.26424719999999979 47.31696379999998925, 16.26347709999999935 47.31988249999999852, 16.26265490000000113 47.32296519999999163, 16.26188769999999906 47.32577469999999664, 16.26252330000000157 47.32822739999998873, 16.26328399999999874 47.33114080000001422, 16.26401140000000112 47.33393610000000251, 16.26470309999999841 47.33659440000000274, 16.26556409999999886 47.33989569999999958, 16.2663480000000007 47.34288839999999965, 16.26704790000000145 47.34552349999999876, 16.27060919999999911 47.34729540000000014, 16.27399369999999834 47.34894560000000041, 16.27669050000000084 47.35025540000000888, 16.28051729999999964 47.35211190000000414, 16.28302139999999909 47.35333459999999661, 16.28571000000000168 47.35463719999999199, 16.28853150000000127 47.35600490000000207, 16.28972530000000063 47.35798509999999339, 16.29160669999999911 47.36111929999999859, 16.29303060000000158 47.36348619999999698, 16.29431470000000104 47.36562080000000208, 16.2959385999999995 47.36834369999999694, 16.29959350000000029 47.37021289999999851, 16.30406719999999865 47.3725280999999967, 16.30738059999999834 47.37421140000000008, 16.31118280000000098 47.37618679999999927, 16.31386889999999923 47.37766190000000677, 16.313675700000001 47.37986729999999369, 16.31347769999999997 47.38215100000000035, 16.31321510000000075 47.38520579999999427, 16.31300450000000168 47.38752459999998479, 16.31278119999999987 47.39013150000000962, 16.31264679999999956 47.39276590000000056, 16.31251749999999845 47.39532559999999961, 16.31238480000000024 47.39786490000000185, 16.3122606999999995 47.40032529999999156, 16.31212530000000172 47.40291810000000083, 16.31202970000000008 47.40481799999999879, 16.31179039999999958 47.4093258999999847, 16.3096552999999993 47.41205589999999859, 16.30757679999999965 47.4147601000000023, 16.30540849999999864 47.41758099999999843, 16.30337589999999892 47.4201817999999875, 16.30166799999999938 47.42241309999999999, 16.30151719999999926 47.42456709999999731, 16.30134599999999878 47.42701590000000778, 16.30114379999999841 47.42984750000000105, 16.30098309999999984 47.43224600000000635, 16.30291300000000021 47.43351899999998977, 16.30648449999999983 47.43582210000001709, 16.30826499999999868 47.43695290000000853, 16.31088709999999864 47.43867050000000063, 16.31450279999999964 47.43949000000000638, 16.31789630000000102 47.44025939999999508, 16.31937320000000113 47.44257720000000234, 16.32101739999999879 47.44517290000000287, 16.32273800000000108 47.44786869999999368, 16.32541700000000162 47.45078649999999243, 16.32759180000000043 47.45317910000000694, 16.33090320000000162 47.45679750000000041, 16.33258250000000089 47.45863229999999788, 16.33540749999999875 47.46143320000000188, 16.33863669999999857 47.4646821999999986, 16.34102199999999883 47.46706419999998872, 16.34231460000000524 47.46848999999999563, 16.34453339999999955 47.47094289999999006, 16.34624319999999997 47.47283310000001677, 16.34792029999999841 47.47473040000000566, 16.35139609999999877 47.47543819999999926, 16.3552041999999993 47.47624110000000996, 16.35888160000000013 47.4770354999999924, 16.36305730000000125 47.47837789999999814, 16.36727589999999921 47.47971669999999023, 16.36739400000000089 47.48249269999999456, 16.36753739999999979 47.48562390000000022, 16.36765779999999992 47.48826020000000625, 16.36776649999999833 47.49093179999998426, 16.36790189999999967 47.49393440000000055, 16.36801230000000018 47.49655190000000005, 16.37019189999999824 47.49868309999999383, 16.37259050000000116 47.50102870000000621, 16.3751314999999984 47.50348519999999297, 16.37740409999999969 47.5057159999999925, 16.38005659999999963 47.50832599999999672, 16.38293450000000107 47.51112610000000558, 16.38530390000000025 47.51341479999999962, 16.38768519999999995 47.51575359999999648, 16.38988570000000067 47.5178976999999847, 16.39238410000000101 47.52031249999998863, 16.39487109999999959 47.52274880000000223, 16.39732619999999841 47.525176799999997, 16.39937169999999966 47.52711140000000256, 16.40146239999999977 47.52897409999998501, 16.40448990000000151 47.53212739999999314, 16.40716929999999962 47.53479610000000122, 16.40912170000000359 47.53665229999999298, 16.40941450000000046 47.53967039999999855, 16.40970169999999939 47.54238089999999772, 16.41000239999999977 47.54555100000000323, 16.41030220000000028 47.54844479999999862);99725619;3.0;Erika;380000;3;477;Austrian Power Grid AG;12939,15
LineString (16.27640620000000027 47.25188130000000086, 16.2792829999999995 47.25124799999999681);99725617;1.0;;380000;3;477;Austrian Power Grid AG;228,8
LineString (16.27778100000000094 47.25146829999999909, 16.27640620000000027 47.25188130000000086);99725616;1.0;;380000;0;476;Austrian Power Grid AG;113,72
LineString (16.27310770000000062 47.25250199999999268, 16.27640620000000027 47.25188130000000086);99725615;2.0;;380000;3;476;Austrian Power Grid AG;258,97
LineString (16.16664970000000068 47.27073430000000087, 16.17098160000000107 47.27085180000000975, 16.1744197000000014 47.27094499999999044, 16.17899729999999892 47.27106919999999235, 16.18310650000000095 47.27118059999999389, 16.18715969999999871 47.27129049999999921, 16.19154479999999907 47.27140939999999603, 16.19563919999999868 47.2715204, 16.19952849999999955 47.27162589999999653, 16.20329680000000039 47.27172809999999714, 16.207339300000001 47.27183770000000607, 16.21187099999999859 47.27196059999999989, 16.21546880000000002 47.27205819999999648, 16.21943449999999842 47.27216570000000928, 16.22387150000000133 47.27228600000000824, 16.22765139999999917 47.27238849999999815, 16.23037100000000166 47.27086909999999165, 16.23307820000000135 47.26935650000000066, 16.23581479999999999 47.2678274000000016, 16.23856650000000101 47.26628990000000385, 16.24125430000000136 47.26478800000001002, 16.24394140000000064 47.26328649999999953, 16.2465699999999984 47.26181760000000054, 16.24966829999999973 47.26008620000000349, 16.25279959999999946 47.2583362999999963, 16.25550409999999957 47.25682479999999686, 16.25822929999999999 47.25530179999999802, 16.26235570000000052 47.2545252999999974, 16.26594490000000093 47.25384990000000585, 16.26948549999999827 47.25318360000000695, 16.27310770000000062 47.25250199999999268);99720896;3.0;;380000;3;476;Austrian Power Grid AG;8779,483
LineString (16.41030220000000028 47.54844479999999862, 16.4106115999999993 47.55140979999999473, 16.41087830000000025 47.5543186000000091, 16.41114629999999863 47.55740829999999875, 16.41144939999999863 47.56052609999999703, 16.41176349999999928 47.56354919999999709, 16.41207700000000003 47.56680459999999755, 16.41236809999999835 47.56988310000000553, 16.41266040000000004 47.57271439999998819, 16.41296120000000158 47.57581549999999027, 16.41324360000000127 47.5786801000000068, 16.4134878999999998 47.58133120000000105, 16.41376740000000112 47.58411789999999542, 16.41403430000000085 47.58628559999998942, 16.41431710000000166 47.58978989999999953, 16.41196529999999854 47.59219429999998852, 16.40970670000000098 47.59449229999999886, 16.40740269999999867 47.59683230000000265, 16.40505750000000162 47.59922999999999149, 16.40259349999999827 47.60173169999999487, 16.39999119999999877 47.60438649999998262, 16.39786610000000167 47.60656459999999157, 16.39598060000000146 47.60847339999999406, 16.39389540000000167 47.61058130000000688, 16.39294939999999912 47.61336370000000784, 16.39211050000000114 47.61589249999997975, 16.39115930000000176 47.61863039999998648, 16.39012500000000117 47.62168830000000952, 16.38927229999999824 47.62420189999999565, 16.39042600000000505 47.627160300000007, 16.39159289999999913 47.63013620000000969, 16.3928609999999999 47.63338190000000338, 16.39390969999999825 47.63604219999999856, 16.39503069999999951 47.63893309999999559, 16.39622599999999863 47.6419643999999991, 16.39684670000000111 47.64440079999999966, 16.40000729999999862 47.6471872999999988, 16.40036389999999855 47.64891859999999468, 16.4008676000000051 47.65144369999999441, 16.40139800000000037 47.65405169999998947, 16.40184259999999838 47.65623749999999603, 16.40229580000000098 47.65842930000000166, 16.40093219999999974 47.66058549999999627, 16.39955919999999878 47.66274330000000958, 16.39735310000000013 47.66618460000000113, 16.39627099999999871 47.66781809999999808, 16.39454560000000072 47.67061449999999923, 16.39322340000000011 47.67254319999999268, 16.39167219999999858 47.67510480000000683, 16.38995829999999998 47.6777961000000019, 16.39139159999999862 47.68071890000000224, 16.39294329999999889 47.68380989999999997, 16.39432240000000007 47.68662369999999839, 16.39579559999999958 47.68956730000000022, 16.39724160000000097 47.69241759999999886, 16.39543499999999909 47.69503519999999241, 16.39390320000000045 47.69722479999998654, 16.39347679999999841 47.70037870000000169, 16.39310569999999956 47.70327420000000984, 16.39273379999999847 47.70616989999999902, 16.3923495999999993 47.7092554999999976, 16.39200130000000044 47.71191809999999833, 16.39174759999999864 47.71384250000000549, 16.39149169999999955 47.71605340000000695, 16.38808360000000164 47.71817169999999209, 16.38482480000000052 47.72025159999998323, 16.38125219999999871 47.72247680000000258, 16.37945470000000014 47.72422659999999439, 16.37741229999999959 47.72621490000000932, 16.37633590000000083 47.72927380000000142, 16.37539299999999898 47.73196170000000649, 16.37471880000000013 47.73387670000000327, 16.37393000000000143 47.73607570000000067, 16.37294729999999987 47.73895910000000242, 16.37277759999999915 47.74161130000000242, 16.37261060000000157 47.74453479999998251, 16.37246209999999991 47.74717549999999022, 16.37525660000000016 47.74912700000000143, 16.37810650000000123 47.75111739999999116, 16.38130530000000107 47.7533515999999949, 16.38414939999999831 47.75533399999999062, 16.38744769999999917 47.75763419999999115, 16.38630889999999951 47.76038679999999204, 16.38493839999999935 47.76366049999999319, 16.38364340000000041 47.76673490000000299, 16.38236669999999862 47.76983609999999913, 16.38123750000000101 47.77258199999999988, 16.37997779999999892 47.77549880000000115, 16.37880270000000138 47.77832819999999714, 16.37795699999999854 47.78033849999999916, 16.37703919999999869 47.78249209999999891, 16.37585830000000087 47.78537729999999328, 16.37474389999999858 47.78787379999999274, 16.37753449999999944 47.79041720000000026, 16.38011930000000049 47.79274740000000321, 16.38284560000000312 47.79520789999997987, 16.38505689999999859 47.79716140000000735, 16.38787699999999958 47.79969279999998832, 16.38818979999999925 47.8028090999999975, 16.38851800000000125 47.80584530000000854, 16.38881549999999976 47.8088730000000055, 16.38911990000000074 47.81173259999999914, 16.3893829999999987 47.81476239999999933, 16.38971220000000173 47.81751319999999339, 16.39001280000000094 47.82061749999999023, 16.390267699999999 47.82356339999999051, 16.39061009999999996 47.82644760000000872, 16.39093499999999892 47.82971439999999319, 16.39232499999999959 47.83227380000000295, 16.39372639999999848 47.83472290000000271, 16.39526240000000001 47.83747129999999714, 16.39671039999999991 47.84006219999999843, 16.39831099999999964 47.84292559999999384, 16.39985340000000136 47.84561699999999718, 16.40108040000000145 47.84781999999998447, 16.40264610000000189 47.85067930000000302, 16.40423900000000046 47.85347010000000267, 16.4058212999999995 47.856299700000001, 16.407418100000001 47.85913359999999983, 16.40901480000000134 47.86198360000000207, 16.41073469999999901 47.86505859999999046, 16.41218609999999956 47.86771490000000284, 16.41349519999999984 47.86999380000000315, 16.41475790000000146 47.87229569999999512, 16.41605870000000067 47.87455909999999903, 16.417375100000001 47.87692559999999986, 16.41885780000000139 47.8795218999999932, 16.41848350000000067 47.88158680000000089, 16.41803319999999999 47.88418769999999824, 16.41750180000000015 47.88717450000000042, 16.41701490000000163 47.88998130000000231, 16.41648610000000019 47.89291830000000516, 16.41603639999999942 47.89540709999999279, 16.41554980000000086 47.89809889999999371, 16.41502759999999839 47.90103369999999927, 16.41451809999999867 47.90397139999999609, 16.41398699999999877 47.90691069999999741, 16.4135339000000009 47.90951659999999634, 16.41302549999999982 47.91241339999999838, 16.41257630000000134 47.91502200000000045, 16.40946539999999843 47.91713449999999597, 16.40630910000000142 47.91927570000000713, 16.40323760000000064 47.92135139999999893, 16.40045070000000038 47.92324820000000329, 16.39748859999999908 47.92526119999999423, 16.39452599999999904 47.9272463000000073, 16.39151899999999884 47.92927900000000108, 16.38871419999999901 47.93119620000000225, 16.38593870000000052 47.93307889999999816, 16.38357380000000063 47.93466939999998999, 16.38284700000000171 47.93705819999999562, 16.38205830000000063 47.93965049999999906, 16.38133589999999984 47.94202489999999983, 16.38065130000000025 47.94427469999999403, 16.37979969999999952 47.94707330000000667, 16.37898050000000083 47.94976559999999921, 16.37821650000000062 47.95227599999999057, 16.377272099999999 47.9553790999999876, 16.37634669999999915 47.95841949999999088, 16.37613310000000055 47.9608965999999981, 16.37584930000000227 47.96418849999999168, 16.37560129999999958 47.96706359999999592, 16.37535259999999937 47.96994730000000118, 16.3751080999999985 47.97278279999999029, 16.37491290000000177 47.97504549999999313, 16.37467339999999894 47.97782180000000096, 16.37443460000000073 47.98059039999998276, 16.37417719999999832 47.98357440000000196);94372544;2.0;Erika;380000;3;477;Austrian Power Grid AG;52135,7
LineString (16.27786240000000006 47.25133630000000551, 16.2792829999999995 47.25124799999999681);82824769;1.0;;380000;0;478;Austrian Power Grid AG;107,95
LineString (16.69686000000000092 48.03141149999999726, 16.69904070000000118 48.03203419999999113, 16.70293450000000135 48.03315229999998337, 16.70672310000000138 48.03423549999998698, 16.71067010000000153 48.03534849999999778, 16.71359980000000078 48.03618799999999567, 16.71766590000000008 48.0372368000000094, 16.72128790000000009 48.03830999999999563, 16.72491859999999875 48.03934300000000235, 16.72923589999999905 48.04056529999999015, 16.73326129999999878 48.04171879999999106, 16.73719240000000141 48.04287219999999081, 16.74070269999999994 48.0439109000000002, 16.74503999999999948 48.04514850000000337, 16.74869079999999855 48.0461985000000098, 16.75276480000000134 48.04734999999999445, 16.75653459999999839 48.04843290000000167, 16.76089130000000083 48.04782229999999998, 16.76529899999999884 48.04718929999999233, 16.76956449999999776 48.04658919999998545, 16.77366170000000167 48.04601289999999381, 16.77777700000000038 48.04543389999999903, 16.78161220000000142 48.04489439999999689, 16.78530990000000145 48.04437859999999461, 16.78965760000000174 48.04376260000000087, 16.79368789999999834 48.04319780000000151, 16.79790459999999896 48.04260239999999982, 16.80160030000000049 48.04208250000000646, 16.80559009999999986 48.04081949999999779, 16.80952359999999857 48.0395444999999981, 16.81333030000000051 48.03833429999999538, 16.81704200000000071 48.03715590000000191, 16.82143519999999981 48.0357355999999811, 16.82589959999999962 48.03432010000000929, 16.83019619999999961 48.03294379999999109, 16.83150489999999877 48.02985510000000602, 16.8324631999999994 48.02759540000000271, 16.83363059999999933 48.02479050000000171, 16.8347256999999999 48.02221060000000108, 16.83596449999999933 48.01933999999999259, 16.83712849999999861 48.01657210000000475, 16.83815540000000155 48.01414659999998236, 16.83937450000000169 48.01125730000000402, 16.84062069999999878 48.00830909999999818, 16.84167739999999824 48.00581999999998573, 16.84282659999999865 48.00328539999998867, 16.8440025999999996 48.00049009999999328, 16.84520649999999975 47.99764119999999679, 16.84645049999999955 47.99468369999999595, 16.84774940000000143 47.99157910000000271, 16.84882149999999967 47.98906029999999845, 16.84981549999999828 47.98671419999999443, 16.85095019999999977 47.98401439999999951, 16.85198529999999906 47.98156799999999578, 16.85308960000000056 47.97895299999999708, 16.85401609999999906 47.97676749999999402, 16.85804479999999828 47.97594009999999543, 16.86211120000000108 47.97510489999998384, 16.86644450000000006 47.97421489999999977, 16.87058370000000096 47.97335750000000587, 16.8749652999999995 47.97246479999999025, 16.87898300000000162 47.97163959999999605, 16.88321159999999921 47.97077110000000744, 16.88739220000000074 47.96991240000000545, 16.89138799999999918 47.96909159999999162, 16.89573400000000092 47.96820029999999235, 16.89993480000000048 47.96733600000000308, 16.90391070000000084 47.96651929999998742, 16.90857169999999954 47.96556180000000325, 16.91230330000000137 47.96480030000000028, 16.9167468999999997 47.96388239999998859, 16.92085009999999912 47.96303949999999361, 16.92483139999999864 47.96222969999999464, 16.92889680000000041 47.96139329999999035, 16.9331031000000003 47.96052230000000804, 16.93723560000000106 47.95967329999999151, 16.94130850000000166 47.95798910000000603, 16.94504459999999924 47.95652890000000212, 16.94855189999999823 47.95516330000000238, 16.95230109999999968 47.95370820000000123, 16.95603029999999833 47.95225290000000484, 16.96014180000000238 47.95064470000000512, 16.96420660000000069 47.94908099999998541, 16.96740339999999847 47.94783840000000197, 16.97127529999999851 47.94631470000000206, 16.97498969999999829 47.94488309999999842, 16.97872840000000139 47.94342179999999587, 16.98244089999999673 47.94197799999997756, 16.98630500000000154 47.94046939999999779, 16.99002360000000067 47.93902200000000136, 16.99345299999999881 47.93768250000000108);82451106;2.0;;380000;2;439A;Austrian Power Grid AG;28478,89
LineString (16.99567970000000017 47.9369889000000029, 16.99729800000000068 47.93619169999998775);320717951;1.0;;380000;2;444;Austrian Power Grid AG;149,91
LineString (16.99345299999999881 47.93768250000000108, 16.99471859999999879 47.93727499999999964);199901910;1.0;;380000;2;444;Austrian Power Grid AG;149,91
LineString (16.99729800000000068 47.93619169999998775, 17.0014409999999998 47.93457260000000275, 17.00545389999999912 47.93300949999999716, 17.00945279999999826 47.93149220000000099, 17.01333059999999975 47.92994819999999834, 17.01720810000000128 47.92843400000000287, 17.02109199999999944 47.92691329999999539, 17.02496269999999967 47.92540820000000679, 17.02878979999999842 47.92391779999999102, 17.03253120000000109 47.92245359999999721, 17.0370790999999997 47.92244269999999062, 17.04139879999999962 47.92241779999999096, 17.04536380000000051 47.9224047000000013, 17.04992389999999958 47.92238690000000645, 17.05390699999999882 47.92237169999999935, 17.05807899999999933 47.92238009999999804, 17.0618192999999998 47.92233759999999165, 17.06540180000000007 47.92232400000000325, 17.06891089999999878 47.92231190000000396, 17.07262010000000174 47.92229299999999625, 17.07606829999999931 47.92070970000000329, 17.07912419999999898 47.91931099999998622, 17.08255739999999889 47.91773009999999289, 17.08595619999999826 47.91616590000000286, 17.08959820000000107 47.9144973999999948, 17.09307340000000153 47.91290869999999558, 17.09645129999999824 47.91135510000000863, 17.09982400000000169 47.90980929999999915);199901909;2.0;;380000;2;439B;Austrian Power Grid AG;8501,2
LineString (16.99611230000000006 47.9373419999999939, 16.99729800000000068 47.93619169999998775);199901908;1.0;;380000;2;439B;;155,57
LineString (16.99512479999999925 47.93767759999999356, 16.99345299999999881 47.93768250000000108);199901907;1.0;;380000;2;439A;;124,89
LineString (16.85352359999999905 47.97645179999998533, 16.85236469999999898 47.97918159999999688, 16.85120369999999923 47.98193690000000089, 16.85005650000000088 47.98466789999999094, 16.84899100000000516 47.98715619999999404, 16.84795079999999956 47.98964670000000154, 16.84688219999999959 47.99217319999999631, 16.84567140000000052 47.99504569999999859, 16.84446979999999883 47.99789629999999363, 16.84327210000000008 48.00074459999999732, 16.84225049999999868 48.00317519999999405, 16.84113509999999891 48.00580629999999616, 16.84008229999999884 48.00831630000000416, 16.83897329999999926 48.01093369999999538, 16.83775969999999944 48.01381169999999088, 16.83657380000000003 48.01662359999999552, 16.83541179999999926 48.0193821000000014, 16.83424019999999999 48.0221339999999941, 16.8331432999999997 48.02470289999999409, 16.83195759999999908 48.02755439999999965, 16.83082200000000128 48.03024979999999999, 16.82979119999999895 48.0327053000000106, 16.82633219999999952 48.03380750000000177, 16.82278750000000045 48.03494460000000288, 16.81948089999999851 48.03600490000001599, 16.81556660000000036 48.03725179999999995, 16.81186190000000025 48.03842370000000273, 16.80848010000000059 48.03950099999999424, 16.80523339999999877 48.04053619999999825, 16.80138289999999657 48.0417638999999923, 16.79742930000000101 48.04232390000001374, 16.79333529999999897 48.0428994999999901, 16.78929039999999873 48.04346809999997703, 16.78526979999999824 48.04403469999999032, 16.78153740000000127 48.04456069999999812, 16.77771830000000008 48.04509900000000044, 16.77362970000000431 48.04567509999999686, 16.7696657000000009 48.04623730000000137, 16.76541100000000029 48.04683329999998875, 16.76112290000000016 48.04743969999999109, 16.75679020000000108 48.04804819999998955, 16.75425750000000136 48.0461449000000016, 16.75161789999999939 48.04416699999999452, 16.74907560000000117 48.04224669999999975, 16.74612949999999856 48.04004739999999174, 16.74327459999999945 48.03791240000000329, 16.741011799999999 48.0360831999999931, 16.73833390000000065 48.034103199999997, 16.73547800000000052 48.03203280000000319, 16.73152010000000089 48.0318375999999958, 16.7271958000000005 48.0316250999999852, 16.72294279999999844 48.03139319999998946, 16.71868419999999844 48.03117809999999821, 16.71446999999999861 48.03095139999999219, 16.71032669999999953 48.03087680000000148, 16.7061124999999997 48.03078620000000143, 16.70167999999999964 48.03068429999999012, 16.69708119999999951 48.03058560000000199, 16.69353579999999937 48.03050470000000871, 16.6895623999999998 48.03040609999999333, 16.68503510000000034 48.03031739999999417, 16.68046830000000114 48.03020810000000296, 16.67645290000000458 48.03011729999999346, 16.6720372999999995 48.03001659999998907, 16.66792789999999869 48.0299204999999958, 16.66349389999999886 48.02982730000000089, 16.65937149999999889 48.02972509999998607, 16.65513479999999902 48.02942590000000678, 16.65098610000000079 48.02913579999999172, 16.64703310000000158 48.02883969999999891, 16.6428906000000012 48.02854310000000027, 16.63928569999999851 48.02829389999999421, 16.63532199999999861 48.02801089999999817, 16.6316814000000015 48.02775009999998446, 16.62763620000000131 48.02748629999999253, 16.62357970000000051 48.02717649999998883, 16.61950159999999954 48.02688770000000318, 16.61495389999999972 48.02654210000000745, 16.61090049999999962 48.02625019999999267, 16.60654170000000107 48.02639690000001593, 16.6021844999999999 48.02653579999999778, 16.59793679999999938 48.02669800000000322, 16.59379579999999876 48.02683239999998932, 16.58967009999999931 48.02697310000000641, 16.58586830000000134 48.02709629999999663, 16.58279380000000103 48.02719259999999224, 16.57836419999999933 48.02735149999999464, 16.57393739999999838 48.02750329999999934, 16.57070399999999921 48.02914439999998564, 16.56759130000000013 48.03070100000000053, 16.56442150000000169 48.03228639999999672, 16.56091440000000148 48.03406179999999637, 16.55743819999999999 48.0358009999999922, 16.55396340000000066 48.03755449999999882, 16.55040639999999996 48.03934849999999557, 16.54717720000000014 48.04096349999998949, 16.54389309999999824 48.04261660000000234, 16.54061110000000312 48.04427340000000157, 16.53740840000000034 48.04587500000000944, 16.53421570000000074 48.04748229999999154, 16.53103929999999977 48.04909040000000431, 16.52779509999999874 48.05071490000000267, 16.52444170000000057 48.05194350000000014, 16.52108060000000123 48.05317689999998976, 16.51720870000000119 48.05459539999999663, 16.51350479999999976 48.05595820000000629, 16.50980390000000142 48.05732110000001001, 16.50612830000000031 48.05867469999999742, 16.50280100000000161 48.05985510000000716, 16.49900020000000112 48.06126180000000403, 16.4952134000000008 48.06265459999999479, 16.49129419999999868 48.06409189999998688, 16.48728679999999969 48.06556189999999873, 16.48348539999999929 48.06693869999999436, 16.47959240000000136 48.0683680999999936, 16.47568990000000255 48.06979820000000814, 16.47177680000000066 48.07122880000000009, 16.46788069999999848 48.07265610000000322, 16.46398620000000079 48.07408710000000696, 16.46008429999999834 48.07550719999998989, 16.45844710000000077 48.07806019999999592, 16.45666749999999823 48.0808325999999866, 16.45490230000000054 48.0835802000000001, 16.45328710000000072 48.08606660000000943, 16.45167520000000039 48.08860130000000055, 16.44994600000000062 48.09127850000001558, 16.44685580000000513 48.09344370000000168, 16.4442522000000011 48.09529059999999845, 16.44175089999999884 48.0970372000000097, 16.43896020000000036 48.09902550000001042, 16.43612350000000077 48.10104089999998678, 16.43298869999999923 48.10322169999999886, 16.42995469999999969 48.10537869999999572, 16.42719680000000082 48.10733219999999477, 16.42691130000000044 48.11032550000000185, 16.42663329999999888 48.11336170000000578, 16.42635479999999859 48.11648390000000575, 16.4261076000000017 48.11914819999999793, 16.42581990000000047 48.12223459999999164, 16.42554540000000074 48.12515280000000217);119019121;2.0;"Wien Südost - Gy?r;Wien Südost - Neusiedl";220000;1;245;Austrian Power Grid AG;43108,77
LineString (16.83860140000000172 47.96071639999999547, 16.8386585999999987 47.96101769999999931, 16.83911020000000036 47.96318130000000934, 16.83957159999999931 47.96539159999999669, 16.84015559999999923 47.96818890000000124, 16.84351669999999856 47.97026859999999004, 16.84679029999999855 47.97229399999999799, 16.85017609999999877 47.97438879999999983, 16.85352359999999905 47.97645179999998533);96693012;2.0;"Wien Südost - Neusiedl;Neusiedl - Gy?r";220000;0;246A;;2195,16
LineString (17.69604209999999966 47.67277420000000632, 17.69760760000000133 47.67075479999999743, 17.69936459999999911 47.66836109999999849, 17.70139909999999972 47.66560909999999751, 17.7038454999999999 47.66295910000000902, 17.70592359999999843 47.66070419999998364, 17.70831159999999471 47.65812489999999713, 17.70510439999999974 47.65634809999999533, 17.70173529999999928 47.65448569999999506, 17.69846370000000135 47.6526771999999994, 17.69488559999999922 47.65070370000000111, 17.69112019999999674 47.64857729999999947, 17.68836699999999951 47.64637410000000273, 17.68593800000000016 47.64436469999999701, 17.68308310000000105 47.64208360000000653, 17.68003099999999961 47.63958889999998547, 17.67733679999999907 47.63742810000000816, 17.67447149999999922 47.63507890000000344, 17.67205489999999912 47.63550630000000297, 17.66866729999999919 47.63609340000000003, 17.66405789999999953 47.63689599999999302, 17.65951689999999985 47.63769539999999836, 17.65488260000000054 47.6385021999999978, 17.65065299999999837 47.63924800000000204, 17.64596560000000025 47.64005139999999727, 17.64120790000000127 47.64088229999999413, 17.63696970000000164 47.64163340000001057, 17.63237970000000487 47.64243489999999071, 17.62780759999999702 47.64323449999999127, 17.62316600000000122 47.64403380000000965, 17.62013939999999934 47.64542000000000854, 17.6166969999999985 47.64700529999999645, 17.61255870000000101 47.64889610000000175, 17.60936900000000094 47.65035830000000061, 17.60626750000000129 47.65176819999999935, 17.60308049999999724 47.65323869999998863, 17.59780599999999851 47.65565050000000014, 17.5943706000000013 47.65720550000000344, 17.59047250000000062 47.65900379999999359, 17.58648060000000157 47.66082809999999625, 17.58243399999999923 47.66267590000000354, 17.57847479999999862 47.66447159999998462, 17.57552839999999961 47.66604140000000456, 17.57212170000000029 47.66789120000000679, 17.56881100000000018 47.66967050000000228, 17.56538240000000073 47.67157290000000813, 17.56192340000000129 47.67350120000000402, 17.55852820000000136 47.67532689999999462, 17.55510389999999887 47.67723519999999837, 17.55197370000000134 47.67903960000000296, 17.54833210000000321 47.68101899999999915, 17.54495010000000121 47.68290819999999286, 17.54097889999999893 47.68500180000000199, 17.53787219999999891 47.68671169999998938, 17.53478919999999874 47.68844560000000143, 17.53135010000000094 47.69029509999999306, 17.52765959999999978 47.69232549999999549, 17.52403059999999968 47.69431269999998335, 17.52041120000000163 47.69630620000000931, 17.51688079999999914 47.69831609999999955, 17.51340060000000065 47.70020879999999153, 17.50993039999999823 47.70212240000000037, 17.50634289999999993 47.70410740000000516, 17.5027222000000009 47.70607429999999738, 17.49927020000000155 47.70798340000000337, 17.49578819999999979 47.70989980000000941, 17.49210439999999878 47.71190059999999988, 17.48853490000000122 47.71385270000000389, 17.48488310000000467 47.71584829999999045, 17.48121970000000047 47.71784859999998929, 17.47782460000000171 47.71971679999998628, 17.47414970000000167 47.72174899999999553, 17.47066230000000076 47.72366110000000816, 17.46714079999999925 47.72557419999999695, 17.46322680000000105 47.72761639999999517, 17.45992990000000233 47.72942829999999503, 17.45630609999999905 47.73141089999999309, 17.45267929999999978 47.73340590000000816, 17.44905310000000043 47.73538249999998584, 17.44543600000000438 47.73737649999999633, 17.44181580000000054 47.73935089999999093, 17.43829759999999851 47.74126649999999472, 17.43458210000000008 47.74330129999999173, 17.4311140999999985 47.74519380000000979, 17.42770970000000119 47.74707099999999826, 17.42419519999999977 47.74897670000000716, 17.42063590000000062 47.75093829999998718, 17.41685760000000016 47.75298600000000704, 17.4137659000000049 47.75472049999999058, 17.41002909999999915 47.75670419999999439, 17.40656470000000056 47.75870059999999739, 17.4027497000000011 47.7606978999999896, 17.39916519999999878 47.76266069999999075, 17.39552549999999798 47.76463099999999429, 17.39217680000000144 47.76646730000000218, 17.38864510000000152 47.7684945999999897, 17.38511240000000058 47.77045319999999151, 17.38165049999999923 47.77230670000000856, 17.37783459999999991 47.77429150000000391, 17.37422480000000036 47.7762867000000071, 17.37064170000000018 47.77823979999999437, 17.36728370000000155 47.78006269999999489, 17.36376489999999961 47.78197629999999663, 17.36059029999999836 47.78290460000000195, 17.35658010000000218 47.78413309999999825, 17.35336230000000057 47.78505599999999731, 17.34959569999999829 47.78703429999999486, 17.34551450000000017 47.78900920000000241, 17.341788600000001 47.79095270000000539, 17.33816819999999836 47.79294429999999494, 17.33444850000000059 47.79485879999999298, 17.33119399999999999 47.79656679999998659, 17.32739570000000029 47.79853409999999769, 17.32371140000000054 47.80046160000000555, 17.32001019999999869 47.8023840999999905, 17.31619450000000171 47.80437080000000094, 17.31241229999999831 47.80625409999999675, 17.30881169999999969 47.80812110000000814, 17.30515339999999824 47.81006780000000589, 17.30151150000000015 47.81193150000000003, 17.29784709999999848 47.8138495999999904, 17.29430359999999922 47.81572539999999805, 17.29055360000000263 47.81765509999998898, 17.28812209999999894 47.81890770000000401, 17.28570339999999916 47.82017419999998964, 17.28327540000000084 47.82141560000000169, 17.27962229999999977 47.82332639999999913, 17.27603189999999955 47.82521010000000672, 17.2744529 47.82603000000001003, 17.27240979999999837 47.82709080000000057, 17.26879660000000172 47.8289755999999997, 17.26515119999999825 47.83087840000000313, 17.26155490000000015 47.83276069999999436, 17.25785610000000148 47.83467789999998843, 17.25422280000000086 47.83655939999998452, 17.25048109999999824 47.83851870000000162, 17.24683429999999973 47.84041630000000822, 17.24324470000000176 47.84226329999999194, 17.23962029999999856 47.84414939999999206, 17.23607129999999898 47.84599960000000607, 17.23226280000000088 47.84797100000000114, 17.228950600000001 47.84971180000000857, 17.2253311999999994 47.85157939999999854, 17.22176220000000058 47.85343669999998895, 17.21813480000000141 47.85530820000001029, 17.21457180000000164 47.85715850000000415, 17.21091459999999884 47.85906900000000519, 17.20727910000000094 47.86096669999999165, 17.20365789999999961 47.86283860000001056, 17.20002369999999914 47.86473089999999786, 17.19621450000000351 47.86669979999999924, 17.19250519999999938 47.86863230000000158, 17.18884810000000485 47.87053240000000187, 17.18521499999999946 47.87242459999999511, 17.18161650000000051 47.87429430000000252, 17.17800550000000115 47.87615939999999881, 17.17431210000000164 47.87806309999999854, 17.17073320000000081 47.87991799999999643, 17.16708459999999903 47.8818357999999904, 17.16337319999999877 47.88373919999999373, 17.16002830000000046 47.88559029999999694, 17.15839880000000051 47.88654279999999375, 17.15521559999999823 47.8886709999999951, 17.15208600000000061 47.89089479999999099, 17.1491478000000015 47.89312389999999198, 17.1459861999999994 47.89538309999999655, 17.14286189999999976 47.8976252999999943, 17.13958269999999828 47.89996269999999612, 17.13627530000000121 47.90232569999999157, 17.13273570000000134 47.9047073999999995, 17.12945429999999902 47.90707189999999116, 17.12698320000000152 47.90884090000000128, 17.12367220000000145 47.91119329999999366, 17.1204111999999995 47.91353379999999618, 17.11734380000000044 47.91589329999999336, 17.11401619999999824 47.9182451999999941, 17.11070339999999845 47.92060490000000073, 17.10803890000000038 47.92179980000000938);614129759;2.0;;220000;2;;;59019,61
LineString (17.10803890000000038 47.92179980000000938, 17.1041521000000003 47.92183210000000315, 17.10014130000000065 47.92184889999999342, 17.09588670000000121 47.92185519999999599, 17.09172300000000178 47.92187799999999953, 17.0876778999999992 47.92189769999998816, 17.08337069999999969 47.92191909999999666, 17.07943930000000066 47.92193559999999763, 17.07503189999999904 47.92195070000000356, 17.07098609999999894 47.92197089999999804, 17.06693650000000062 47.92198789999999775, 17.06275970000000086 47.92199940000000424, 17.0583847999999989 47.92202369999998979, 17.05392129999999895 47.92204240000000937, 17.04991940000000028 47.92205909999999136, 17.04536870000000093 47.92207149999999416, 17.04100620000000177 47.92209640000000093, 17.0366983999999988 47.92211449999999928, 17.03239500000000106 47.92213249999999647, 17.02853319999999826 47.92362849999999952, 17.02464670000000169 47.92515109999999368, 17.02077549999999917 47.92665919999999602, 17.01689819999999997 47.92816899999999691, 17.01301330000000078 47.92968299999999715, 17.00908899999999946 47.93121159999999037, 17.00515359999999987 47.93274459999999237, 17.00114280000000022 47.93430599999999941, 16.99737109999999873 47.93577090000000851, 16.99351509999999976 47.93726840000000067, 16.98973579999999828 47.93874649999999349, 16.98602320000000176 47.94018989999999292, 16.98217680000000129 47.94169639999999077, 16.97845380000000048 47.94313780000000236, 16.97470660000000109 47.9446019000000021, 16.97098670000000098 47.94603589999999116, 16.9671422000000014 47.94755999999999574, 16.96337989999999962 47.9490185000000011, 16.95956070000000082 47.95050949999999546, 16.95574219999999954 47.95198750000000132, 16.95201120000000117 47.95342780000000715, 16.94824499999999645 47.95489569999998025, 16.94457039999999992 47.95632790000000512, 16.94075420000000065 47.95782309999999171, 16.93688369999999921 47.95933000000000135, 16.93275679999999994 47.96017839999998955, 16.92854099999999917 47.96104509999999976, 16.92447040000000058 47.96188189999998741, 16.92049139999999952 47.96269980000000288, 16.91637770000000174 47.96354539999999389, 16.91211390000000137 47.96442189999999073, 16.90796459999999968 47.9652748000000031, 16.9036888999999988 47.96615369999999956, 16.89953429999999912 47.96700770000000347, 16.89551859999999905 47.96783310000000711, 16.89119820000000161 47.96872109999999623, 16.88717240000000075 47.9695486000000102, 16.8830063999999993 47.97040489999999124, 16.87878170000000111 47.97127319999999884, 16.8747745000000009 47.97209679999999565, 16.87038629999999984 47.972998699999998, 16.86626000000000047 47.97384669999999574, 16.861975300000001 47.97472729999999785, 16.85774350000000155 47.9755970000000076, 16.85352359999999905 47.97645179999998533);128208610;2.0;"Wien Südost - Gy?r;Neusiedl - Gy?r";220000;2;245;Austrian Power Grid AG;20407,91
LineString (16.54591530000000077 47.84411289999999184, 16.54547030000000163 47.84387619999999686, 16.54535530000000065 47.84262920000000463, 16.54514269999999954 47.84051689999999724, 16.54494419999999977 47.83837239999999014, 16.54476019999999892 47.83638499999999283, 16.54458520000000021 47.8344945999999922, 16.54440759999999955 47.83257530000000912, 16.54421789999999959 47.83052669999999296, 16.54402490000000014 47.82844130000000149, 16.54267109999999974 47.82706240000000264, 16.54102849999999947 47.82541479999999723, 16.53840070000000395 47.82423600000000619, 16.53566470000000166 47.82300860000000142, 16.53304410000000146 47.82183300000000514, 16.53031280000000081 47.8206077000000036, 16.52783279999999877 47.81949509999999748, 16.52537239999999841 47.81839130000000182, 16.52276279999999886 47.81722049999999768, 16.52008640000000028 47.81601970000000534, 16.51726289999999864 47.814752900000002, 16.51458750000000109 47.81355249999999302, 16.51196330000000145 47.81237509999999702, 16.50919319999999857 47.8111321000000018, 16.50653630000000049 47.81063100000000077, 16.50346169999999901 47.81005100000000141, 16.50029389999999907 47.80945339999998822, 16.49706480000000042 47.80884429999998986, 16.49394260000000045 47.80825540000000018, 16.4907724999999985 47.80765739999999653, 16.48757990000000007 47.80705290000000929, 16.48451439999999835 47.80647679999999866, 16.48156900000000036 47.80592120000000733, 16.47877169999999936 47.80539350000000809, 16.47661959999999937 47.80498749999999575, 16.47465070000000154 47.80461609999998984, 16.47266580000000147 47.80424160000000455, 16.46966739999999874 47.80367590000000888, 16.46667709999999829 47.80311180000000348, 16.46376160000000155 47.80256179999999944, 16.46058550000000054 47.80196260000000308, 16.45767529999999823 47.80141349999999534, 16.45433180000000206 47.80078269999999208, 16.45123680000000022 47.80019879999998977, 16.44810379999999839 47.79960770000000281, 16.44681400000000338 47.80176420000000093, 16.44539689999999865 47.80413349999999895, 16.44391149999999868 47.8066166999999993, 16.44236569999999986 47.80920089999998623, 16.44080960000000147 47.81180220000000247, 16.43935799999999858 47.81422849999999158, 16.43781369999999953 47.81680979999998726, 16.43636629999999954 47.81922899999998577, 16.4348787999999999 47.82171499999999753, 16.43333110000000019 47.82431490000000451, 16.43171960000000098 47.82693419999999662, 16.43009650000000121 47.82969730000000652, 16.42855450000000062 47.83254589999998529, 16.42691400000000002 47.83502469999999818, 16.42532020000000159 47.83768729999999891, 16.4237327999999998 47.84024639999999096, 16.42230130000000088 47.84274349999999743, 16.42284700000000086 47.84440339999999026, 16.42342100000000116 47.84607750000000692, 16.42396659999999997 47.84778010000000137, 16.42461150000000103 47.84979659999999768, 16.42543350000000046 47.85208869999998882, 16.42629409999999979 47.85468229999999323, 16.42712579999999889 47.85707819999999657, 16.42731979999999936 47.85944049999999805, 16.42760810000000049 47.86181009999998537, 16.42790199999999956 47.86450330000000974, 16.42814200000000113 47.86695430000000329, 16.42841230000000152 47.86945499999999498, 16.42870920000000012 47.87220120000000634, 16.42901649999999947 47.87504289999998974, 16.42929840000000041 47.87776970000000176, 16.42958519999999822 47.88049649999999957, 16.42987970000000075 47.88312799999999214, 16.43015769999999875 47.88569110000000251, 16.43243989999999854 47.88781609999999489, 16.43486680000000177 47.89005159999999961, 16.43742089999999934 47.89243470000000258, 16.43998420000000138 47.89479120000000023, 16.4423250000000003 47.89694920000000167, 16.44462329999999994 47.89907089999999101, 16.44662990000000136 47.90092330000000942, 16.44883300000000048 47.90294829999999848, 16.45128959999999907 47.90520620000001628);128192856;2.0;Eisenstadt - Wimpassing;110000;1;126/6;Energie Burgenland AG;22456,54
LineString (16.44810379999999839 47.79960770000000281, 16.44484029999999919 47.79899199999999837, 16.44165380000000098 47.79839080000000706, 16.43859600000000043 47.7978139000000084, 16.4353410999999987 47.79719749999999578, 16.43216340000000031 47.79659569999999746, 16.42904120000000034 47.79600450000000222, 16.42590089999999847 47.79540980000000161, 16.42286029999999997 47.79483399999999449, 16.41964039999999869 47.79422419999999505, 16.41654469999999932 47.79363789999999312, 16.41354370000000173 47.79306960000000259, 16.41029059999999973 47.79245350000000769, 16.40712970000000226 47.79185480000000297, 16.40397259999999946 47.79125689999999338, 16.40089550000000074 47.79067409999998972, 16.39763560000000098 47.79005680000000211, 16.39487769999999855 47.78953440000000086, 16.39167989999999975 47.78892869999999249, 16.38859319999999897 47.78834410000001043, 16.38565129999999925 47.7877868999999933, 16.38243750000000176 47.78717819999999961, 16.37925290000000089 47.78657499999999914, 16.3761000999999986 47.7859778999999989);128196559;2.0;Hirm - Pöttsching;110000;1;126/65;Energie Burgenland AG;5602,12
LineString (16.18608890000000144 47.28829650000000129, 16.18481630000000138 47.2902272000000039, 16.18356659999999891 47.29211060000000089, 16.18227680000000035 47.29405700000000934, 16.18079910000000154 47.29628129999998976, 16.17878290000000163 47.29792459999998044, 16.17652359999999945 47.2997659999999911, 16.17452889999999854 47.30139170000000348, 16.1724098000000005 47.30311859999999768, 16.17075399999999874 47.30516899999999225, 16.16903920000000028 47.30729219999999913, 16.16737949999999913 47.30934729999999888, 16.16574440000000124 47.31137170000000225, 16.16403690000000282 47.31348570000000109, 16.16228339999999974 47.31565659999998985, 16.15996550000000198 47.31749700000000303, 16.15760699999999872 47.31936959999998749, 16.15538709999999867 47.32113209999999981, 16.15326639999999969 47.32281590000000193, 16.15076750000000061 47.3247996999999998, 16.14834090000000089 47.32672610000000901, 16.14587339999999926 47.32868489999999895, 16.14342939999999871 47.33062499999999773, 16.1410322000000015 47.33252790000000232, 16.14026309999999853 47.33433260000000331, 16.13944749999999928 47.33628110000000788, 16.13714309999999941 47.33817509999999373, 16.13474240000000037 47.34013409999999311, 16.13238330000000076 47.34205570000001018, 16.12998659999999873 47.34400589999999909, 16.12773520000000005 47.34584419999999483, 16.12541919999999962 47.34774120000000153, 16.12512149999999878 47.350207300000001, 16.12481239999999971 47.35262159999999909, 16.12457290000000043 47.35453909999999667, 16.12427620000000061 47.35690689999999847, 16.12400320000000065 47.35918729999999499, 16.12381660000000139 47.360656800000001, 16.12336330000000117 47.36131569999999158);122458190;1.0;Rotenturm - Pinkafeld;110000;0;127/7;Energie Burgenland AG;9634,42
LineString (16.54652970000000067 47.84416929999999013, 16.54720430000000064 47.84409129999999521);122680357;1.0;;110000;0;;;51,22
LineString (16.54679780000000022 47.84374569999999238, 16.54720430000000064 47.84409129999999521);122680356;1.0;;110000;0;;;49
LineString (16.1829970000000003 47.17342870000000232, 16.18468010000000135 47.17518159999999483, 16.18644099999999852 47.17701559999999716, 16.18797560000000146 47.17861379999999372, 16.18991679999999889 47.18063529999999872, 16.19148489999999896 47.18226829999999694, 16.19298699999999869 47.18383240000000001, 16.19378620000000168 47.18629379999999429, 16.19442529999999891 47.18826170000001952, 16.19518770000000174 47.1906093999999996, 16.19580870000000061 47.19252149999999091, 16.19629690000000011 47.1940244999999976, 16.19705959999999934 47.19637290000000007, 16.19767679999999999 47.19827300000000037, 16.19840819999999937 47.20052479999998951, 16.19919640000000172 47.20295109999999994, 16.19869690000000162 47.205169099999992, 16.19827120000000065 47.20705939999999146, 16.19778739999999928 47.20921930000000799, 16.19724250000000154 47.2116511999999986, 16.19677039999999835 47.21372259999999699, 16.19638459999999824 47.21543649999999559, 16.1958537999999983 47.21779310000000152, 16.19753259999999884 47.21966790000000458, 16.19913569999999936 47.22145799999999127, 16.20097799999999921 47.22351519999999425, 16.20249839999999963 47.22521290000000249, 16.20434669999999855 47.22727659999999617, 16.20593960000000067 47.22905519999999768, 16.20778609999999986 47.23111679999999524, 16.20956109999999839 47.23309839999999582, 16.2111376000000007 47.23495950000000221, 16.21282259999999908 47.23694869999999213, 16.21435410000000132 47.23875649999999382, 16.21615309999999965 47.2408800000000042, 16.21790969999999987 47.24295349999999871);99755944;1.0;Stegersbach - Rotenturm;110000;1;127/5;Energie Burgenland AG;8484,47
LineString (16.31538039999999867 47.07353830000000983, 16.31397559999999913 47.07191450000000543, 16.31149200000000121 47.07021780000000177, 16.30879270000000147 47.0683736999999951, 16.30632119999999929 47.066685200000002, 16.30390699999999882 47.06503590000000514, 16.30176050000000032 47.0635693000000046, 16.29950260000000029 47.06202660000000293, 16.2965163000000004 47.06175309999999001, 16.29310279999999977 47.06144049999999623, 16.28955390000000136 47.06111549999999255, 16.2851341000000005 47.0607107999999954, 16.28070729999999955 47.06030539999999718, 16.27761369999999985 47.0607734000000022, 16.27396990000000088 47.06132470000000012, 16.27026860000000141 47.06188470000000734, 16.26636350000000064 47.0624754999999837, 16.2629735999999987 47.06298840000000183, 16.25960590000000039 47.06349790000000155, 16.25629989999999836 47.06198820000000893, 16.25278270000000091 47.06038189999999588, 16.24986529999999973 47.05904959999999448, 16.24664969999999897 47.05758099999999189, 16.24333869999999891 47.05606879999999848, 16.23722240000000028 47.05500479999998475, 16.23441359999999989 47.05451610000000784, 16.23224839999999958 47.05246269999999953, 16.23008150000000072 47.05040760000000688, 16.22803499999999843 47.04846650000001773, 16.22594580000000519 47.04648489999999583, 16.22383770000000069 47.04448539999999923, 16.22194259999999844 47.04268780000001016, 16.21952530000000081 47.04039470000001444, 16.21706310000000073 47.03805899999999696, 16.21459580000000145 47.03571839999999327, 16.21308289999999985 47.0334303999999932, 16.21163280000000029 47.03123739999999486, 16.21026549999999844 47.02916950000000895, 16.20876050000000035 47.0268932000000035, 16.207240800000001 47.02459470000000152, 16.20588040000000163 47.02253689999999864, 16.20442900000000108 47.02034150000000068, 16.20288040000000152 47.0179989999999961, 16.19996330000000029 47.01620130000000586, 16.19737650000000073 47.01460159999999888, 16.19466690000000142 47.01291749999999325, 16.19194849999999875 47.01118599999998793, 16.1919234000000003 47.01075810000000388);99755931;2.0;"Rotenturm - Eltendorf;Güssing - Eltendorf";110000;1;145/6;Energie Burgenland AG;12939,15
LineString (16.38379079999999988 47.72270990000000523, 16.38417310000000171 47.72248409999999552, 16.38774610000000109 47.72108740000000182, 16.3915210000000009 47.71961169999999441, 16.39572749999999957 47.72011330000000129, 16.39973559999999964 47.7205911999999941, 16.40218949999999865 47.72225920000000343, 16.40471020000000024 47.72397250000000213, 16.40735439999999912 47.72576959999999957, 16.40979739999999865 47.72742999999999824, 16.41237250000000003 47.72916230000000581, 16.41511050000000083 47.73052080000000075, 16.41830969999999823 47.73208749999999867, 16.42175920000000033 47.73377649999999761, 16.42357859999999903 47.7346673999999922, 16.42569609999999969 47.73570419999999359, 16.42579789999999917 47.73760169999998482, 16.42595470000000191 47.73990479999999081, 16.42610769999999931 47.74232339999998942, 16.42629609999999829 47.7453036999999938, 16.42648469999999961 47.74828479999999331, 16.4266426999999986 47.75078359999999122, 16.4267953999999996 47.75319809999999165, 16.42695279999999869 47.75568589999999602, 16.42712519999999898 47.75841169999999636, 16.42928570000000121 47.76050629999999586, 16.43143189999999976 47.76258700000000346, 16.43347370000000041 47.76456649999999371, 16.43538589999999999 47.76642010000000482, 16.43893100000000018 47.76781409999999539, 16.44224330000000123 47.7691165999999896, 16.44602499999999878 47.77060360000000117, 16.44942470000000156 47.7719403999999912, 16.45292020000000122 47.77331480000000141, 16.45629690000000167 47.77464239999999052, 16.45958699999999908 47.77593600000000151, 16.46328180000000074 47.77738859999999477, 16.46647589999999894 47.77897029999998324, 16.47001630000000105 47.78072339999998519, 16.4736128000000015 47.7825041999999911, 16.47692280000000054 47.78414299999999315, 16.47827020000000076 47.78686109999999587, 16.47951929999999976 47.7893808999999905, 16.48075319999999877 47.79186969999999945, 16.48207259999999863 47.794530999999985, 16.48337439999999887 47.79715639999999155, 16.48451340000000087 47.79945369999999372, 16.4857168999999999 47.80188079999999928, 16.4870038000000001 47.80447600000000108, 16.4882288999999993 47.806946300000007, 16.49212650000000124 47.80768249999997721, 16.49596329999999966 47.80840720000000488, 16.49926800000000071 47.80903129999999379, 16.50246190000000013 47.80963460000000254, 16.50595300000000165 47.81029399999999896, 16.50940280000000016 47.81094549999999543, 16.51303379999999876 47.81257389999998964, 16.51646050000000088 47.81411069999999341, 16.5197743999999993 47.81559680000000156, 16.52322390000000141 47.81714360000000141, 16.52659339999999943 47.81865459999999501, 16.52961180000000141 47.82000810000000257, 16.53280450000000101 47.821439699999992, 16.53587320000000105 47.82281559999999132, 16.53879360000000176 47.82412510000001049, 16.54203800000000157 47.82557969999998448, 16.54435790000000139 47.82800449999999159, 16.54460269999999866 47.83061169999999862, 16.54484250000000145 47.83316539999999861, 16.54508260000000064 47.83572300000000155, 16.54528970000000143 47.83792839999999558, 16.54554080000000127 47.84060250000000281, 16.54579980000000106 47.84336050000000284);97573999;2.0;Eisenstadt - Mattersburg;110000;1;126/1;Energie Burgenland AG;20464,77
LineString (16.27380469999999946 47.80149190000000914, 16.27435050000000061 47.80115090000000322, 16.27623200000000026 47.79924729999999755, 16.27799639999999926 47.79746080000000319, 16.27985710000000097 47.7955765000000099, 16.28170250000000152 47.79370780000000707, 16.28334509999999824 47.79204439999999465, 16.2864639000000011 47.79183319999999924, 16.28954829999999987 47.79162439999998924, 16.29252179999999939 47.79142309999999583, 16.29550079999999923 47.79122139999999774, 16.29851090000000013 47.79101759999999643, 16.30157870000000031 47.79080989999999929, 16.30475780000000086 47.79059459999999149, 16.30786030000000153 47.79038450000000182, 16.30978869999999858 47.78888879999999517, 16.31192709999999835 47.78723010000000215, 16.31383650000000074 47.78574909999999676, 16.3154812999999983 47.78380240000000612, 16.31898440000000505 47.78338750000000346, 16.32186869999999956 47.78304599999999169, 16.32477899999999948 47.78270129999999227, 16.32706380000000124 47.78243069999999904, 16.33066390000000112 47.78200429999998988, 16.33380079999999879 47.78163279999998991, 16.33708259999999868 47.78124420000000327, 16.34037749999999889 47.78085389999999677, 16.34316219999999831 47.78052410000000094, 16.34580389999999994 47.78021129999999772, 16.34899130000000156 47.78081799999998935, 16.35201350000000176 47.78139330000000484, 16.3550563000000011 47.78197240000000079, 16.35774310000000042 47.78248389999999546, 16.36045700000000025 47.78300039999999171, 16.36361459999999823 47.78360150000000317, 16.36665470000000155 47.78418010000000038, 16.36968690000000137 47.78475730000000254, 16.37293479999999946 47.7853753999999924, 16.3761000999999986 47.7859778999999989, 16.37686929999999919 47.78410130000000322, 16.37770899999999941 47.78208499999999503, 16.37849389999999872 47.7801911999999902, 16.37936029999999832 47.77820250000000613, 16.38027549999999977 47.77593360000000189, 16.38109120000000019 47.77401199999998482, 16.38197260000000099 47.77191019999999355, 16.38276910000000086 47.77000190000000401, 16.38357420000000175 47.76806940000000168, 16.38449980000000039 47.76584789999999003, 16.38530700000000095 47.7638563000000147, 16.38617229999999836 47.76180529999999891, 16.38699850000000069 47.75983370000000861, 16.38787770000000066 47.75779580000000379, 16.38755300000000048 47.75580420000000004, 16.38718739999999841 47.75349929999999432, 16.38686219999999949 47.75141709999999051, 16.38658519999999896 47.74962230000000574, 16.38623580000000146 47.74740899999999755, 16.38590530000000101 47.74532489999999996, 16.38556970000000135 47.7431266999999977, 16.38528420000000096 47.74132980000000259, 16.38499120000000175 47.73945169999999649, 16.38467890000000082 47.73744020000000177);97573998;2.0;Neudörfl - Mattersburg;110000;1;126/5;Energie Burgenland AG;14243,7
LineString (16.27331099999999964 47.80203749999999729, 16.27351140000000029 47.80186390000000074);97586383;2.0;"Ternitz - Neudörfl;Neudörfl - Ebenfurth";110000;1;122/8;;24,45
LineString (16.27310770000000062 47.25250199999999268, 16.27427590000000279 47.25052359999999396, 16.27530459999999835 47.25018029999998959);99725613;1.0;Rotenturm - Pinkafeld;110000;1;127/7;;323,69
LineString (16.16664970000000068 47.27073430000000087, 16.16731980000000135 47.27234289999998396, 16.16882040000000131 47.2729718999999875, 16.17046489999999892 47.27365240000000313, 16.17283709999999886 47.27464040000000267, 16.17482070000000149 47.27546649999998607, 16.1767144000000016 47.27625519999999426, 16.17863439999999997 47.277054899999996, 16.18073770000000167 47.2779308999999941, 16.18310519999999997 47.27891679999999752, 16.18547889999999967 47.27990539999999697);99720897;1.0;Rotenturm - Pinkafeld;110000;1;127/7;Energie Burgenland AG;1796,15
LineString (16.19111059999999824 47.0107700999999949, 16.19114959999999925 47.01122989999999646, 16.19149900000000031 47.01338620000000645, 16.19193930000000137 47.01577560000001199, 16.19236649999999855 47.01809399999999783, 16.19282979999999839 47.02060859999999565, 16.19330079999999938 47.02316439999999176, 16.19369509999999934 47.02530380000000321, 16.19533420000000135 47.02682930000000994, 16.19654710000000009 47.02795810000000643, 16.19809250000000134 47.0293964000000031, 16.19910069999999891 47.03140400000000199, 16.20017539999999912 47.03354379999999679, 16.20107540000000057 47.03533559999999625, 16.20195049999999881 47.03707769999999755, 16.20136649999999889 47.03841800000000006, 16.20118069999999832 47.03907190000000327, 16.20043370000000138 47.04100730000000397, 16.19963530000000063 47.04307549999999338, 16.19886209999999949 47.04507859999998232, 16.19809619999999839 47.04706250000000978, 16.19714060000000089 47.04953770000000191, 16.19722690000000043 47.05166930000000036, 16.19729949999999974 47.0534621000000044, 16.19737020000000172 47.05520970000000602, 16.19815369999999888 47.05759050000001054, 16.19886029999999977 47.05973720000000782, 16.19962040000000059 47.06204659999999507, 16.20023649999999904 47.06391849999999977, 16.20096189999999936 47.06612220000000235, 16.20160299999999864 47.06806980000000351, 16.20218739999999968 47.06984500000000793, 16.20279520000000062 47.07169139999999175, 16.2034185000000015 47.07358459999999667, 16.20534640000000337 47.07518499999999761, 16.2072870999999985 47.07679610000000991, 16.20919999999999916 47.07838399999999979, 16.21125299999999925 47.08008820000000583, 16.21317230000000009 47.08168130000000673, 16.21517259999999894 47.08334159999999713, 16.21725509999999915 47.08507010000001713, 16.21709510000000165 47.0871377999999936, 16.21694000000000102 47.08914099999999792, 16.21472770000000097 47.09068919999999281, 16.21270330000000115 47.09210589999999996, 16.21035799999999938 47.09374709999999453, 16.20785120000000035 47.09550120000000106, 16.20558570000000032 47.09708650000001029, 16.20327479999999909 47.09870349999999917, 16.20236410000000049 47.10092239999999464, 16.20147109999999913 47.10309779999999336, 16.20053479999999979 47.10537899999999212, 16.19966030000000146 47.10750949999999904, 16.19861780000000095 47.11004899999999651, 16.19774839999999827 47.11216680000000423, 16.19689010000000096 47.11425739999999251, 16.19596819999999937 47.11650299999999447, 16.1952216 47.11832129999999808, 16.19445699999999988 47.12018359999999717, 16.19373729999999867 47.12193630000000155, 16.19299290000000013 47.12374919999999179, 16.1920932999999998 47.12593999999999994, 16.19116419999999934 47.12820239999999927, 16.1903649999999999 47.13014879999999351, 16.18997399999999942 47.13244649999999325, 16.18959269999999862 47.13468739999999713, 16.18922980000000322 47.13681960000000259, 16.18888649999999885 47.13883689999999405, 16.18856309999999965 47.14073729999999784, 16.18823390000000018 47.14267170000000107, 16.18790860000000009 47.14458319999999958, 16.18755700000000175 47.14664890000000241, 16.18717619999999968 47.14888619999999975, 16.18679189999999934 47.15114400000000217, 16.18638079999999846 47.15355919999999657, 16.18599640000000051 47.15581700000000609, 16.18560670000000101 47.15810630000000003, 16.18516629999999878 47.16069320000000431, 16.1848142000000017 47.16276080000000093, 16.1844329000000009 47.1650008000000085, 16.18408829999999909 47.16702420000000018, 16.18373920000000155 47.16907450000000779, 16.18332810000000066 47.17148900000000822, 16.1829970000000003 47.17342870000000232);97224230;1.0;Stegersbach - Eltendorf;110000;1;127/6;Energie Burgenland AG;19313,74
LineString (16.27537710000000004 47.24991889999999728, 16.27469299999999919 47.24925759999999997, 16.27397069999999957 47.24676740000001018, 16.27684969999999964 47.24468310000001026, 16.27964589999999845 47.24271470000000761, 16.28218700000000041 47.24084760000000216, 16.2848360999999997 47.23892079999999538, 16.28755250000000032 47.23695659999999918, 16.29034329999999997 47.23495960000001048, 16.29364019999999869 47.23323849999999169, 16.29693659999999866 47.23151500000000169, 16.29995819999999895 47.2299194, 16.30342249999999993 47.22809420000000813, 16.30692279999999883 47.22629390000000882, 16.31026719999999841 47.22450949999999636, 16.31173559999999867 47.22179030000000211, 16.31325569999999914 47.2190649999999934, 16.3147385000000007 47.21636190000000255, 16.31617830000000069 47.21369789999999966, 16.31765899999999903 47.21108499999999708, 16.3190603000000003 47.20854760000000283, 16.32040530000000089 47.20587650000000934, 16.32185259999999971 47.20335680000000167, 16.32321030000000306 47.20091530000001256, 16.3245137999999983 47.19850360000000933, 16.32585710000000034 47.19605770000000433, 16.32409399999999877 47.19365779999999688, 16.32222270000000108 47.19112560000000656, 16.32045709999999872 47.18861430000000468, 16.31880040000000065 47.18636559999999491, 16.31704399999999922 47.18395120000000276, 16.3155633999999985 47.18192299999999051, 16.31374530000000078 47.17945559999998295, 16.31210300000000046 47.17671109999999146, 16.31050349999999938 47.17398430000001497, 16.30916179999999827 47.17169649999999592, 16.30763389999999902 47.16918589999998801, 16.30615680000000012 47.16665029999999348, 16.30462699999999998 47.16416339999999252, 16.30317409999999967 47.16174330000000481, 16.30167589999999933 47.15907069999999379, 16.30020359999999968 47.15660840000001031, 16.29869550000000089 47.15400240000000309, 16.29725270000000137 47.15162929999999619, 16.29720939999999985 47.14917709999999573, 16.29715559999999996 47.1464763999999974, 16.29712710000000087 47.1437939000000128, 16.29708600000000018 47.14119469999999268, 16.29702359999999928 47.13865059999999829, 16.29698139999999995 47.13609410000000821, 16.29693710000000095 47.13356369999999629, 16.29688720000000046 47.13115450000000806, 16.29685059999999908 47.12838810000000223, 16.29681409999999886 47.12605829999998264, 16.29700719999999947 47.12354029999999483, 16.29716919999999902 47.1213055000000054, 16.29733630000000133 47.11891270000000276, 16.29756340000000137 47.11600870000000185, 16.29773640000000157 47.11355470000000167, 16.29792949999999863 47.11104310000000339, 16.29812790000000078 47.10832539999998403, 16.299813400000005 47.10596730000000321, 16.30160740000000175 47.10342739999998685, 16.30314080000000132 47.1012898999999976, 16.30464740000000035 47.09914539999999761, 16.30645140000000026 47.0966029000000006, 16.30830020000000147 47.09398610000001639, 16.30921670000000034 47.09135469999998946, 16.31010009999999966 47.08878359999999219, 16.31102140000000134 47.08614339999999032, 16.31202319999999872 47.08324449999999928, 16.31290650000000042 47.08068779999999975, 16.3137648999999989 47.07824099999999845, 16.31464049999999943 47.07569880000000495, 16.31538039999999867 47.07353830000000983);97218203;2.0;"Rotenturm - Güssing;Rotenturm - Eltendorf";110000;1;145/5;Energie Burgenland AG;21775,1
LineString (16.19221770000000049 47.01027799999999957, 16.19203549999999936 47.00973330000000772, 16.19149949999999905 47.00703829999999783, 16.19095970000000051 47.00432419999999922, 16.19040289999999871 47.00152419999999864, 16.18980309999999889 46.99850799999999396, 16.18914210000000509 46.99555649999999929, 16.18872019999999878 46.99335209999999563, 16.18826560000000114 46.99100519999999648, 16.18782470000000018 46.98867039999998951, 16.18735840000000081 46.98621260000000177, 16.18687630000000155 46.98371050000000082, 16.18758559999999846 46.98021159999999696, 16.1878327000000013 46.97904220000000208, 16.18722950000000083 46.97697930000000355, 16.1865729000000016 46.97471020000001118, 16.18327509999999947 46.97328399999999959, 16.18266930000000059 46.97051210000000054, 16.18202050000000014 46.96766469999999316, 16.18140430000000052 46.96478070000000571, 16.18079639999999841 46.96212480000000511, 16.18030350000000084 46.95989400000000558, 16.17879070000000041 46.95807409999998328, 16.17713499999999982 46.95608220000000443, 16.1772777000000012 46.95383750000000589, 16.17743839999999977 46.95131119999999214, 16.17759870000000078 46.94879099999999283, 16.17775699999999972 46.94630049999999954, 16.17682990000000132 46.94412459999999498, 16.17588960000000142 46.94191770000000474, 16.17488279999999889 46.93955480000000335, 16.17402639999999892 46.93754470000000367, 16.17048460000000176 46.93640750000000139, 16.16686779999999857 46.93524620000000169, 16.16325390000000084 46.93408569999999003, 16.15972730000000013 46.93295330000000121, 16.15589020000000531 46.93172119999999126, 16.15189379999999986 46.93043790000000115, 16.14838160000000045 46.92931010000000214, 16.14457660000000061 46.92921650000000255, 16.14033380000000051 46.92911219999999162, 16.13612380000000002 46.92900860000001018, 16.13225999999999871 46.92891360000000844, 16.12867320000000149 46.92882649999999956, 16.12835409999999925 46.92882980000000259);97226006;2.0;Eltendorf - Jennersdorf;110000;1;145/9;Energie Burgenland AG;12068,58
LineString (16.54720430000000064 47.84409129999999521, 16.5510382000000007 47.84325509999999326, 16.55501209999999901 47.84238849999999843, 16.55904290000000145 47.84150929999999846, 16.56289710000000071 47.84067619999999721, 16.56671910000000025 47.83984370000000297, 16.57054229999999961 47.8389924000000093, 16.57416770000000028 47.83916419999999192, 16.57770119999999991 47.83933220000000119, 16.58124169999999964 47.83950839999999971, 16.58523359999999869 47.83968100000000589, 16.58945059999999927 47.83988659999999982, 16.59361549999999852 47.8407543000000004, 16.59775859999999881 47.84162340000001024, 16.60193209999999908 47.8424837000000025, 16.60614689999999882 47.84335720000000691, 16.61011410000000055 47.84418979999998811, 16.61399039999999871 47.84508350000000121, 16.61805310000000091 47.84602999999999895, 16.62215279999999851 47.84696629999999828, 16.62615460000000311 47.84790120000000968, 16.63005910000000043 47.84881279999999748, 16.6341132000000016 47.84974499999998443, 16.63719559999999831 47.85187449999999387, 16.64026439999999951 47.85399449999999888, 16.64335309999999879 47.85612819999999346, 16.6465229999999984 47.85831789999999586, 16.64956400000000158 47.86041839999999326, 16.65264619999999951 47.86254729999999569, 16.65569659999999885 47.86465419999998261, 16.65878749999999897 47.86678899999999715, 16.65960009999999869 47.86945180000000022, 16.66041279999999958 47.87211460000000329, 16.66122479999999939 47.8747753999999901, 16.66200500000000417 47.87733139999999565, 16.66280379999999894 47.87994849999999758, 16.66362349999999992 47.88263389999999475, 16.66443100000000399 47.88527919999999938, 16.66529110000000102 47.88809629999998663, 16.66889300000000418 47.88978569999999024, 16.67271609999999882 47.89157870000000372, 16.67632390000000342 47.8932707000000093, 16.68001680000000064 47.89500259999998377, 16.68368600000000157 47.89672329999999789, 16.68735639999999876 47.89844449999999654, 16.69100800000000007 47.90015679999999065, 16.69469270000000449 47.90188460000000248, 16.69736130000000074 47.90400650000000837, 16.70001299999999844 47.90611499999998557, 16.7027189000000007 47.90826630000000108, 16.70546119999999846 47.91044660000000022, 16.70823199999999886 47.91264939999999939, 16.71095910000000018 47.91481750000000517, 16.71369130000000069 47.91698939999999851, 16.71636069999999918 47.9191112999999973, 16.71915329999999855 47.92133109999999618, 16.72240359999999981 47.92311639999999784, 16.7256387999999987 47.9248932999999937, 16.7288786000000016 47.92667279999999863, 16.73212870000000052 47.92845779999998257, 16.7353568000000017 47.93023070000000985, 16.73859949999999941 47.93201150000000155, 16.74182749999999942 47.933784100000004, 16.74509259999999955 47.93557719999999733, 16.74834669999999903 47.93736410000000348, 16.75204829999999845 47.93894589999999312, 16.75586110000000062 47.940575299999999, 16.75960540000000165 47.94217529999999527, 16.76333640000000003 47.94376960000000309, 16.76711930000000095 47.94538609999999323, 16.77089159999999879 47.9469978999999995, 16.77469370000000026 47.94862239999999787, 16.77835149999999942 47.95018519999999995, 16.78250200000000092 47.95108159999999486, 16.78675679999999915 47.95201740000000257, 16.79099109999999939 47.95293550000000238, 16.79523409999999828 47.95386330000000896, 16.79932910000000135 47.95475509999999986, 16.80358299999999971 47.95567470000000299, 16.80769460000000137 47.95657349999999752, 16.81103630000000138 47.95728780000000313, 16.81491400000000169 47.95811199999999985, 16.81863459999999932 47.95890410000000514, 16.82250640000000175 47.95972210000000047, 16.82605290000000053 47.9604809000000003, 16.82990279999999927 47.96129719999999708, 16.83213509999999857 47.96106539999999541, 16.83557100000000162 47.96070590000000067);96689253;2.0;Neusiedl - Eisenstadt;110000;1;126/8;Energie Burgenland AG;27290,75
LineString (16.31538039999999867 47.07353830000000983, 16.31680809999999937 47.0733776000000077, 16.31747820000000004 47.07361239999999469);97217195;0;"Rotenturm - Güssing;Güssing - Eltendorf";110000;1;145/5;BEWAG;167,05
LineString (16.59760430000000042 47.59616989999999248, 16.59751569999999887 47.59600790000000359);97207884;1.0;;110000;1;148/1;Energie Burgenland AG;19,2
LineString (16.26973320000000101 47.81513960000000196, 16.27367669999999933 47.8142610000000019, 16.2772837999999993 47.81345599999999507, 16.2809077000000002 47.81263870000000793, 16.28462760000000031 47.81178799999999995, 16.28700339999999969 47.81001479999999759, 16.28954639999999898 47.80806379999999223);96358431;2.0;"Ternitz - Wiener Neustadt;Wiener Neustadt - Ebenfurth";110000;1;122/7;Austrian Power Grid AG;1729,87
LineString (16.06522379999999828 47.70748599999999584, 16.06575030000000126 47.70778529999999051, 16.06756770000000145 47.7082539999999895, 16.06989390000000029 47.70889319999999145, 16.07294119999999893 47.70925680000000568, 16.07589090000000098 47.70968640000000249, 16.0788119000000016 47.71011189999999402, 16.08178140000000056 47.71053299999999098, 16.08473389999999981 47.71096370000000064, 16.0874623000000021 47.71134560000000135, 16.09033270000000115 47.71176450000000102, 16.09345610000000093 47.7122012999999896, 16.09577249999999893 47.71353219999999595, 16.0984115999999986 47.71504849999999465, 16.10080019999999834 47.71642070000000757, 16.1032061000000013 47.71780290000000235, 16.1056714999999997 47.71921919999999773, 16.10819950000000134 47.72067140000000052, 16.11134489999999886 47.72102539999999493, 16.11429680000000175 47.72129499999999069, 16.11723870000000147 47.721597299999992, 16.11987149999999858 47.72185369999999693, 16.12240230000000096 47.72213789999999989, 16.12545989999999918 47.72243159999999307, 16.12813269999999832 47.72270259999999098, 16.13095200000000062 47.72299730000000295, 16.13367029999999858 47.72327039999998988, 16.13657570000000163 47.72354209999999597, 16.13888999999999996 47.72466179999998559, 16.14156690000000083 47.72594300000000089, 16.1437185999999997 47.7269812999999985, 16.14591739999999831 47.72803830000000147, 16.14844850000000065 47.72925479999999965, 16.15079730000000069 47.73038629999999216, 16.15337219999999974 47.73162740000000781, 16.15591849999999852 47.73285820000000257, 16.15851019999999849 47.73385449999998542, 16.16182279999999949 47.73511990000000793, 16.16490329999999886 47.73476169999999996, 16.16773189999999971 47.73535929999999894, 16.17015990000000158 47.73584410000000133, 16.17299870000000084 47.73627369999999814, 16.1760079999999995 47.73664949999999152, 16.17892170000000007 47.73706710000000442, 16.18193240000000088 47.73749850000000094, 16.18490299999999849 47.73793250000000654, 16.1878889000000008 47.73835459999999387, 16.19093930000000015 47.73879199999998946, 16.19398680000000112 47.73922700000000674, 16.19690530000000095 47.73964399999999841, 16.19960860000000125 47.74002830000001296, 16.20282200000000117 47.74048520000000195, 16.20618569999999892 47.74096339999998406, 16.20960589999999968 47.74144620000000572, 16.21283809999999903 47.74190020000000345, 16.21533510000000078 47.74309499999999673, 16.21765369999999962 47.74443060000000116, 16.2199434999999994 47.74574109999999649, 16.22221150000000023 47.74704330000000141, 16.22454739999999873 47.74837789999999416, 16.22676039999999986 47.7496444000000011, 16.22915330000000012 47.75101370000000145, 16.23153590000000079 47.75237719999999086, 16.23383409999999927 47.75369229999999732, 16.2358633999999995 47.75485350000000295, 16.2379475000000042 47.75604609999999184, 16.24019690000000082 47.75733319999999082, 16.24232849999999928 47.75855289999999798, 16.24442200000000014 47.75975079999999906, 16.2462680000000006 47.76080699999999268, 16.24850370000000055 47.76206689999999355, 16.24902420000000092 47.76358629999999295, 16.24962490000000059 47.76534000000000191, 16.25022650000000013 47.76709619999999035, 16.25091450000000037 47.76910420000000812, 16.25160389999999921 47.77111649999999798, 16.25228720000000493 47.77311079999999777, 16.25296040000000275 47.77507569999999504, 16.25354899999999958 47.77679369999999892, 16.25411700000000081 47.77845140000000157, 16.25468229999999892 47.78010100000000904, 16.25533910000000049 47.78201770000000437, 16.25607910000000089 47.78417739999999725, 16.25674700000000072 47.78612619999999822, 16.25731680000000168 47.78778880000000839, 16.25798269999999945 47.78973179999999843, 16.25865419999999872 47.79169109999999421, 16.25922740000000033 47.79336330000000288, 16.2598622000000006 47.7952155999999988, 16.26150279999999881 47.79632290000000694, 16.26361560000000139 47.79772740000000653, 16.26583420000000046 47.79920960000000463, 16.26822459999999992 47.80022169999999448, 16.27054740000000166 47.80120529999999945, 16.27331099999999964 47.80203749999999729);83650480;2.0;"Ternitz - Wiener Neustadt;Ternitz - Neudörfl";110000;1;122/7;Austrian Power Grid AG;20549,14
LineString (16.42039469999999923 47.55684959999999251, 16.42055660000000117 47.55659940000001029, 16.42245450000000062 47.55450270000000046, 16.4242373999999991 47.55253299999999683, 16.4259574999999991 47.55063249999999186, 16.42807469999999981 47.54829319999998916, 16.43017409999999856 47.5459735999999964, 16.43243040000000121 47.54348040000000708, 16.43573220000000035 47.54175130000000138, 16.43736159999999913 47.53972729999998847, 16.44072279999999964 47.53808819999999713, 16.44346769999999935 47.53674970000000144, 16.44605230000000162 47.53548920000000066, 16.44892249999999834 47.53408949999999322, 16.45144739999999928 47.53285809999999145, 16.45580509999999919 47.52952779999999677, 16.45763489999999862 47.52745329999999058, 16.45955019999999891 47.52528180000000191, 16.46162610000000015 47.52292810000000145, 16.46334059999999866 47.52098399999999145, 16.4652674999999995 47.51879910000000251, 16.46741490000000141 47.51636409999998989, 16.46793339999999972 47.51399289999998388, 16.46850570000000147 47.5113754000000057, 16.46893620000000169 47.50940639999999604, 16.46948130000000177 47.50691309999999845, 16.46998839999999831 47.50470570000000947, 16.47281489999999948 47.50313669999999178, 16.47598980000000068 47.50138009999999156, 16.47901420000000172 47.49970669999999018, 16.48204080000000005 47.49803209999999609, 16.48517169999999865 47.49629959999999329, 16.48817590000000166 47.49463730000000794);94372537;2.0;;110000;0;127/1;Energie Burgenland AG;8895,82
LineString (16.4196604999999991 47.55658679999999805, 16.41985109999999892 47.55631789999999626, 16.4196409999999986 47.55472219999999339, 16.41945090000000107 47.5529761000000093, 16.41925859999999915 47.55154809999999799, 16.41758090000000081 47.55084140000000303, 16.41580330000000032 47.55008300000000077, 16.41386879999999948 47.54928289999999436, 16.41171130000000034 47.54840839999999957, 16.41030220000000028 47.54844479999999862);94365191;1.0;;110000;1;127/0;Energie Burgenland AG;1337,96
LineString (16.41963120000000131 47.55685639999999381, 16.41918060000000068 47.55745650000000069, 16.41765489999999872 47.55960350000000147, 16.4178405000000005 47.56239229999999196, 16.4179421000000012 47.56471990000000716, 16.41807419999999951 47.56745520000000482, 16.4182383999999999 47.57037589999999483, 16.4183513000000012 47.57294399999999968, 16.41848459999999932 47.5752662000000015, 16.41861469999999912 47.57793379999999672, 16.41875160000000022 47.5806821000000042, 16.41776649999999904 47.58305060000000708, 16.416798 47.58541499999998337, 16.4158760000000008 47.58763319999999908, 16.41352290000000025 47.5900250999999983, 16.41118399999999866 47.59243779999999191, 16.40882039999999975 47.59483769999999936, 16.40647769999999994 47.59723350000000863, 16.40417719999999946 47.59956620000000527, 16.4018884000000007 47.60189050000000321, 16.3996245000000016 47.60419350000000804, 16.39739170000000001 47.60644520000000313, 16.39508079999999879 47.60880709999999283, 16.3928465999999986 47.61110579999999715, 16.3920338000000001 47.61349119999999857, 16.39122060000000047 47.61594939999999099, 16.39030629999999888 47.61859489999998374, 16.38942139999999981 47.62125479999998845, 16.38859349999999893 47.62372079999999386, 16.3895370999999983 47.6261139, 16.39038169999999894 47.62828040000000129, 16.39131340000000137 47.63064860000000067, 16.39215859999999836 47.63280449999999178, 16.39301700000000039 47.6349948000000083, 16.39397609999999972 47.63744340000000221, 16.39472149999999928 47.63970590000000271, 16.39544169999999923 47.6419093000000089, 16.39630239999999972 47.64450079999999588, 16.39900319999999923 47.6476410999999942, 16.40087940000000089 47.64905399999999247, 16.40140590000000032 47.65162349999998526, 16.40189990000000009 47.65399219999999758, 16.40236020000000039 47.65619880000000563, 16.40282750000000078 47.65839860000000527, 16.40128179999999958 47.66086810000000185, 16.39962690000000123 47.6634974999999983, 16.39777739999999895 47.66638230000000931, 16.39656340000000156 47.66838399999999609, 16.39495420000000436 47.6708375999999916, 16.39376559999999827 47.67266080000000272, 16.39218729999999979 47.67519409999998459, 16.39069740000000053 47.67835499999999627, 16.39212500000000006 47.68120969999999659, 16.39358130000000102 47.68410130000001601, 16.39503059999999834 47.68699859999999546, 16.39655180000000101 47.69006869999998344, 16.397893100000001 47.6927206999999953, 16.39609779999999972 47.69526240000000428, 16.39431439999999895 47.69769759999999792, 16.39391309999999891 47.70056000000000296, 16.39354880000000136 47.70345589999999447, 16.39317249999999859 47.70644440000000941, 16.39277780000000106 47.70938650000000081, 16.39248459999999952 47.71179360000000713, 16.39220260000000451 47.71418009999999299, 16.39190560000000119 47.71653049999999752, 16.3892181999999984 47.71821369999999973, 16.38630179999999825 47.72007620000000117, 16.38340219999999903 47.72191169999999261, 16.38291480000000178 47.72218730000000164);83424893;2.0;Markt Sankt Martin - Mattersburg;110000;0;126/3;Energie Burgenland AG;19824,68
LineString (17.02617509999999967 48.03910279999999489, 17.02579730000000069 48.03880379999998951, 17.02339870000000133 48.03622990000000215, 17.02130770000000126 48.03398619999999397, 17.01934629999999871 48.03188129999999489, 17.01742120000000114 48.02981519999999449, 17.01616890000000026 48.02700059999999382, 17.0148963000000002 48.02414019999999795, 17.0135733000000009 48.02116630000000441, 17.01228589999999841 48.01827209999999724, 17.01104079999999996 48.01547310000000834, 17.00975710000000163 48.01258689999999518, 17.00845089999999971 48.0096502999999899, 17.00719000000000491 48.00681509999999008, 17.00315390000000093 48.00572480000000297, 16.9991720000000015 48.00464910000001595, 16.99553249999999949 48.00366580000000027, 16.99144480000000001 48.00256149999999167, 16.98755249999999606 48.00150989999999496, 16.98342110000000105 48.0003936999999965, 16.97953120000000027 47.99934280000000086, 16.97563650000000024 47.99829050000000308, 16.97195280000000039 47.99729519999999638, 16.96859609999999918 47.99638819999999839, 16.9644598000000002 47.99527059999999778, 16.9606230999999994 47.99423389999999756, 16.95722870000000171 47.99331670000000116, 16.95327819999999974 47.99224920000000338, 16.9500725999999986 47.99138300000000612, 16.94662350000000117 47.98965499999999196, 16.94321289999999891 47.98794620000000322, 16.93951410000000024 47.98609299999998257, 16.93596189999999879 47.98431309999998717, 16.93234209999999962 47.9824994000000018, 16.92883980000000221 47.98074440000000607, 16.92542260000000098 47.97903199999998947, 16.92157119999999892 47.9777427000000003, 16.91761269999999939 47.97641749999999661, 16.91380600000000101 47.97514309999998972, 16.9099687000000003 47.97385840000001167, 16.90614160000000155 47.9725771000000023, 16.90240530000000163 47.97133319999999657, 16.89894680000000093 47.96944210000000908, 16.89634819999999849 47.96802470000000795, 16.89374559999999903 47.96660510000000244, 16.89066599999999951 47.96492640000000307, 16.88694339999999983 47.9639390999999975, 16.88304610000000139 47.96292170000001676, 16.87934569999999823 47.96192729999999216, 16.87571020000000033 47.9609445999999835, 16.87210640000000339 47.95998730000000165, 16.86884549999999905 47.95912669999999167, 16.86587340000000168 47.95833399999999358, 16.86197539999999861 47.95868219999999837, 16.85800430000000105 47.95903020000000083, 16.85391630000000163 47.95939389999999491, 16.84953330000000449 47.95978339999998497, 16.84521249999999881 47.96016809999999708, 16.84121130000000122 47.96051969999999898, 16.84034499999999923 47.96051499999999379);83378772;2.0;Neusiedl - Pama;110000;1;148/3;Energie Burgenland AG;17742,78
LineString (16.88920149999999865 47.98793679999999284, 16.88957279999999983 47.98575890000000044, 16.88994280000000003 47.98366220000000482, 16.89030530000000141 47.9814430999999928, 16.89254620000000173 47.97957419999999473, 16.89474990000000076 47.97773639999999773, 16.89727669999999904 47.97562909999999903, 16.89979960000000148 47.97352500000000219, 16.90231659999999891 47.97142560000000344, 16.90240530000000163 47.97133319999999657);83378753;1.0;;110000;1;148/35;;2168,59
LineString (16.83893570000000039 47.95999719999999655, 16.83955609999999936 47.95996749999999764, 16.84348419999999891 47.95928239999999931, 16.84804099999999849 47.95847930000000048, 16.85172910000000002 47.95782959999998951, 16.85574240000000046 47.95713350000000474, 16.85925209999999907 47.95487490000000719, 16.86238420000000104 47.95285909999999774, 16.86537990000000065 47.95093109999999115, 16.86814620000000176 47.94915059999999585, 16.87079879999999932 47.94741509999999352, 16.87356820000000113 47.94524730000000545, 16.87644769999999994 47.94296380000000823, 16.87932809999999861 47.94067949999999456, 16.88213640000000026 47.93845230000000157, 16.88490069999999932 47.93625980000000197, 16.88771519999999882 47.93402750000000623, 16.88765069999999824 47.92980709999999789, 16.88761099999999971 47.92721610000000965, 16.88756599999999963 47.92427260000000189, 16.88750720000000172 47.92042510000000988, 16.88745150000000095 47.91678830000000033, 16.88738569999999939 47.91248229999999353, 16.88732549999999932 47.90854539999999417, 16.88730190000000064 47.90592010000001011, 16.88724300000000156 47.9031532999999996, 16.88620279999999951 47.90016929999999462, 16.88518699999999839 47.89725510000000241, 16.88415679999999952 47.89429959999999653, 16.88315730000000059 47.89143190000000061, 16.88210279999999841 47.88840649999999499, 16.88108319999999907 47.8854808000000105, 16.88006980000000112 47.88257290000000665, 16.87902890000000156 47.87957629999998943, 16.87802759999999935 47.87669960000000202, 16.8769859000000011 47.87370639999999611, 16.87597159999999619 47.87075829999999144, 16.87493449999999839 47.86776640000000071, 16.87399410000000088 47.8649602999999928, 16.87294250000000062 47.86202430000000163, 16.87190470000000175 47.85909689999999728, 16.87500119999999981 47.85677110000001022, 16.87797180000000097 47.85453970000000368, 16.88063199999999853 47.85254139999999978, 16.88370589999999893 47.85023230000000893, 16.88672169999999895 47.84795899999999591, 16.89083049999999986 47.84707499999998959, 16.89503990000000044 47.84615660000000048, 16.89924949999999981 47.84525630000000262);82189163;2.0;Neusiedl - Frauenkirchen;110000;1;127/8;Energie Burgenland AG;15916,65
LineString (16.59751569999999887 47.59600790000000359, 16.59578929999999986 47.59335980000000177, 16.59404470000000131 47.59067050000000165, 16.5924201999999994 47.58814370000000338, 16.5908483000000011 47.58572300000000155, 16.58902790000000138 47.58289199999999397, 16.58737729999999999 47.5803307999999916, 16.58707259999999906 47.57750150000000389, 16.58675750000000093 47.57461490000000026, 16.58648170000000022 47.57198439999999096, 16.5862121000000009 47.56942229999999228, 16.58591630000000094 47.56661090000000058, 16.58568950000000086 47.56430149999999202, 16.58462820000000093 47.56240929999999878, 16.58343400000000045 47.56022190000000904, 16.58220839999999896 47.55797429999999082, 16.58098740000000149 47.55573499999999143, 16.57952969999999837 47.55304089999999206, 16.5781981000000016 47.55057870000000264, 16.57681350000000009 47.54806119999999225, 16.5754431000000011 47.54556620000000322, 16.5740823000000006 47.54305639999998334, 16.57271430000000123 47.54056129999999314, 16.57128240000000119 47.537901799999986, 16.56981230000000238 47.5351871000000088, 16.56833999999999918 47.53249180000000251, 16.56689659999999975 47.52984329999999602, 16.56553699999999907 47.52753340000000293, 16.56412519999999944 47.52469459999999657, 16.5634408999999998 47.52253350000000864, 16.56258109999999917 47.51974689999999413, 16.56168239999999869 47.51690039999999016, 16.56088670000000107 47.51432789999999073, 16.56008579999999952 47.51173880000000338, 16.55930180000000007 47.50920399999998978, 16.55849419999999839 47.50659260000000472, 16.55772969999999944 47.50412059999999315, 16.5568452999999991 47.50126059999999484, 16.55360479999999868 47.49951299999999321, 16.5507559999999998 47.49797640000000598, 16.54788149999999902 47.49642610000000076, 16.54468040000000073 47.49469940000000179, 16.54157800000000123 47.49299899999999752, 16.54020609999999891 47.49028109999999714, 16.53897969999999873 47.48780930000000211, 16.537879199999999 47.48559099999999944, 16.53507450000000034 47.48345250000000561, 16.53228280000000083 47.48132380000000552, 16.52898790000000062 47.48048150000000334, 16.52547300000000163 47.48175390000000817, 16.52159359999999921 47.48317920000000925, 16.5178604 47.4845211999999961, 16.5142735000000016 47.48582169999999536, 16.51120999999999839 47.48692439999999948, 16.50799260000000146 47.48810509999999852, 16.50470579999999998 47.48928579999999755, 16.50114969999999914 47.49058610000000158, 16.49779369999999901 47.49178749999999383, 16.4941759999999995 47.49310859999999934, 16.4906322000000003 47.4943876999999901);320719720;2.0;;110000;1;148/1;Energie Burgenland AG;17561,06
LineString (16.38400340000000099 47.73353919999998851, 16.38376230000000078 47.73157540000000409, 16.38342099999999846 47.72943879999999695, 16.38307470000000166 47.72727049999999593, 16.38275619999999932 47.72520250000000175, 16.38244810000000129 47.72317490000000362, 16.3831485999999984 47.72283089999999817);324210696;2.0;Neudörfl - Mattersburg;110000;1;126/5;Energie Burgenland AG;1222,97
LineString (16.59772290000000083 47.59613009999998923, 16.59751569999999887 47.59600790000000359);320719721;1.0;;110000;1;148/2;Energie Burgenland AG;20,67
LineString (16.48817590000000166 47.49463730000000794, 16.48891569999999973 47.49473379999999167);152327797;1.0;;110000;0;;Energie Burgenland AG;56,75
LineString (16.4906322000000003 47.4943876999999901, 16.49007569999999845 47.49421869999999757);152327775;1.0;;110000;1;;Energie Burgenland AG;45,94
LineString (16.4906322000000003 47.4943876999999901, 16.49001790000000156 47.49428879999999253);152327774;1.0;;110000;1;;Energie Burgenland AG;47,56
LineString (16.89924949999999981 47.84525630000000262, 16.89978939999999952 47.84484239999999033);159954883;1.0;Neusiedl - Frauenkirchen;110000;1;127/9;Energie Burgenland AG;61,24
LineString (16.48817590000000166 47.49463730000000794, 16.48896110000000093 47.49466549999999643);152327798;1.0;;110000;0;;Energie Burgenland AG;59,23
LineString (16.54579980000000106 47.84336050000000284, 16.54621530000000007 47.84365399999999369);174502103;1.0;Eisenstadt - Mattersburg;110000;1;;Energie Burgenland AG;45,07
LineString (16.83557100000000162 47.96070590000000067, 16.83627960000000101 47.96050739999999735);171066712;1.0;Neusiedl - Eisenstadt;110000;1;126/8;Energie Burgenland AG;57,33
LineString (16.83557100000000162 47.96070590000000067, 16.83634610000000009 47.96078339999998263);171066711;1.0;Neusiedl - Eisenstadt;110000;1;126/9;Energie Burgenland AG;58,51
LineString (16.89924949999999981 47.84525630000000262, 16.89988310000000027 47.84490479999999479);159954890;1.0;Neusiedl - Frauenkirchen;110000;1;127/8;Energie Burgenland AG;61,44
LineString (16.54579980000000106 47.84336050000000284, 16.54633469999999917 47.84344069999999505);174502108;1.0;Eisenstadt - Mattersburg;110000;1;;Energie Burgenland AG;41,01
LineString (16.45204490000000064 47.90526119999999821, 16.45128959999999907 47.90520620000001628);128198345;1.0;;110000;1;;Energie Burgenland AG;56,78
LineString (16.45189290000000071 47.90506280000001027, 16.45128959999999907 47.90520620000001628);128198346;1.0;;110000;1;;Energie Burgenland AG;47,83
LineString (16.28954639999999898 47.80806379999999223, 16.29190320000000014 47.8089404999999914, 16.29431209999999908 47.80982469999999296, 16.29699970000000064 47.8108154999999968, 16.29968209999999829 47.81180630000000775, 16.30237010000000453 47.81280339999999995, 16.30490329999999943 47.8137346999999977, 16.30677409999999838 47.81525080000000116, 16.30880649999999932 47.81689779999999246, 16.31073149999999927 47.81845769999999618, 16.31258120000000034 47.81995649999999642, 16.31452780000000047 47.82153379999999032, 16.31639579999999867 47.82304750000000126, 16.31823400000000035 47.82453689999999114, 16.32001049999999864 47.82597619999999239, 16.32180950000000053 47.82743380000000144, 16.32382080000000002 47.82906329999999429, 16.32551420000000064 47.8304351999999966, 16.32711060000000103 47.83224429999999927, 16.32889649999999904 47.83426820000001101, 16.3304544000000007 47.83603360000000038, 16.3320059999999998 47.83779179999999798, 16.33346209999999843 47.83944180000000301, 16.33508219999999866 47.84127749999998258, 16.33682650000000081 47.84325390000000766, 16.33845529999999968 47.84509930000000111, 16.34017230000000254 47.84704450000000264, 16.34081769999999878 47.84945160000000186, 16.34141400000000033 47.85154099999999033, 16.34197670000000002 47.85368219999998729, 16.34251409999999893 47.85555920000000896, 16.34310999999999936 47.85765249999999327, 16.34362769999999898 47.85963139999999783, 16.34423960000000164 47.86183510000000041, 16.34478070000000116 47.86383659999999907, 16.34535800000000094 47.86587989999998882, 16.34580389999999994 47.86754259999998595, 16.34641540000000148 47.86975030000000686, 16.34686879999999931 47.87133629999999584, 16.34901530000000136 47.87152720000000272, 16.35103870000000015 47.87170709999999474, 16.35401769999999999 47.87198869999999573);128192855;2.0;"Wiener Neustadt - Ebenfurth;Neudörfl - Ebenfurth";110000;1;122/9;Austrian Power Grid AG;9158,59
LineString (16.27331099999999964 47.80203749999999729, 16.27655640000000048 47.80326560000001024, 16.27915769999999895 47.80422979999999455, 16.28164560000000094 47.80514200000000358, 16.28425959999999861 47.80610759999999715, 16.28709119999999899 47.8071562999999955, 16.28954639999999898 47.80806379999999223);128188506;2.0;"Ternitz - Wiener Neustadt;Neudörfl - Ebenfurth";110000;1;122/7;Austrian Power Grid AG;1388,11
