WKT;ID;PLZ;Adresse Gemeindeamt;Lat;Lon;KZ;full_id/osm_id;location/name;name/operator;operator;substation/voltage;Polit. Gemeinde;distance
MULTILINESTRING ((652282.13853816 5293288.0951949,642203.948161711 5300791.25902115));Andau;7163;Hauptgasse 8;47,7749506;17,0326549;7;60222001;Umspannwerk Frauenkirchen;BEWAG;substation;;Frauenkirchen;12564,52899
MULTILINESTRING ((610667.585129784 5292115.70024146,603721.273878308 5286385.66620205));Antau;7042;Hauptplatz 3;47,7728978;16,47711364;7;83424897;UW Mattersburg;BEWAG;substation;110000;Mattersburg;9004,694892
MULTILINESTRING ((637266.451074866 5289345.19384251,642203.948161711 5300791.25902115));Apetlon;7161;Kirchengasse 3;47,7428661;16,8310928;7;60222001;Umspannwerk Frauenkirchen;BEWAG;substation;;Frauenkirchen;12465,6041
MULTILINESTRING ((599280.529579642 5292183.1437411,595359.398350353 5295016.53963057));Bad_Sauerbrunn;7202;Wiener Neustädter Straße 2;47,7753596;16,325187;7;97586384;Umspannwerk Neudörfl;;substation;110000;Neudörfl;4837,706314
MULTILINESTRING ((592859.766335052 5242840.88761791,584828.162904137 5245941.5951021));Bad_Tatzmannsdorf;7431;Joseph-Haydn-Platz 1;47,332444;16,2290799;7;97224229;Umspannwerk Pinkafeld;;substation;110000;Pinkafeld;8609,357733
MULTILINESTRING ((603984.783679405 5227649.36240142,596569.107124905 5233824.33412693));Badersdorf;7512;Obere Dorfstraße 5;47,19411135;16,37275001;7;81684898;Umspannwerk Südburgenland/Rotenturm;Verbund Austrian Power Grid AG;substation;"380000;110000";Rotenturm an der Pinka;9650,001791
MULTILINESTRING ((611947.964885724 5288793.29689272,603721.273878308 5286385.66620205));Baumgarten;7021;Gemeinde Baumgarten;47,74279325;16,49334175;7;83424897;UW Mattersburg;BEWAG;substation;110000;Mattersburg;8571,763557
MULTILINESTRING ((611073.753995839 5220420.63363761,600047.85583329 5214209.18546532));Bildein;7521;Florianigasse 1;47,1279255;16,4645159;7;97217194;Umspannwerk Güssing;BEWAG;substation;110000;Güssing;12655,13804
MULTILINESTRING ((589217.962437168 5221794.3447943,589630.607499163 5225119.40617522));Bocksdorf;7551;Herrengasse 11;47,1436059;16,17668821;7;97224226;Umspannwerk Stegersbach;BEWAG;substation;110000;Stegersbach;3350,568479
MULTILINESTRING ((629295.195753636 5311552.43917391,637211.268779065 5313542.07246865));Breitenbrunn_am_Neusiedler_See;7091;Eisenstädter Straße 18;47,9442303;16,7314455;7;82201785;Umspannwerk Neusiedl;"BEWAG;Verbund Austrian Power Grid AG";substation;"220000;110000";Neusiedl am See;8162,282327
MULTILINESTRING ((585091.879541248 5221788.97474529,589630.607499163 5225119.40617522));Burgauberg-Neudauberg;7574;Höhenstraße 4;47,1441036;16,1222796;7;97224226;Umspannwerk Stegersbach;BEWAG;substation;110000;Stegersbach;5629,54927
MULTILINESTRING ((584105.04886045 5215292.94383686,590574.289856597 5206994.33893227));Deutsch_Kaltenbrunn;7572;Marktplatz 1;47,08578625;16,1080528;7;97218204;Umspannwerk Eltendorf;BEWAG;substation;"110000;20000";Eltendorf;10522,25843
MULTILINESTRING ((609576.771259314 5224625.25152906,600047.85583329 5214209.18546532));Deutsch_Sch�tzen-Eisenberg;7474;Untere Hauptstraße 24;47,16599945;16,44581;7;97217194;Umspannwerk Güssing;BEWAG;substation;110000;Güssing;14117,17611
MULTILINESTRING ((623160.530521305 5272431.87195352,620108.327487484 5272673.44727074));Deutschkreutz;7301;Marktgemeinde Deutschkreutz;47,593595;16,63823995;7;97264200;Umspannwerk Deutschkreutz;BEWAG;substation;110000;Deutschkreuz;3061,748192
MULTILINESTRING ((622921.786948742 5306071.55817282,615700.219041165 5300082.28239527));Donnerskirchen;7082;Hauptstraße 29;47,89619225;16,6445705;7;96689254;Umspannwerk Eisenstadt (i.b.);;substation;;Eisenstadt;9382,028959
MULTILINESTRING ((611839.270557841 5289180.27578738,603721.273878308 5286385.66620205));Dra�burg;7021;Eisenstädterstraße 7;47,7462928;16,4919918;7;83424897;UW Mattersburg;BEWAG;substation;110000;Mattersburg;8585,552564
MULTILINESTRING ((604929.310710671 5262572.88908944,606827.643784336 5268024.49102928));Dra�markt;7371;Hauptstraße 39;47,508118;16,3934617;7;94372577;Umspannwerk Markt Sankt Martin;BEWAG;substation;110000;Markt St. Martin;5772,662485
MULTILINESTRING ((610749.942907814 5218167.78441438,600047.85583329 5214209.18546532));Eberau;7522;Hauptplatz 1;47,10771415;16,4596934;7;97217194;Umspannwerk Güssing;BEWAG;substation;110000;Güssing;11410,74815
MULTILINESTRING ((614044.791631578 5300406.29373296,615700.219041165 5300082.28239527));Eisenstadt;7000;Hauptstraße 35;47,84687705;16,52435503;7;96689254;Umspannwerk Eisenstadt (i.b.);;substation;;Eisenstadt;1686,838242
MULTILINESTRING ((591321.193756549 5206716.89361333,590574.289856597 5206994.33893227));Eltendorf;7562;Kirchenstraße 2;47,00767095;16,20136842;7;97218204;Umspannwerk Eltendorf;BEWAG;substation;"110000;20000";Eltendorf;796,7693146
MULTILINESTRING ((600623.560172604 5285223.09426588,603721.273878308 5286385.66620205));Forchtenstein;7212;Gemeinde Forchtenstein;47,71254479;16,34149881;7;83424897;UW Mattersburg;BEWAG;substation;110000;Mattersburg;3308,6861
MULTILINESTRING ((621224.582098978 5256321.45297087,612190.604144076 5261184.46062515));Frankenau-Unterpullendorf;7452;Frankenau 108;47,44905655;16,608064;7;97207142;Umspannwerk Oberpullendorf;Energie Burgenland AG;substation;110000;Steinberg-Dörfl;10259,70765
MULTILINESTRING ((644093.601315105 5299949.31438354,642203.948161711 5300791.25902115));Frauenkirchen;7132;Amtshausgasse 5;47,8367342;16,9256337;7;60222001;Umspannwerk Frauenkirchen;BEWAG;substation;;Frauenkirchen;2068,733867
MULTILINESTRING ((595509.815163214 5213475.29593385,600047.85583329 5214209.18546532));Gerersdorf-Sulz;7542;Gerersdorf 47;47,06788187;16,2578865;7;97217194;Umspannwerk Güssing;BEWAG;substation;110000;Güssing;4596,999779
MULTILINESTRING ((642756.273674063 5306616.37900391,642203.948161711 5300791.25902115));Gols;7122;Untere Hauptstraße 10;47,8969854;16,9099744;7;60222001;Umspannwerk Frauenkirchen;BEWAG;substation;;Frauenkirchen;5851,246558
MULTILINESTRING ((580373.903633828 5246034.26914362,584828.162904137 5245941.5951021));Grafenschachen;7423;Grafenschachen 153;47,3628267;16,0644277;7;97224229;Umspannwerk Pinkafeld;;substation;110000;Pinkafeld;4455,223241
MULTILINESTRING ((610872.491184879 5298847.48076578,615700.219041165 5300082.28239527));Gro�h�flein;7051;Hauptstraße 37;47,8334115;16,4815687;7;96689254;Umspannwerk Eisenstadt (i.b.);;substation;;Eisenstadt;4983,140708
MULTILINESTRING ((603396.610915985 5207951.65724435,600047.85583329 5214209.18546532));Gro�m�rbisch;7540;Großmürbisch 120;47,0170026;16,3604645;7;97217194;Umspannwerk Güssing;BEWAG;substation;110000;Güssing;7097,240312
MULTILINESTRING ((599877.668093912 5232492.56289907,596569.107124905 5233824.33412693));Gro�petersdorf;7503;Hauptstraße 36;47,2383177;16,31962585;7;81684898;Umspannwerk Südburgenland/Rotenturm;Verbund Austrian Power Grid AG;substation;"380000;110000";Rotenturm an der Pinka;3566,537577
MULTILINESTRING ((616811.209546092 5266431.84673873,612190.604144076 5261184.46062515));Gro�warasdorf;7304;Obere Hauptstraße 18;47,54080235;16,55222064;7;97207142;Umspannwerk Oberpullendorf;Energie Burgenland AG;substation;110000;Steinberg-Dörfl;6991,784844
MULTILINESTRING ((600382.926623853 5212608.34884734,600047.85583329 5214209.18546532));G�ssing;7540;Hauptplatz 7;47,0593598;16,3218566;7;97217194;Umspannwerk Güssing;BEWAG;substation;110000;Güssing;1635,527533
MULTILINESTRING ((597633.627490967 5223670.15366999,589630.607499163 5225119.40617522));G�ttenbach;7536;Marktplatz 1;47,1592874;16,2880619;7;97224226;Umspannwerk Stegersbach;BEWAG;substation;110000;Stegersbach;8133,18276
MULTILINESTRING ((647514.155678135 5303922.61418986,642203.948161711 5300791.25902115));Halbturn;7131;Wiener Straße 3;47,8716868;16,9726727;7;60222001;Umspannwerk Frauenkirchen;BEWAG;substation;;Frauenkirchen;6164,713218
MULTILINESTRING ((605558.932117752 5230784.60105332,596569.107124905 5233824.33412693));Hannersdorf;7474;Hannersdorf 166;47,22206439;16,39426382;7;81684898;Umspannwerk Südburgenland/Rotenturm;Verbund Austrian Power Grid AG;substation;"380000;110000";Rotenturm an der Pinka;9489,83301
MULTILINESTRING ((607824.954555507 5209029.30132211,600047.85583329 5214209.18546532));Heiligenbrunn;7522;Heiligenbrunn 33;47,0259901;16,4189704;7;97217194;Umspannwerk Güssing;BEWAG;substation;110000;Güssing;9344,220902
MULTILINESTRING ((595770.385279826 5204622.72189798,590574.289856597 5206994.33893227));Heiligenkreuz_im_Lafnitztal;7561;Untere Hauptstraße 1;46,9882016;16,2594424;7;97218204;Umspannwerk Eltendorf;BEWAG;substation;"110000;20000";Eltendorf;5711,740103
MULTILINESTRING ((590265.296647616 5218891.60901502,589630.607499163 5225119.40617522));Heugraben;7551;Heugraben 120;47,1173484;16,1899157;7;97224226;Umspannwerk Stegersbach;BEWAG;substation;110000;Stegersbach;6260,054935
MULTILINESTRING ((608894.231646295 5293733.72166915,603721.273878308 5286385.66620205));Hirm;7024;Gemeinde Hirm;47,78775344;16,45385788;7;83424897;UW Mattersburg;BEWAG;substation;110000;Mattersburg;8986,290181
MULTILINESTRING ((616318.375615972 5271737.6871116,620108.327487484 5272673.44727074));Horitschon;7312;Hauptstraße 43;47,58861465;16,54707906;7;97264200;Umspannwerk Deutschkreutz;BEWAG;substation;110000;Deutschkreuz;3903,765139
MULTILINESTRING ((634906.879104601 5291451.11413053,642203.948161711 5300791.25902115));Illmitz;7142;Obere Hauptstraße 2–4;47,7623027;16,8002863;7;60222001;Umspannwerk Frauenkirchen;BEWAG;substation;;Frauenkirchen;11852,65892
MULTILINESTRING ((600039.375825966 5207356.17035587,600047.85583329 5214209.18546532));Inzenhof;7540;Inzenhof 42;47,0121616;16,3161714;7;97217194;Umspannwerk Güssing;BEWAG;substation;110000;Güssing;6853,020356
MULTILINESTRING ((596438.75585482 5232373.61056603,596569.107124905 5233824.33412693));Jabing;7503;An der Pinka 18;47,2377618;16,27417558;7;81684898;Umspannwerk Südburgenland/Rotenturm;Verbund Austrian Power Grid AG;substation;"380000;110000";Rotenturm an der Pinka;1456,567988
MULTILINESTRING ((633824.25456636 5313396.04399018,637211.268779065 5313542.07246865));Jois;7093;Untere Hauptstraße 23;47,9598794;16,7926393;7;82201785;Umspannwerk Neusiedl;"BEWAG;Verbund Austrian Power Grid AG";substation;"220000;110000";Neusiedl am See;3390,160703
MULTILINESTRING ((605044.488397333 5265518.50331773,606827.643784336 5268024.49102928));Kaisersdorf;7342;Hauptstraße 57;47,534596;16,3956935;7;94372577;Umspannwerk Markt Sankt Martin;BEWAG;substation;110000;Markt St. Martin;3075,649126
MULTILINESTRING ((587037.024199355 5233596.35789092,589630.607499163 5225119.40617522));Kemeten;7531;Bachgasse 2;47,2500762;16,1502225;7;97224226;Umspannwerk Stegersbach;BEWAG;substation;110000;Stegersbach;8864,839802
MULTILINESTRING ((600454.215918776 5208923.4588143,600047.85583329 5214209.18546532));Kleinm�rbisch;7540;Kleinmürbisch 1;47,0261986;16,3219758;7;97217194;Umspannwerk Güssing;BEWAG;substation;110000;Güssing;5301,323868
MULTILINESTRING ((615448.813034036 5289888.28253178,615700.219041165 5300082.28239527));Klingenbach;7013;Grünberggasse 1;47,75202485;16,54031514;7;96689254;Umspannwerk Eisenstadt (i.b.);;substation;;Eisenstadt;10197,0995
MULTILINESTRING ((604792.27026347 5272096.62316187,606827.643784336 5268024.49102928));Kobersdorf;7341;Hauptstraße 38;47,5938083;16,39391252;7;94372577;Umspannwerk Markt Sankt Martin;BEWAG;substation;110000;Markt St. Martin;4552,472457
MULTILINESTRING ((602699.41631705 5225631.44478115,596569.107124905 5233824.33412693));Kohfidisch;7512;Obere Hauptstraße 4;47,1761603;16,355324;7;81684898;Umspannwerk Südburgenland/Rotenturm;Verbund Austrian Power Grid AG;substation;"380000;110000";Rotenturm an der Pinka;10232,50344
MULTILINESTRING ((588879.230965113 5206013.95071687,590574.289856597 5206994.33893227));K�nigsdorf;7563;Dorfstraße 19;47,00167915;16,16911232;7;97218204;Umspannwerk Eltendorf;BEWAG;substation;"110000;20000";Eltendorf;1958,158752
MULTILINESTRING ((606020.367255422 5293311.59924948,603721.273878308 5286385.66620205));Krensdorf;7031;Hauptplatz 1;47,78443605;16,41539778;7;83424897;UW Mattersburg;BEWAG;substation;110000;Mattersburg;7297,559793
MULTILINESTRING ((591546.505310904 5214089.81203834,590574.289856597 5206994.33893227));Kukmirn;7543;Dorfplatz 2;47,0739718;16,2058256;7;97218204;Umspannwerk Eltendorf;BEWAG;substation;"110000;20000";Eltendorf;7161,769438
MULTILINESTRING ((610076.134441401 5271733.34784165,606827.643784336 5268024.49102928));Lackenbach;7322;Postgasse 6;47,5896652;16,4640825;7;94372577;Umspannwerk Markt Sankt Martin;BEWAG;substation;110000;Markt St. Martin;4930,345871
MULTILINESTRING ((613076.794569527 5271746.61348719,620108.327487484 5272673.44727074));Lackendorf;7321;Hauptstrasse 27;47,58926825;16,50398262;7;97264200;Umspannwerk Deutschkreutz;BEWAG;substation;110000;Deutschkreuz;7092,35335
MULTILINESTRING ((588157.263995666 5228987.19153197,589630.607499163 5225119.40617522));Litzelsdorf;7532;Marktplatz 1;47,2084601;16,1641153;7;97224226;Umspannwerk Stegersbach;BEWAG;substation;110000;Stegersbach;4138,901381
MULTILINESTRING ((606961.233875874 5251303.15724342,612190.604144076 5261184.46062515));Lockenhaus;7442;Hauptplatz 10;47,4064126;16,4177091;7;97207142;Umspannwerk Oberpullendorf;Energie Burgenland AG;substation;110000;Steinberg-Dörfl;11179,73479
MULTILINESTRING ((611089.317565198 5283707.61117726,603721.273878308 5286385.66620205));Loipersbach_im_Burgenland;7020;Badstraße 1;47,6971979;16,4805948;7;83424897;UW Mattersburg;BEWAG;substation;110000;Mattersburg;7839,645814
MULTILINESTRING ((581350.305954424 5243235.72314199,584828.162904137 5245941.5951021));Loipersdorf-Kitzladen;7410;Hauptplatz 1;47,33752845;16,076844;7;97224229;Umspannwerk Pinkafeld;;substation;110000;Pinkafeld;4406,49884
MULTILINESTRING ((623166.67618235 5257910.50077838,612190.604144076 5261184.46062515));Lutzmannsburg;7361;Neustiftplatz 1;47,4629849;16,6342584;7;97207142;Umspannwerk Oberpullendorf;Energie Burgenland AG;substation;110000;Steinberg-Dörfl;11453,94999
MULTILINESTRING ((614893.527772456 5253741.18640633,612190.604144076 5261184.46062515));Mannersdorf_an_der_Rabnitz;7443;Hauptstraße 68;47,4269943;16,5234427;7;97207142;Umspannwerk Oberpullendorf;Energie Burgenland AG;substation;110000;Steinberg-Dörfl;7918,846332
MULTILINESTRING ((594572.543783464 5245608.67459828,584828.162904137 5245941.5951021));Mariasdorf;7433;Mariasdorf 53;47,35709788;16,25233332;7;97224229;Umspannwerk Pinkafeld;;substation;110000;Pinkafeld;9750,066399
MULTILINESTRING ((581661.293921017 5238293.15743389,584828.162904137 5245941.5951021));Markt_Allhau;7411;Gemeindestraße 29;47,2930231;16,0800533;7;97224229;Umspannwerk Pinkafeld;;substation;110000;Pinkafeld;8278,143386
MULTILINESTRING ((605475.380348235 5238962.57388629,596569.107124905 5233824.33412693));Markt_Neuhodis;7464;Markt Neuhodis 30;47,2956443;16,395092;7;81684898;Umspannwerk Südburgenland/Rotenturm;Verbund Austrian Power Grid AG;substation;"380000;110000";Rotenturm an der Pinka;10282,17927
MULTILINESTRING ((606045.021946129 5285830.05449657,603721.273878308 5286385.66620205));Marz;7221;Gemeinde Marz;47,71713675;16,41390253;7;83424897;UW Mattersburg;BEWAG;substation;110000;Mattersburg;2389,248721
MULTILINESTRING ((603069.33709424 5286190.9634698,603721.273878308 5286385.66620205));Mattersburg;7210;Stadtgemeinde Mattersburg;47,72086505;16,37432495;7;83424897;UW Mattersburg;BEWAG;substation;110000;Mattersburg;680,3901266
MULTILINESTRING ((599469.275949075 5227582.2535434,596569.107124905 5233824.33412693));Mischendorf;7511;Hauptplatz 1;47,1942063;16,3131403;7;81684898;Umspannwerk Südburgenland/Rotenturm;Verbund Austrian Power Grid AG;substation;"380000;110000";Rotenturm an der Pinka;6882,917203
MULTILINESTRING ((645080.771734584 5304964.34383586,642203.948161711 5300791.25902115));M�nchhof;7123;Kirchenplatz 11a;47,8816086;16,94050095;7;60222001;Umspannwerk Frauenkirchen;BEWAG;substation;;Frauenkirchen;5068,604417
MULTILINESTRING ((624964.067725043 5290277.60012227,615700.219041165 5300082.28239527));M�rbisch_am_See;7072;Hauptstraße 22;47,7537526;16,6673259;7;96689254;Umspannwerk Eisenstadt (i.b.);;substation;;Eisenstadt;13488,90977
MULTILINESTRING ((610960.29563474 5212810.18086125,600047.85583329 5214209.18546532));Moschendorf;7540;Moschendorf 95;47,0594834;16,4611463;7;97217194;Umspannwerk Güssing;BEWAG;substation;110000;Güssing;11001,75242
MULTILINESTRING ((609387.940972631 5299319.24465062,615700.219041165 5300082.28239527));M�llendorf;7052;Kapellenplatz 1;47,83790905;16,46185686;7;96689254;Umspannwerk Eisenstadt (i.b.);;substation;;Eisenstadt;6358,229393
MULTILINESTRING ((616502.007048197 5272711.69117371,620108.327487484 5272673.44727074));Neckenmarkt;7311;Rathausgasse 1;47,5973424;16,5497792;7;97264200;Umspannwerk Deutschkreutz;BEWAG;substation;110000;Deutschkreuz;3606,523216
MULTILINESTRING ((595437.299851899 5224677.92067644,589630.607499163 5225119.40617522));Neuberg_im_Burgenland;7537;Hauptplatz 1;47,1686757;16,2593077;7;97224226;Umspannwerk Stegersbach;BEWAG;substation;110000;Stegersbach;5823,451341
MULTILINESTRING ((597194.671756499 5294474.05811487,595359.398350353 5295016.53963057));Neud�rfl;7201;Rathausplatz;47,7962849;16,2978656;7;97586384;Umspannwerk Neudörfl;;substation;110000;Neudörfl;1913,769754
MULTILINESTRING ((637656.215157363 5312234.86071303,637211.268779065 5313542.07246865));Neusiedl_am_See;7100;Hauptplatz 1;47,9486249;16,8435715;7;82201785;Umspannwerk Neusiedl;"BEWAG;Verbund Austrian Power Grid AG";substation;"220000;110000";Neusiedl am See;1380,861997
MULTILINESTRING ((578141.054235095 5245709.43293511,584828.162904137 5245941.5951021));Neustift_an_der_Lafnitz;7423;Neustift an der Lafnitz 1;47,360175;16,03480495;7;97224229;Umspannwerk Pinkafeld;;substation;110000;Pinkafeld;6691,137543
MULTILINESTRING ((595736.007512197 5208694.29606385,590574.289856597 5206994.33893227));Neustift_bei_G�ssing;7540;Neustift bei Güssing 1;47,0248368;16,2598515;7;97218204;Umspannwerk Eltendorf;BEWAG;substation;"110000;20000";Eltendorf;5434,444167
MULTILINESTRING ((608954.80787528 5266689.69930858,606827.643784336 5268024.49102928));Neutal;7343;Hauptstraße 47;47,544487;16,447922;7;94372577;Umspannwerk Markt Sankt Martin;BEWAG;substation;110000;Markt St. Martin;2511,273782
MULTILINESTRING ((624800.244997711 5266023.02505381,620108.327487484 5272673.44727074));Nikitsch;7361;Hauptstraße 87;47,5356397;16,6582209;7;97264200;Umspannwerk Deutschkreutz;BEWAG;substation;110000;Deutschkreuz;8138,931477
MULTILINESTRING ((592094.046326196 5230698.66893843,596569.107124905 5233824.33412693));Oberdorf_im_Burgenland;7501;Untere Hauptstraße 9;47,2233173;16,2164408;7;81684898;Umspannwerk Südburgenland/Rotenturm;Verbund Austrian Power Grid AG;substation;"380000;110000";Rotenturm an der Pinka;5458,566847
MULTILINESTRING ((613408.688426603 5255809.07620722,612190.604144076 5261184.46062515));Oberloisdorf;7451;Hauptstraße 63;47,4458548;16,5042915;7;97207142;Umspannwerk Oberpullendorf;Energie Burgenland AG;substation;110000;Steinberg-Dörfl;5511,668256
MULTILINESTRING ((613389.862391028 5261979.30812959,612190.604144076 5261184.46062515));Oberpullendorf;7304;Hauptstraße 9–11;47,50135875;16,50562668;7;97207142;Umspannwerk Oberpullendorf;Energie Burgenland AG;substation;110000;Steinberg-Dörfl;1438,750464
MULTILINESTRING ((591207.301527021 5244984.56134226,584828.162904137 5245941.5951021));Obersch�tzen;7431;Hauptplatz 1;47,3519614;16,2076529;7;97224229;Umspannwerk Pinkafeld;;substation;110000;Pinkafeld;6450,528908
MULTILINESTRING ((591759.225730603 5237855.87099463,596569.107124905 5233824.33412693));Oberwart;7400;Hauptplatz 9;47,2877528;16,21348958;7;81684898;Umspannwerk Südburgenland/Rotenturm;Verbund Austrian Power Grid AG;substation;"380000;110000";Rotenturm an der Pinka;6276,005779
MULTILINESTRING ((624551.570069504 5299054.78158743,615700.219041165 5300082.28239527));Oggau_am_Neusiedler_See;7063;Hauptstraße 52;47,8327719;16,664344;7;96689254;Umspannwerk Eisenstadt (i.b.);;substation;;Eisenstadt;8910,789692
MULTILINESTRING ((591321.722603927 5227173.02310676,589630.607499163 5225119.40617522));Olbendorf;7534;Dorf 1;47,19170688;16,20552279;7;97224226;Umspannwerk Stegersbach;BEWAG;substation;110000;Stegersbach;2660,30314
MULTILINESTRING ((588066.078872183 5226205.17074557,589630.607499163 5225119.40617522));Ollersdorf_im_Burgenland;7533;Gemeindeplatz 1;47,1834436;16,1623647;7;97224226;Umspannwerk Stegersbach;BEWAG;substation;110000;Stegersbach;1904,372476
MULTILINESTRING ((621428.694226835 5299103.62660322,615700.219041165 5300082.28239527));Oslip;7064;Hauptstraße 7;47,8338085;16,6226452;7;96689254;Umspannwerk Eisenstadt (i.b.);;substation;;Eisenstadt;5811,470994
MULTILINESTRING ((643291.921456685 5284441.82429184,642203.948161711 5300791.25902115));Pamhagen;7152;Hauptstraße 7;47,6974617;16,9098128;7;60222001;Umspannwerk Frauenkirchen;BEWAG;substation;;Frauenkirchen;16385,59434
MULTILINESTRING ((601805.119423033 5255018.34998031,612190.604144076 5261184.46062515));Pilgersdorf;7441;Kirchschlager Str. 2;47,44065765;16,35024226;7;97207142;Umspannwerk Oberpullendorf;Energie Burgenland AG;substation;110000;Steinberg-Dörfl;12078,04675
MULTILINESTRING ((584887.526032215 5247122.83392813,584828.162904137 5245941.5951021));Pinkafeld;7423;Hauptplatz 1;47,3720493;16,12440024;7;97224229;Umspannwerk Pinkafeld;;substation;110000;Pinkafeld;1182,729532
MULTILINESTRING ((606670.253397314 5255806.85613825,612190.604144076 5261184.46062515));Piringsdorf;7373;Bundesstraße 14;47,44697255;16,41493901;7;97207142;Umspannwerk Oberpullendorf;Energie Burgenland AG;substation;110000;Steinberg-Dörfl;7706,679076
MULTILINESTRING ((637378.442894599 5301746.87849743,642203.948161711 5300791.25902115));Podersdorf_am_See;7141;Hauptstraße 2;47,8543692;16,8365134;7;60222001;Umspannwerk Frauenkirchen;BEWAG;substation;;Frauenkirchen;4919,2184
MULTILINESTRING ((607753.946888424 5289873.32740696,603721.273878308 5286385.66620205));P�ttelsdorf;7023;Gemeinde Pöttelsdorf;47,7532221;16,4376813;7;83424897;UW Mattersburg;BEWAG;substation;110000;Mattersburg;5331,62567
MULTILINESTRING ((602566.324120876 5295703.98632247,595359.398350353 5295016.53963057));P�ttsching;7202;Amtsgebäude 1;47,8065147;16,3698649;7;97586384;Umspannwerk Neudörfl;;substation;110000;Neudörfl;7239,638252
MULTILINESTRING ((626678.863475569 5308044.56345042,637211.268779065 5313542.07246865));Purbach_am_Neusiedler_See;7083;Hauptgasse 38;47,9132055;16,6953935;7;82201785;Umspannwerk Neusiedl;"BEWAG;Verbund Austrian Power Grid AG";substation;"220000;110000";Neusiedl am See;11880,83191
MULTILINESTRING ((615077.80694394 5269319.26082044,620108.327487484 5272673.44727074));Raiding;7321;Franz Liszt-Platz 1;47,5670831;16,52995115;7;97264200;Umspannwerk Deutschkreutz;BEWAG;substation;110000;Deutschkreuz;6046,213996
MULTILINESTRING ((596280.825458838 5219975.5165145,600047.85583329 5214209.18546532));Rauchwart;7535;Hauptplatz 8;47,1262485;16,2694276;7;97217194;Umspannwerk Güssing;BEWAG;substation;110000;Güssing;6887,749386
MULTILINESTRING ((608865.587221459 5240133.4289138,596569.107124905 5233824.33412693));Rechnitz;7471;Hauptplatz 10;47,3056221;16,440205;7;81684898;Umspannwerk Südburgenland/Rotenturm;Verbund Austrian Power Grid AG;substation;"380000;110000";Rotenturm an der Pinka;13820,568
MULTILINESTRING ((585583.293007659 5244545.86374164,584828.162904137 5245941.5951021));Riedlingsdorf;7422;Obere Hauptstraße 1;47,348775;16,1331178;7;97224229;Umspannwerk Pinkafeld;;substation;110000;Pinkafeld;1586,911309
MULTILINESTRING ((612575.4212904 5274026.85409597,620108.327487484 5272673.44727074));Ritzing;7323;Lange Zeile 21;47,60986565;16,49790187;7;97264200;Umspannwerk Deutschkreutz;BEWAG;substation;110000;Deutschkreuz;7653,521138
MULTILINESTRING ((588266.676436029 5218949.88151961,589630.607499163 5225119.40617522));Rohr_im_Burgenland;7551;Rohr im Burgenland 150;47,1181433;16,1635861;7;97224226;Umspannwerk Stegersbach;BEWAG;substation;110000;Stegersbach;6318,4921
MULTILINESTRING ((606859.363044944 5284888.29670324,603721.273878308 5286385.66620205));Rohrbach_bei_Mattersburg;7222;Marktgemeinde Rohrbach bei Mattersburg;47,7085315;16,4245258;7;83424897;UW Mattersburg;BEWAG;substation;110000;Mattersburg;3477,027327
MULTILINESTRING ((594199.810062997 5233920.9555304,596569.107124905 5233824.33412693));Rotenturm_an_der_Pinka;7501;Schloßplatz 2;47,2520072;16,2449274;7;81684898;Umspannwerk Südburgenland/Rotenturm;Verbund Austrian Power Grid AG;substation;"380000;110000";Rotenturm an der Pinka;2371,266384
MULTILINESTRING ((585278.70037751 5211209.88479654,590574.289856597 5206994.33893227));Rudersdorf;7564;Kirchenplatz 1;47,04890065;16,12274049;7;97218204;Umspannwerk Eltendorf;BEWAG;substation;"110000;20000";Eltendorf;6768,611
MULTILINESTRING ((625386.894885527 5295498.08903712,615700.219041165 5300082.28239527));Rust;7071;Conradplatz 1;47,800622;16,6744722;7;96689254;Umspannwerk Eisenstadt (i.b.);;substation;;Eisenstadt;10716,64675
MULTILINESTRING ((645619.854596406 5294222.27146155,642203.948161711 5300791.25902115));Sankt_Andr�_am_Zicksee;7161;Hauptstraße 59;47,7848911;16,9440944;7;60222001;Umspannwerk Frauenkirchen;BEWAG;substation;;Frauenkirchen;7404,053912
MULTILINESTRING ((620264.038246951 5295599.89947372,615700.219041165 5300082.28239527));Sankt_Margarethen_im_Burgenland;7062;Hauptplatz 1;47,8025151;16,6061159;7;96689254;Umspannwerk Eisenstadt (i.b.);;substation;;Eisenstadt;6396,890057
MULTILINESTRING ((596280.825458838 5219975.5165145,600047.85583329 5214209.18546532));Sankt_Michael_im_Burgenland;7535;Hauptplatz 8;47,1262485;16,2694276;7;97217194;Umspannwerk Güssing;BEWAG;substation;110000;Güssing;6887,749386
MULTILINESTRING ((608116.462118764 5234644.92382046,596569.107124905 5233824.33412693));Schachendorf;7503;Schachendorf 218;47,25637426;16,42896757;7;81684898;Umspannwerk Südburgenland/Rotenturm;Verbund Austrian Power Grid AG;substation;"380000;110000";Rotenturm an der Pinka;11576,47506
MULTILINESTRING ((607701.523579628 5232912.74066475,596569.107124905 5233824.33412693));Schandorf;7472;Schandorf 150;47,2408605;16,4230676;7;81684898;Umspannwerk Südburgenland/Rotenturm;Verbund Austrian Power Grid AG;substation;"380000;110000";Rotenturm an der Pinka;11169,67765
MULTILINESTRING ((613629.122593786 5285389.8778461,603721.273878308 5286385.66620205));Schattendorf;7022;Fabriksgasse 44;47,71188736;16,5148716;7;83424897;UW Mattersburg;BEWAG;substation;110000;Mattersburg;9957,763836
MULTILINESTRING ((621616.336311404 5300938.68432817,615700.219041165 5300082.28239527));Sch�tzen_am_Gebirge;7081;Dorfplatz 1;47,8502772;16,6256673;7;96689254;Umspannwerk Eisenstadt (i.b.);;substation;;Eisenstadt;5977,781179
MULTILINESTRING ((615291.07698827 5292982.68749483,615700.219041165 5300082.28239527));Siegendorf;7011;Rathausplatz 1;47,7798851;16,5390324;7;96689254;Umspannwerk Eisenstadt (i.b.);;substation;;Eisenstadt;7111,374338
MULTILINESTRING ((603701.931082967 5278165.19884709,603721.273878308 5286385.66620205));Sieggraben;7223;Gemeinde Sieggraben;47,64857147;16,3808505;7;83424897;UW Mattersburg;BEWAG;substation;110000;Mattersburg;8220,490112
MULTILINESTRING ((604430.775552056 5292275.29363806,603721.273878308 5286385.66620205));Sigle�;7032;Gemeinde Sigleß;47,77537431;16,39393365;7;83424897;UW Mattersburg;BEWAG;substation;110000;Mattersburg;5932,209029
MULTILINESTRING ((596639.235784065 5241982.66113412,596569.107124905 5233824.33412693));Stadtschlaining;7400;Baumkircher Gasse 1;47,3241761;16,2789055;7;81684898;Umspannwerk Südburgenland/Rotenturm;Verbund Austrian Power Grid AG;substation;"380000;110000";Rotenturm an der Pinka;8158,628413
MULTILINESTRING ((588411.464098406 5223651.50603134,589630.607499163 5225119.40617522));Stegersbach;7551;Hauptplatz 7;47,1604229;16,1664192;7;97224226;Umspannwerk Stegersbach;BEWAG;substation;110000;Stegersbach;1908,151321
MULTILINESTRING ((611987.18351683 5259060.16857105,612190.604144076 5261184.46062515));Steinberg-D�rfl;7453;Untere Hauptstraße 10;47,4753442;16,48626687;7;97207142;Umspannwerk Oberpullendorf;Energie Burgenland AG;substation;110000;Steinberg-Dörfl;2134,009532
MULTILINESTRING ((585835.602424431 5228514.82111998,589630.607499163 5225119.40617522));Stinatz;7552;Hauptplatz 1;47,2045177;16,1333735;7;97224226;Umspannwerk Stegersbach;BEWAG;substation;110000;Stegersbach;5092,239798
MULTILINESTRING ((611351.344987705 5264767.21671155,612190.604144076 5261184.46062515));Stoob;7344;Hauptstraße 72;47,526788;16,4792727;7;97207142;Umspannwerk Oberpullendorf;Energie Burgenland AG;substation;110000;Steinberg-Dörfl;3679,741446
MULTILINESTRING ((607297.892897257 5211203.48346999,600047.85583329 5214209.18546532));Strem;7522;Lindenstraße 1;47,0456347;16,4125526;7;97217194;Umspannwerk Güssing;BEWAG;substation;110000;Güssing;7848,393588
MULTILINESTRING ((648995.399817502 5291848.67871294,642203.948161711 5300791.25902115));Tadten;7162;Obere Hauptstraße 1;47,76277555;16,98831768;7;60222001;Umspannwerk Frauenkirchen;BEWAG;substation;;Frauenkirchen;11229,1388
MULTILINESTRING ((598872.604083252 5217776.32327773,600047.85583329 5214209.18546532));Tobaj;7544;Tobaj 107;47,10608027;16,30310714;7;97217194;Umspannwerk Güssing;BEWAG;substation;110000;Güssing;3755,754099
MULTILINESTRING ((616610.649998623 5296853.81367042,615700.219041165 5300082.28239527));Trausdorf_an_der_Wulka;7061;DDr.-Stefan-Laszlo-Platz 3;47,8144652;16,5576814;7;96689254;Umspannwerk Eisenstadt (i.b.);;substation;;Eisenstadt;3354,38442
MULTILINESTRING ((599582.227049911 5206567.45858197,600047.85583329 5214209.18546532));Tschanigraben;7540;Tschanigraben 1;47,005135;16,309985;7;97217194;Umspannwerk Güssing;BEWAG;substation;110000;Güssing;7655,899681
MULTILINESTRING ((612747.945405311 5269726.14832836,606827.643784336 5268024.49102928));Unterfrauenhaid;7321;Hauptstraße 28;47,5711519;16,4990913;7;94372577;Umspannwerk Markt Sankt Martin;BEWAG;substation;110000;Markt St. Martin;6160,000718
MULTILINESTRING ((598696.296703949 5248346.0900932,584828.162904137 5245941.5951021));Unterkohlst�tten;7434;Unterkohlstätten 32;47,38111368;16,30753447;7;97224229;Umspannwerk Pinkafeld;;substation;110000;Pinkafeld;14075,0393
MULTILINESTRING ((603322.655668085 5256982.61702816,612190.604144076 5261184.46062515));Unterrabnitz-Schwendgraben;7371;Hauptstraße 54;47,4580884;16,3708226;7;97207142;Umspannwerk Oberpullendorf;Energie Burgenland AG;substation;110000;Steinberg-Dörfl;9813,052521
MULTILINESTRING ((593612.802595904 5235468.23197552,596569.107124905 5233824.33412693));Unterwart;7501;Unterwart 230;47,2660109;16,23749582;7;81684898;Umspannwerk Südburgenland/Rotenturm;Verbund Austrian Power Grid AG;substation;"380000;110000";Rotenturm an der Pinka;3382,622741
MULTILINESTRING ((645244.752484385 5287571.34856654,642203.948161711 5300791.25902115));Wallern_im_Burgenland;7151;Hauptstraße 4;47,7251679;16,936868;7;60222001;Umspannwerk Frauenkirchen;BEWAG;substation;;Frauenkirchen;13565,12158
MULTILINESTRING ((639572.808301189 5309789.30958815,637211.268779065 5313542.07246865));Weiden_am_See;7100;Raiffeisenplatz 5;47,9262185;16,8684328;7;82201785;Umspannwerk Neusiedl;"BEWAG;Verbund Austrian Power Grid AG";substation;"220000;110000";Neusiedl am See;4433,970924
MULTILINESTRING ((601909.031244685 5239633.17542397,596569.107124905 5233824.33412693));Weiden_bei_Rechnitz;7503;Weiden bei Rechnitz 64;47,30224135;16,34808795;7;81684898;Umspannwerk Südburgenland/Rotenturm;Verbund Austrian Power Grid AG;substation;"380000;110000";Rotenturm an der Pinka;7890,337561
MULTILINESTRING ((602673.705034335 5263202.45195254,606827.643784336 5268024.49102928));Weingraben;7374;Hauptplatz 5;47,5141412;16,3636628;7;94372577;Umspannwerk Markt Sankt Martin;BEWAG;substation;110000;Markt St. Martin;6364,532033
MULTILINESTRING ((607307.566946114 5270357.92055849,606827.643784336 5268024.49102928));Weppersdorf;7331;Hauptstraße 104;47,5777572;16,4269344;7;94372577;Umspannwerk Markt Sankt Martin;BEWAG;substation;110000;Markt St. Martin;2382,271943
MULTILINESTRING ((600334.647122274 5288237.44872805,603721.273878308 5286385.66620205));Wiesen;7202;Rathausplatz 1;47,73970435;16,33834267;7;83424897;UW Mattersburg;BEWAG;substation;110000;Mattersburg;3859,836695
MULTILINESTRING ((586441.565555492 5248458.58885281,584828.162904137 5245941.5951021));Wiesfleck;7425;Untere Hauptstraße 7;47,3838625;16,1452407;7;97224229;Umspannwerk Pinkafeld;;substation;110000;Pinkafeld;2989,703272
MULTILINESTRING ((630872.429869374 5312407.19886899,637211.268779065 5313542.07246865));Winden_am_See;7092;Hauptstraße 8;47,9515969;16,7528167;7;82201785;Umspannwerk Neusiedl;"BEWAG;Verbund Austrian Power Grid AG";substation;"220000;110000";Neusiedl am See;6439,628624
MULTILINESTRING ((582567.891477896 5234160.88706464,589630.607499163 5225119.40617522));Wolfau;7412;Hauptstraße 43;47,2557327;16,0912771;7;97224226;Umspannwerk Stegersbach;BEWAG;substation;110000;Stegersbach;11473,02638
MULTILINESTRING ((612279.004416028 5294636.30248097,615700.219041165 5300082.28239527));Wulkaprodersdorf;7041;Obere Hauptstraße 1;47,79529045;16,49926611;7;96689254;Umspannwerk Eisenstadt (i.b.);;substation;;Eisenstadt;6431,438932
MULTILINESTRING ((613539.528728534 5291302.86531467,615700.219041165 5300082.28239527));Zagersdorf;7012;Hauptstraße 15;47,7650872;16,51522025;7;96689254;Umspannwerk Eisenstadt (i.b.);;substation;;Eisenstadt;9041,390762
MULTILINESTRING ((608328.712965984 5290476.55932679,603721.273878308 5286385.66620205));Zemendorf-St�ttera;7023;Gemeinde Zemendorf-Stöttera;47,75855169;16,44549777;7;83424897;UW Mattersburg;BEWAG;substation;110000;Mattersburg;6161,485333
MULTILINESTRING ((605488.139303702 5296696.74776397,595359.398350353 5295016.53963057));Zillingtal;7035;Landstraße 3;47,8149721;16,40911791;7;97586384;Umspannwerk Neudörfl;;substation;110000;Neudörfl;10267,15602
MULTILINESTRING ((595319.881918988 5251266.49085453,584828.162904137 5245941.5951021));Bernstein;7434;Hauptstraße 68;;;7;97224229;Umspannwerk Pinkafeld;;substation;110000;Pinkafeld;11765,65692
MULTILINESTRING ((632628.34577818 5320025.20159925,637211.268779065 5313542.07246865));Bruckneudorf;2460;Bahnhofplatz 5;;;7;82201785;Umspannwerk Neusiedl;"BEWAG;Verbund Austrian Power Grid AG";substation;"220000;110000";Neusiedl am See;7939,404673
MULTILINESTRING ((656988.410338196 5319730.16145609,651046.215927116 5322637.99764506));Deutsch_Jahrndorf;2423;Obere Hauptstraße 12 ;;;7;118927581;Umspannwerk Pama;;substation;110000;Pama;6615,526111
MULTILINESTRING ((648020.093444351 5329081.57154438,651046.215927116 5322637.99764506));Edelstal;2413;Hauptstraße 33A;;;7;118927581;Umspannwerk Pama;;substation;110000;Pama;7118,782331
MULTILINESTRING ((647826.381936066 5319861.02514055,651046.215927116 5322637.99764506));Gattendorf;2474;Hauptplatz 4;;;7;118927581;Umspannwerk Pama;;substation;110000;Pama;4251,929823
MULTILINESTRING ((584334.850349932 5226482.21111809,589630.607499163 5225119.40617522));Hackerberg;8292;Hackerberg 77;;;7;97224226;Umspannwerk Stegersbach;BEWAG;substation;110000;Stegersbach;5468,297824
MULTILINESTRING ((607859.808129883 5303909.66129821,615700.219041165 5300082.28239527));Hornstein;7053;Rathausplatz 1;;;7;96689254;Umspannwerk Eisenstadt (i.b.);;substation;;Eisenstadt;8724,727648
MULTILINESTRING ((586812.529716053 5198840.20639277,585889.869675206 5197881.04084348));Jennersdorf;8380;Jennersdorf;;;7;97226005;Umspannwerk Jennersdorf (i.b.);;substation;110000;Jennersdorf;1330,901988
MULTILINESTRING ((653812.357837547 5328551.60690669,651046.215927116 5322637.99764506));Kittsee;2421;Schlosspark 1;;;7;118927581;Umspannwerk Pama;;substation;110000;Pama;6528,576841
MULTILINESTRING ((610662.346774162 5310255.64367603,615700.219041165 5300082.28239527));Leithaprodersdorf;2443;Schuilgasse 1;;;7;96689254;Umspannwerk Eisenstadt (i.b.);;substation;;Eisenstadt;11352,41986
MULTILINESTRING ((613311.299301194 5308059.36410628,615700.219041165 5300082.28239527));Loretto;2443;Hauptplatz 9;;;7;96689254;Umspannwerk Eisenstadt (i.b.);;substation;;Eisenstadt;8327,110552
MULTILINESTRING ((607458.908962798 5268850.57685247,606827.643784336 5268024.49102928));Markt_Sankt_Martin;7341;Kirchenplatz 17;;;7;94372577;Umspannwerk Markt Sankt Martin;BEWAG;substation;110000;Markt St. Martin;1039,669906
MULTILINESTRING ((582183.0547083 5192361.28727023,585889.869675206 5197881.04084348));Minihof-Liebau;8384;Minihof-Liebau 25;;;7;97226005;Umspannwerk Jennersdorf (i.b.);;substation;110000;Jennersdorf;6648,92147
MULTILINESTRING ((592293.480363966 5201605.95344631,590574.289856597 5206994.33893227));Mogersdorf;8382;Mogersdorf 2;;;7;97218204;Umspannwerk Eltendorf;BEWAG;substation;"110000;20000";Eltendorf;5655,998068
MULTILINESTRING ((578966.068265468 5193121.68415813,585889.869675206 5197881.04084348));M�hlgraben;8385;Feldanergraben 1;;;7;97226005;Umspannwerk Jennersdorf (i.b.);;substation;110000;Jennersdorf;8401,8154
MULTILINESTRING ((643939.669543107 5319799.41081663,640975.997775058 5316693.8444378));Neudorf;2475;Untere Hauptstraße 2;;;7;96693577;Umspannwerk Parndorf-Walzwerk;BEWAG;substation;110000;Parndorf;4292,772167
MULTILINESTRING ((602989.548346404 5302341.84159551,595359.398350353 5295016.53963057));Neufeld_an_der_Leitha;2491;Hauptstraße 58;;;7;97586384;Umspannwerk Neudörfl;;substation;110000;Neudörfl;10577,29823
MULTILINESTRING ((578394.520915676 5190916.8648261,585889.869675206 5197881.04084348));Neuhaus_am_Klausenbach;8385;Hauptstraße 25;;;7;97226005;Umspannwerk Jennersdorf (i.b.);;substation;110000;Jennersdorf;10231,32448
MULTILINESTRING ((654487.043386117 5311748.23532144,651046.215927116 5322637.99764506));Nickelsdorf;2425;Obere Hauptstraße 3;;;7;118927581;Umspannwerk Pama;;substation;110000;Pama;11420,42981
MULTILINESTRING ((651607.902768704 5323653.82003592,651046.215927116 5322637.99764506));Pama;2422;Hauptplatz 1;;;7;118927581;Umspannwerk Pama;;substation;110000;Pama;1160,770105
MULTILINESTRING ((638566.7522038 5317741.4883517,640975.997775058 5316693.8444378));Parndorf;7111;Hauptstraße 52a;;;7;96693577;Umspannwerk Parndorf-Walzwerk;BEWAG;substation;110000;Parndorf;2627,169959
MULTILINESTRING ((645470.247017028 5322965.56061999,651046.215927116 5322637.99764506));Potzneusiedl;2473;Untere Hauptstraße 26;;;7;118927581;Umspannwerk Pama;;substation;110000;Pama;5585,582046
MULTILINESTRING ((581363.760584979 5243196.54443344,584828.162904137 5245941.5951021));Rohrbach_an_der_Lafnitz;8234;Obere Hauptstraße 17;;;7;97224229;Umspannwerk Pinkafeld;;substation;110000;Pinkafeld;4420,111605
MULTILINESTRING ((586358.847173285 5196971.91546105,585889.869675206 5197881.04084348));Sankt_Martin_an_der_Raab;8383;Hauptplatz 7;;;7;97226005;Umspannwerk Jennersdorf (i.b.);;substation;110000;Jennersdorf;1022,960828
MULTILINESTRING ((605782.618872933 5299139.73053635,615700.219041165 5300082.28239527));Steinbrunn;7035;Obere Hauptstraße 1;;;7;96689254;Umspannwerk Eisenstadt (i.b.);;substation;;Eisenstadt;9962,288748
MULTILINESTRING ((615658.28510929 5307150.38023754,615700.219041165 5300082.28239527));Stotzing;2443;Hauptstraße 19;;;7;96689254;Umspannwerk Eisenstadt (i.b.);;substation;;Eisenstadt;7068,222235
MULTILINESTRING ((590320.896378215 5201163.87120938,585889.869675206 5197881.04084348));Weichselbaum;8382;Maria-Bild 2a;;;7;97226005;Umspannwerk Jennersdorf (i.b.);;substation;110000;Jennersdorf;5514,614479
MULTILINESTRING ((606912.293888104 5308245.6709718,615700.219041165 5300082.28239527));Wimpassing_an_der_Leitha;2485;Hauptstraße 8;;;7;96689254;Umspannwerk Eisenstadt (i.b.);;substation;;Eisenstadt;11994,52131
MULTILINESTRING ((582495.502478126 5229906.35440662,589630.607499163 5225119.40617522));W�rterberg;7550;Wörterberg 49;;;7;97224226;Umspannwerk Stegersbach;BEWAG;substation;110000;Stegersbach;8592,124128
MULTILINESTRING ((649737.785095577 5316158.75458654,651046.215927116 5322637.99764506));Zurndorf;2424;Untere Hauptstraße 4;;;7;118927581;Umspannwerk Pama;;substation;110000;Pama;6610,036449
