WKT;Gemeinde;PLZ;Adresse Gemeindeamt;Lat;Lon;osm_id;power;location/operator;substation/voltage;landuse/name;Polit. Gemeinde;distance
MULTILINESTRING ((408272.700845016 5175534.93904254,406295.841452565 5184848.93890128));Afritz_am_See;9542;Schulstra�e 2;46,7270712;13,7995619;129009559;substation;KNG-Kärnten Netz GmbH;110000;Umspannwerk Kleinkirchheim;Bad Kleinkirchheim;9521,479214
MULTILINESTRING ((428166.688071364 5185835.22139065,430492.718840136 5174417.04056659));Albeck;9345;Sirnitz 1;46,822187;14,05825992;85471947;substation;KNG-Kärnten Netz GmbH;110000;Umspannwerk Feldkirchen;Feldkirchen in Kärnten;11652,69379
MULTILINESTRING ((459607.347323131 5191018.34423281,459152.879004625 5189815.36102072));Althofen;9330;Hauptplatz 8;46,8714771;14,4699657;97348720;substation;KNG-Kärnten Netz GmbH;110000;Umspannwerk Treibach;Althofen;1285,966586
MULTILINESTRING ((401086.835137334 5155933.79121689,399932.881074731 5157253.67757869));Arnoldstein;9601;Gemeindeplatz 4;46,5496938;13,7097432;85387757;substation;KNG-Kärnten Netz GmbH;110000;Umspannwerk Gailitz;Arnoldstein;1753,199928
MULTILINESTRING ((413096.820844175 5176048.50955043,406295.841452565 5184848.93890128));Arriach;9543;Arriach 60;46,73233681;13,86258512;129009559;substation;KNG-Kärnten Netz GmbH;110000;Umspannwerk Kleinkirchheim;Bad Kleinkirchheim;11122,08962
MULTILINESTRING ((399076.141538069 5164405.85125301,399932.881074731 5157253.67757869));Bad_Bleiberg;9530;Bad Bleiberg 49;46,6256184;13,68167505;85387757;substation;KNG-Kärnten Netz GmbH;110000;Umspannwerk Gailitz;Arnoldstein;7203,304166
MULTILINESTRING ((408216.128295254 5185206.66168851,406295.841452565 5184848.93890128));Bad_Kleinkirchheim;9546;Kirchheimer Weg 1;46,8140813;13,7968853;129009559;substation;KNG-Kärnten Netz GmbH;110000;Umspannwerk Kleinkirchheim;Bad Kleinkirchheim;1953,322081
MULTILINESTRING ((484082.515759354 5201131.78697706,483719.772881721 5201949.66402642));Bad_Sankt_Leonhard_im_Lavanttal;9462;Hauptplatz 46;46,9635228;14,7907722;742484357;substation;;110000;UW Sankt Leonhard;Bad St. Leonhard im Lavanttal;894,7095971
MULTILINESTRING ((381739.534690896 5184316.37014158,383851.644315418 5187394.74090807));Baldramsdorf;9805;Baldramsdorf 53;46,801899;13,4501721;83892438;substation;KNG-Kärnten Netz GmbH;"110000;20000";Umspannwerk Lieserhofen;Seeboden am Millstätter See;3733,279208
MULTILINESTRING ((357615.517662502 5178818.63565061,366367.025040468 5179286.92078644));Berg_im_Drautal;9771;Nr. 121;46,74773405;13,1358862;85489961;substation;;110000;Umspannwerk Steinfeld;Steinfeld;8764,027177
MULTILINESTRING ((484648.203764712 5159619.90654883,483512.917393796 5163889.78061379));Bleiburg;9150;10. Oktober-Platz 1;46,5899682;14,79959857;87264584;substation;KNG-Kärnten Netz GmbH;;Umspannwerk Bleiburg (i.b.);Bleiburg;4418,223588
MULTILINESTRING ((464260.794195658 5177345.12652555,463742.084148814 5175572.85983525));Br�ckl;9371;Marktplatz 1;46,7487015;14,5320945;96970398;substation;KNG-Kärnten Netz GmbH;110000;Umspannwerk Brückl;Brückl;1846,615643
MULTILINESTRING ((353040.687477679 5169345.40993628,352384.615551633 5167982.14858062));Dellach;9635;Nr. 65;46,6615393;13,0790517;85586883;substation;KNG-Kärnten Netz GmbH;110000;Umspannwerk Würmlach;Kötschach-Mauthen;1512,915033
MULTILINESTRING ((353674.318176068 5177867.28506862,344722.04705577 5178504.28599813));Dellach_im_Drautal;9772;Nr. 18;46,73832555;13,0846198;85489932;substation;KNG-Kärnten Netz GmbH;110000;Umspannwerk Oberdrauburg;Oberdraunburg;8974,905481
MULTILINESTRING ((428583.542266025 5190401.17526817,430492.718840136 5174417.04056659));Deutsch-Griffen;9572;Deutsch-Griffen 23;46,86331541;14,06301009;85471947;substation;KNG-Kärnten Netz GmbH;110000;Umspannwerk Feldkirchen;Feldkirchen in Kärnten;16097,74883
MULTILINESTRING ((470713.352474105 5176948.05718412,463742.084148814 5175572.85983525));Diex;9103;Diex 25;46,7454425;14,616596;96970398;substation;KNG-Kärnten Netz GmbH;110000;Umspannwerk Brückl;Brückl;7105,613964
MULTILINESTRING ((450976.515492715 5162059.29789572,447925.484070378 5161577.11870529));Ebenthal_in_K�rnten;9065;Miegerer Stra�e 30;46,6103056;14,3598102;86119509;substation;KNG-Kärnten Netz GmbH;110000;Umspannwerk Klagenfurt;Klagenfurt am Wörthersee;3088,897783
MULTILINESTRING ((472481.701700473 5159977.29731609,470862.982915631 5167552.83764191));Eberndorf;9141;Kirchplatz 1;46,592796;14,640759;86258560;substation;KNG-Kärnten Netz GmbH;;Umspannwerk Völkermarkt;Völkermarkt;7746,551603
MULTILINESTRING ((466352.156484264 5183871.05434048,464801.031608284 5187641.68819554));Eberstein;9372;Unterer Platz 1;46,807536;14,55899501;151942484;substation;KNG-Kärnten Netz GmbH;110000;Umspannwerk Wietersdorf;Klein St. Paul;4077,21327
MULTILINESTRING ((468703.245821419 5147929.23717426,460381.629375309 5156351.49502701));Eisenkappel-Vellach;9135;Bad Eisenkappel 260;46,4842068;14,59224632;87246307;substation;KNG-Kärnten Netz GmbH;110000;Kraftwerk Freibach;Gallizien;11839,92093
MULTILINESTRING ((390991.523595536 5158383.25971327,387587.984161216 5160292.16264019));Feistritz_an_der_Gail;9613;Mehrzweckhaus 100;46,57017;13,57752005;85586885;substation;KNG-Kärnten Netz GmbH;110000;Umspannwerk Vorderberg;St. Stefan im Gailtal;3902,305865
MULTILINESTRING ((437021.588349193 5148813.79027825,446174.793028053 5153085.64739241));Feistritz_im_Rosental;9181;Hauptplatz 126;46,48995045;14,17939045;86321299;substation;;110000;Umspannwerk Ferlach;Ferlach;10100,98605
MULTILINESTRING ((481666.878426855 5156987.32163493,483512.917393796 5163889.78061379));Feistritz_ob_Bleiburg;9143;St. Michael 111;46,56620185;14,76078505;87264584;substation;KNG-Kärnten Netz GmbH;;Umspannwerk Bleiburg (i.b.);Bleiburg;7145,054221
MULTILINESTRING ((404413.549960508 5180964.50953403,406295.841452565 5184848.93890128));Feld_am_See;9544;Rathausstra�e 25;46,7753802;13,7479382;129009559;substation;KNG-Kärnten Netz GmbH;110000;Umspannwerk Kleinkirchheim;Bad Kleinkirchheim;4316,45836
MULTILINESTRING ((430604.89117827 5174816.94582292,430492.718840136 5174417.04056659));Feldkirchen_in_K�rnten;9560;Hauptplatz 5;46,7233032;14,0918889;85471947;substation;KNG-Kärnten Netz GmbH;110000;Umspannwerk Feldkirchen;Feldkirchen in Kärnten;415,3394365
MULTILINESTRING ((446418.94423264 5152804.26054658,446174.793028053 5153085.64739241));Ferlach;9170;Kirchgasse 5;46,5266731;14,3013681;86321299;substation;;110000;Umspannwerk Ferlach;Ferlach;372,5431085
MULTILINESTRING ((395795.439485672 5177501.23400442,392511.992338592 5177208.98581948));Ferndorf;9702;Ferndorf Nr. 22;46,74293205;13,63586991;84006669;substation;KELAG;110000;Kraftwerk Kamering;Stockenboi;3296,427486
MULTILINESTRING ((413241.690447942 5157632.20887337,412654.371668346 5160814.6251793));Finkenstein_am_Faaker_See;9584;Marktstra�e 21;46,566654;13,8679437;211095612;substation;;110000;Umspannwerk Auen;Villach;3236,157736
MULTILINESTRING ((356935.702603903 5199651.99481305,356136.885434797 5199562.05617431));Flattach;9831;Flattach 73;46,9349678;13,1204653;83823298;substation;;110000;Kraftwerk Außerfragant;Flattach;803,8643097
MULTILINESTRING ((490543.434813908 5190518.70667614,487835.753097855 5188236.93905383));Frantschach-Sankt_Gertraud;9413;St. Gertraud 1;46,8681407;14,8759183;88381528;substation;;110000;UW Wolfsberg;Wolfsberg;3540,90437
MULTILINESTRING ((451750.124132543 5184391.52431217,452241.660496763 5178815.93415521));Frauenstein;9311;Schulstra�e 1;46,8113221;14,3675689;84880037;substation;KNG-Kärnten Netz GmbH;110000;Umspannwerk St. Veit an der Glan;St. Veit an der Glan;5597,214807
MULTILINESTRING ((399808.577663398 5174140.21712256,392511.992338592 5177208.98581948));Fresach;9712;Dorfplatz 160;46,71330765;13,689124;84006669;substation;KELAG;110000;Kraftwerk Kamering;Stockenboi;7915,648976
MULTILINESTRING ((454712.636082992 5200019.10925203,459152.879004625 5189815.36102072));Friesach;9360;F�rstenhofplatz 1;46,95215435;14,40484447;97348720;substation;KNG-Kärnten Netz GmbH;110000;Umspannwerk Treibach;Althofen;11127,99331
MULTILINESTRING ((462177.028610787 5156198.94151282,460381.629375309 5156351.49502701));Gallizien;9132;Gallizien 27;46,5582927;14,5065483;87246307;substation;KNG-Kärnten Netz GmbH;110000;Kraftwerk Freibach;Gallizien;1801,868749
MULTILINESTRING ((366418.144802444 5171845.82526739,366367.025040468 5179286.92078644));Gitschtal;9622;Wei�briach 202;46,6868324;13,25310052;85489961;substation;;110000;Umspannwerk Steinfeld;Steinfeld;7441,271111
MULTILINESTRING ((439730.090139428 5173797.31728629,439610.716988673 5171039.34811945));Glanegg;9555;Glanegg 20;46,7150135;14,2114234;85405514;substation;KNG-Kärnten Netz GmbH;110000;Umspannwerk Windischbach;Moosburg;2760,551371
MULTILINESTRING ((477096.604763874 5156039.57266678,483512.917393796 5163889.78061379));Globasnitz;9142;Globasnitz 111;46,5575325;14,7011986;87264584;substation;KNG-Kärnten Netz GmbH;;Umspannwerk Bleiburg (i.b.);Bleiburg;10138,77865
MULTILINESTRING ((429624.268722221 5195633.72482935,446904.1725545 5191880.55572147));Gl�dnitz;9346;Gl�dnitz 125;46,91050764;14,07585438;151942483;substation;KNG-Kärnten Netz GmbH;110000;Umspannwerk Gurk;Straßburg;17682,79827
MULTILINESTRING ((388437.218175683 5195876.36729035,388474.795282672 5196557.12272491));Gm�nd_in_K�rnten;9853;Hauptplatz 20;46,9070481;13,5350907;642903514;substation;KNG-Kärnten Netz GmbH;110000;Umspannwerk Gmünd;Gmünd in Kärnten;681,7917575
MULTILINESTRING ((420672.46388243 5180759.38494381,430492.718840136 5174417.04056659));Gnesau;9563;Gnesau 77;46,7756662;13,9609055;85471947;substation;KNG-Kärnten Netz GmbH;110000;Umspannwerk Feldkirchen;Feldkirchen in Kärnten;11690,28398
MULTILINESTRING ((459022.105735933 5162408.31930337,460381.629375309 5156351.49502701));Grafenstein;9131;Hauptstra�e 49;46,6139861;14,4648402;87246307;substation;KNG-Kärnten Netz GmbH;110000;Kraftwerk Freibach;Gallizien;6207,529689
MULTILINESTRING ((361039.964967006 5179065.32591636,366367.025040468 5179286.92078644));Greifenburg;9761;Greifenburg 240;46,7506743;13,1806214;85489961;substation;;110000;Umspannwerk Steinfeld;Steinfeld;5331,667029
MULTILINESTRING ((479187.765017054 5173288.10741141,475637.976786773 5168368.68640605));Griffen;9112;Griffen 5;46,71282419;14,72770241;83831570;substation;Austrian Power Grid AG;"380000;220000;110000";Umspannwerk Obersielach;Völkermarkt;6066,440431
MULTILINESTRING ((339909.27185867 5204395.50315774,344666.70333647 5206678.13334882));Gro�kirchheim;9843;D�llach 47;46,97373555;12,89525086;592473581;substation;KELAG;110000;KW Zirknitz;Großkirchheim;5276,699239
MULTILINESTRING ((445867.229869865 5191452.09930517,446904.1725545 5191880.55572147));Gurk;9342;Dr-Schnerich-Str. 12;46,8744034;14,2896281;151942483;substation;KNG-Kärnten Netz GmbH;110000;Umspannwerk Gurk;Straßburg;1121,973722
MULTILINESTRING ((462763.425480912 5193063.55037766,459152.879004625 5189815.36102072));Guttaring;9334;Unterer Markt 3;46,8900654;14,51121119;97348720;substation;KNG-Kärnten Netz GmbH;110000;Umspannwerk Treibach;Althofen;4856,622278
MULTILINESTRING ((336011.567293626 5211875.70316077,344666.70333647 5206678.13334882));Heiligenblut_am_Gro�glockner;9844;Hof 4;47,0400471;12,8413342;592473581;substation;KELAG;110000;KW Zirknitz;Großkirchheim;10095,84627
MULTILINESTRING ((375344.786095784 5164954.69240261,375979.803172526 5165160.9490378));Hermagor-Pressegger_See;9620;Wulfeniaplatz 1;46,6265645;13,37165;85639941;substation;KNG-Kärnten Netz GmbH;110000;Umspannwerk Hermagor;Hermagor-Pressegger See;667,6739379
MULTILINESTRING ((426308.833882838 5177798.28544134,430492.718840136 5174417.04056659));Himmelberg;9562;Turracher Stra�e 27;46,7496691;14,0351998;85471947;substation;KNG-Kärnten Netz GmbH;110000;Umspannwerk Feldkirchen;Feldkirchen in Kärnten;5379,378239
MULTILINESTRING ((395249.685102946 5156973.58151184,399932.881074731 5157253.67757869));Hohenthurn;9613;Draschitz 33;46,55816465;13,63338804;85387757;substation;KNG-Kärnten Netz GmbH;110000;Umspannwerk Gailitz;Arnoldstein;4691,564592
MULTILINESTRING ((465592.524016197 5198677.90937094,459152.879004625 5189815.36102072));H�ttenberg;9375;Reiftanzplatz 1;46,9407394;14,54792165;97348720;substation;KNG-Kärnten Netz GmbH;110000;Umspannwerk Treibach;Althofen;10955,08061
MULTILINESTRING ((349183.409621524 5179730.48316513,344722.04705577 5178504.28599813));Irschen;9773;Irschen 41;46,75408405;13,02525754;85489932;substation;KNG-Kärnten Netz GmbH;110000;Umspannwerk Oberdrauburg;Oberdraunburg;4626,80402
MULTILINESTRING ((460620.796291882 5187427.91831061,459152.879004625 5189815.36102072));Kappel_am_Krappfeld;9321;Bahnstra�e 43;46,839229;14,4835735;97348720;substation;KNG-Kärnten Netz GmbH;110000;Umspannwerk Treibach;Althofen;2802,617322
MULTILINESTRING ((437746.036752988 5160286.79868494,429019.326153566 5163638.70613635));Keutschach_am_See;9074;Keutschach 1;46,5932586;14,1872899;85391848;substation;Kelag;110000;Umspannwerk Techelsbergen am Wörthersee (i.b.);Techelsbergen am Wörther See;9348,302597
MULTILINESTRING ((361111.375491272 5166947.09674734,368227.406849676 5164124.90936228));Kirchbach;9632;Kirchbach 155;46,64168915;13,1852124;83896165;substation;KNG-Kärnten Netz GmbH;110000;Umspannwerk Tröpolach;Hermagor-Pressegger See;7655,236373
MULTILINESTRING ((446924.152625919 5163611.43666144,447925.484070378 5161577.11870529));Klagenfurt_am_W�rthersee;9201;Neuer Platz 1;46,6239645;14,3067166;86119509;substation;KNG-Kärnten Netz GmbH;110000;Umspannwerk Klagenfurt;Klagenfurt am Wörthersee;2267,402525
MULTILINESTRING ((373666.186224817 5180844.43369659,374898.235240421 5187932.93315579));Kleblach-Lind;9753;Lind 25;46,76918643;13,34537035;83892416;substation;;110000;KW Malta-Unterstufe;Lurnfeld;7194,773753
MULTILINESTRING ((464982.590135745 5187040.68884705,464801.031608284 5187641.68819554));Klein_Sankt_Paul;9373;Marktstra�e 17;46,8359882;14,5408026;151942484;substation;KNG-Kärnten Netz GmbH;110000;Umspannwerk Wietersdorf;Klein St. Paul;627,82459
MULTILINESTRING ((347046.094072506 5170625.08115907,352384.615551633 5167982.14858062));K�tschach-Mauthen;9640;K�tschach 390;46,6717064;13,0003178;85586883;substation;KNG-Kärnten Netz GmbH;110000;Umspannwerk Würmlach;Kötschach-Mauthen;5956,920698
MULTILINESTRING ((440982.562807339 5156658.25352869,446246.406541102 5154893.63664194));K�ttmannsdorf;9071;Karawankenblick 1;46,56089905;14,2300003;86321271;substation;Verbund Hydro Power GmbH;110000;Kraftwerk Ferlach-Maria Rain;Ferlach;5551,749599
MULTILINESTRING ((399762.25975872 5197806.09502884,388474.795282672 5196557.12272491));Krems_in_K�rnten;9862;Nr. 35;46,926215;13,68332995;642903514;substation;KNG-Kärnten Netz GmbH;110000;Umspannwerk Gmünd;Gmünd in Kärnten;11356,35444
MULTILINESTRING ((439864.301447882 5163918.39071359,439610.716988673 5171039.34811945));Krumpendorf_am_W�rthersee;9201;Hauptstra�e 145;46,6261307;14,2144683;85405514;substation;KNG-Kärnten Netz GmbH;110000;Umspannwerk Windischbach;Moosburg;7125,471174
MULTILINESTRING ((495755.463185393 5166181.1756921,496587.673434634 5164482.05365706));Lavam�nd;9473;Lavam�nd 65;46,64917753;14,94453164;593152355;substation;KELAG;110000;Kraftwerk Koralpe;Lavamünd;1891,980335
MULTILINESTRING ((381157.740556834 5187798.30694821,383851.644315418 5187394.74090807));Lendorf;9811;Feicht 2a;46,83311805;13,44164557;83892438;substation;KNG-Kärnten Netz GmbH;"110000;20000";Umspannwerk Lieserhofen;Seeboden am Millstätter See;2723,964576
MULTILINESTRING ((333027.575000332 5173323.63247758,344722.04705577 5178504.28599813));Lesachtal;9655;Liesing 29;46,692625;12,8161951;85489932;substation;KNG-Kärnten Netz GmbH;110000;Umspannwerk Oberdrauburg;Oberdraunburg;12790,61561
MULTILINESTRING ((445715.290165962 5176284.8489967,452241.660496763 5178815.93415521));Liebenfels;9556;Hauptplatz 9;46,7379104;14,2894339;84880037;substation;KNG-Kärnten Netz GmbH;110000;Umspannwerk St. Veit an der Glan;St. Veit an der Glan;6999,992984
MULTILINESTRING ((433867.282405066 5154566.00889739,425433.50464315 5157591.34160968));Ludmannsdorf;9072;Ludmannsdorf 27;46,5414096;14,1374758;86166232;substation;KNG-Kärnten Netz GmbH;110000;Umspannwerk Rosegg;St. Jakob im Rosental;8959,98021
MULTILINESTRING ((375628.794775771 5188371.69971933,374898.235240421 5187932.93315579));Lurnfeld;9812;Hauptstra�e 2;46,8372661;13,3690189;83892416;substation;;110000;KW Malta-Unterstufe;Lurnfeld;852,193248
MULTILINESTRING ((455826.878660671 5169210.92413445,455718.279939933 5168357.67385651));Magdalensberg;9064;G�rtschitztal Stra�e 135;46,67499905;14,4224624;95848249;substation;KNG-Kärnten Netz GmbH;110000;Umspannwerk Lassendorf;Magdalensberg;860,1335472
MULTILINESTRING ((361075.129260325 5205782.69230496,356136.885434797 5199562.05617431));Mallnitz;9822;Mallnitz 11;46,99098848;13,17294219;83823298;substation;;110000;Kraftwerk Außerfragant;Flattach;7942,453396
MULTILINESTRING ((386307.085007832 5200996.25655713,388474.795282672 5196557.12272491));Malta;9854;Malta 13;46,9527444;13,5058494;642903514;substation;KNG-Kärnten Netz GmbH;110000;Umspannwerk Gmünd;Gmünd in Kärnten;4940,129251
MULTILINESTRING ((445404.684748713 5156611.8654439,446246.406541102 5154893.63664194));Maria_Rain;9161;Kirchenstra�e 1;46,5608554;14,2876964;86321271;substation;Verbund Hydro Power GmbH;110000;Kraftwerk Ferlach-Maria Rain;Ferlach;1913,323232
MULTILINESTRING ((450158.729157797 5169957.64203591,455718.279939933 5168357.67385651));Maria_Saal;9063;Am Platzl 7;46,6813205;14,3482785;95848249;substation;KNG-Kärnten Netz GmbH;110000;Umspannwerk Lassendorf;Magdalensberg;5785,196892
MULTILINESTRING ((437396.89698623 5161754.65434457,429019.326153566 5163638.70613635));Maria_W�rth;9082;W�rthersee-S�duferstra�e 115;46,6064346;14,1825338;85391848;substation;Kelag;110000;Umspannwerk Techelsbergen am Wörthersee (i.b.);Techelsbergen am Wörther See;8586,812226
MULTILINESTRING ((440459.251318327 5203391.19700907,446904.1725545 5191880.55572147));Metnitz;9363;Marktplatz 4;46,9813695;14,2171031;151942483;substation;KNG-Kärnten Netz GmbH;110000;Umspannwerk Gurk;Straßburg;13192,11403
MULTILINESTRING ((456410.680539823 5195834.28888794,459152.879004625 5189815.36102072));Micheldorf;9322;Hauptstra�e 28;46,9146114;14,42756;97348720;substation;KNG-Kärnten Netz GmbH;110000;Umspannwerk Treibach;Althofen;6614,162463
MULTILINESTRING ((390977.570569975 5184517.74846401,386997.317265755 5182882.01236436));Millstatt_am_See;9872;Marktplatz 8;46,8052858;13,5711504;86385664;substation;KNG-Kärnten Netz GmbH;110000;Umspannwerk Spittal an der Drau;Spittal an der Drau;4303,26027
MULTILINESTRING ((457756.545049226 5190194.89190747,459152.879004625 5189815.36102072));M�lbling;9341;M�lbling Nr. 16;46,8639522;14,4457568;97348720;substation;KNG-Kärnten Netz GmbH;110000;Umspannwerk Treibach;Althofen;1446,994198
MULTILINESTRING ((436791.095482459 5167406.28014443,439610.716988673 5171039.34811945));Moosburg;9062;Kirchplatz 1;46,65723345;14,1738506;85405514;substation;KNG-Kärnten Netz GmbH;110000;Umspannwerk Windischbach;Moosburg;4598,852938
MULTILINESTRING ((341168.05793044 5198598.07666651,344666.70333647 5206678.13334882));M�rtschach;9842;M�rtschach 42;46,921903;12,9138166;592473581;substation;KELAG;110000;KW Zirknitz;Großkirchheim;8804,989249
MULTILINESTRING ((374115.171462514 5190530.90288845,372563.117257172 5192181.57937922));M�hldorf;9814;M�hldorf 10;46,8564042;13,3485826;83805040;substation;;"220000;110000";KW Malta-Hauptstufe;Spittal an der Drau;2265,746043
MULTILINESTRING ((491361.712608289 5165434.30831691,490400.052837943 5167220.1679619));Neuhaus;9155;Neuhaus 12;46,642414;14,8871274;87372613;substation;Verbund Hydro Power GmbH;110000;Kraftwerk Schwabeck;Lavamünd;2028,320533
MULTILINESTRING ((394398.874460829 5160398.65182506,399932.881074731 5157253.67757869));N�tsch_im_Gailtal;9611;Nr. 222;46,5888463;13,6215106;85387757;substation;KNG-Kärnten Netz GmbH;110000;Umspannwerk Gailitz;Arnoldstein;6365,225229
MULTILINESTRING ((344959.315349179 5179189.3869478,344722.04705577 5178504.28599813));Oberdrauburg;9781;Marktplatz 1;46,7482502;12,9701664;85489932;substation;KNG-Kärnten Netz GmbH;110000;Umspannwerk Oberdrauburg;Oberdraunburg;725,0238302
MULTILINESTRING ((362983.047023052 5199376.8842999,356136.885434797 5199562.05617431));Obervellach;9821;Obervellach 21;46,9337698;13,19995538;83823298;substation;;110000;Kraftwerk Außerfragant;Flattach;6848,665353
MULTILINESTRING ((422262.697447782 5169673.24430379,415294.552265776 5164793.75541872));Ossiach;9570;Ossiach 8;46,6761028;13,9836077;84014731;substation;KNG-Kärnten Netz GmbH;110000;Umspannwerk Landskron;Villach;8506,730221
MULTILINESTRING ((396154.820272754 5173895.13166746,392511.992338592 5177208.98581948));Paternion;9711;Hauptstra�e 83;46,71054515;13,6413881;84006669;substation;KELAG;110000;Kraftwerk Kamering;Stockenboi;4924,614168
MULTILINESTRING ((457988.382254411 5166529.1469059,455718.279939933 5168357.67385651));Poggersdorf;9130;Hauptplatz 1;46,6510052;14,4509658;95848249;substation;KNG-Kärnten Netz GmbH;110000;Umspannwerk Lassendorf;Magdalensberg;2914,940021
MULTILINESTRING ((434666.230922853 5164964.57353371,429019.326153566 5163638.70613635));P�rtschach_am_W�rther_See;9210;Hauptstra�e 153;46,6350583;14,1464271;85391848;substation;Kelag;110000;Umspannwerk Techelsbergen am Wörthersee (i.b.);Techelsbergen am Wörther See;5800,470483
MULTILINESTRING ((494944.196927391 5198711.71554578,483719.772881721 5201949.66402642));Preitenegg;9451;Preitenegg 5;46,94191686;14,93357061;742484357;substation;;110000;UW Sankt Leonhard;Bad St. Leonhard im Lavanttal;11682,12333
MULTILINESTRING ((400864.218455629 5183715.48172909,399892.248960075 5183656.3595093));Radenthein;9873;Hauptstra�e 65;46,7996121;13,700863;598622572;substation;KNG-Kärnten Netz GmbH;110000;Umspannwerk Radenthein;Radenthein;973,7659561
MULTILINESTRING ((344026.245671004 5191962.32833725,344722.04705577 5178504.28599813));Rangersdorf;9833;Nr. 40;46,86290428;12,95360498;85489932;substation;KNG-Kärnten Netz GmbH;110000;Umspannwerk Oberdrauburg;Oberdraunburg;13476,01733
MULTILINESTRING ((415656.864055284 5189559.4241866,406295.841452565 5184848.93890128));Reichenau;9564;Ebene Reichenau 80;46,8542282;13,89359645;129009559;substation;KNG-Kärnten Netz GmbH;110000;Umspannwerk Kleinkirchheim;Bad Kleinkirchheim;10479,38051
MULTILINESTRING ((480621.04855767 5205981.58074918,483719.772881721 5201949.66402642));Reichenfels;9463;Liftstra�e 1;47,00707245;14,74506588;742484357;substation;;110000;UW Sankt Leonhard;Bad St. Leonhard im Lavanttal;5085,119949
MULTILINESTRING ((370761.094928923 5192805.61712353,371402.952460482 5192368.95462496));Rei�eck;9816;Unterkolbnitz 50;46,8762222;13,30395715;83805050;substation;Verbund Hydro Power GmbH;110000;KW Reißeck;Spittal an der Drau;776,3087198
MULTILINESTRING ((394514.432043947 5208088.69399501,393916.838056523 5209358.46867792));Rennweg_am_Katschberg;9862;Rennweg 51;47,0179056;13,6120258;86415777;substation;KNG-Kärnten Netz GmbH;110000;Umspannwerk Rennweg;Rennweg am Katschberg;1403,36963
MULTILINESTRING ((425103.414908699 5160237.54660921,425433.50464315 5157591.34160968));Rosegg;9232;Schlossallee 2;46,591524;14,022274;86166232;substation;KNG-Kärnten Netz GmbH;110000;Umspannwerk Rosegg;St. Jakob im Rosental;2666,713358
MULTILINESTRING ((482393.798289862 5167009.88514733,483512.917393796 5163889.78061379));Ruden;9113;Obermitterdorf 30;46,6564174;14,76988831;87264584;substation;KNG-Kärnten Netz GmbH;;Umspannwerk Bleiburg (i.b.);Bleiburg;3314,736772
MULTILINESTRING ((374233.20405204 5187380.28635194,374898.235240421 5187932.93315579));Sachsenburg;9751;Marktplatz 12;46,82808585;13,35099796;83892416;substation;;110000;KW Malta-Unterstufe;Lurnfeld;864,6877884
MULTILINESTRING ((486376.785195719 5179434.24676735,487627.731588587 5179849.77635087));Sankt_Andr�;9433;St. Andr� 210;46,76831925;14,82157725;88381335;substation;;110000;Umspannwerk Sankt Andrä;St. Andrä;1318,154662
MULTILINESTRING ((458582.12275135 5179617.31213022,452241.660496763 5178815.93415521));Sankt_Georgen_am_L�ngsee;9313;Hauptstra�e 24;46,7688202;14,4575461;84880037;substation;KNG-Kärnten Netz GmbH;110000;Umspannwerk St. Veit an der Glan;St. Veit an der Glan;6390,905121
MULTILINESTRING ((493600.102236987 5173897.37014824,496641.651510667 5168817.99812914));Sankt_Georgen_im_Lavanttal;9423;Dorfplatz 10;46,7186004;14,9162578;137946515;substation;;110000;Umspannwerk Ettendorf;Lavamünd;5920,392056
MULTILINESTRING ((428608.629232145 5154889.31061394,425433.50464315 5157591.34160968));Sankt_Jakob_im_Rosental;9184;Nr. 60;46,5437811;14,0688499;86166232;substation;KNG-Kärnten Netz GmbH;110000;Umspannwerk Rosegg;St. Jakob im Rosental;4169,21907
MULTILINESTRING ((467517.174334537 5162395.59012824,470862.982915631 5167552.83764191));Sankt_Kanzian_am_Klopeiner_See;9122;Klopeiner Stra�e 5;46,6143367;14,5757808;86258560;substation;KNG-Kärnten Netz GmbH;;Umspannwerk Völkermarkt;Völkermarkt;6147,490299
MULTILINESTRING ((455415.432452966 5154312.05820691,453673.104403402 5154790.83042546));Sankt_Margareten_im_Rosental;9173;St. Margareten 9;46,5408981;14,4185198;153783851;substation;KNG-Kärnten Netz GmbH;110000;Umspannwerk Sankt Margareten;St. Margareten im Rosental;1806,911694
MULTILINESTRING ((490047.147737048 5171963.50515305,490400.052837943 5167220.1679619));Sankt_Paul_im_Lavanttal;9470;Platz St. Blasien 1;46,7011537;14,8698096;87372613;substation;Verbund Hydro Power GmbH;110000;Kraftwerk Schwabeck;Lavamünd;4756,447174
MULTILINESTRING ((386555.781145259 5164136.90944151,387587.984161216 5160292.16264019));Sankt_Stefan_im_Gailtal;9623;Schm�lzing 7;46,6211978;13,5182457;85586885;substation;KNG-Kärnten Netz GmbH;110000;Umspannwerk Vorderberg;St. Stefan im Gailtal;3980,894502
MULTILINESTRING ((436646.095962361 5177773.23436615,430492.718840136 5174417.04056659));Sankt_Urban;9554;Dorfplatz 1;46,7505046;14,170528;85471947;substation;KNG-Kärnten Netz GmbH;110000;Umspannwerk Feldkirchen;Feldkirchen in Kärnten;7009,143088
MULTILINESTRING ((450895.160248622 5179460.34787446,452241.660496763 5178815.93415521));Sankt_Veit_an_der_Glan;9300;Hauptplatz 1;46,7668863;14,356892;84880037;substation;KNG-Kärnten Netz GmbH;110000;Umspannwerk St. Veit an der Glan;St. Veit an der Glan;1492,759847
MULTILINESTRING ((430973.152639876 5161405.98314341,429019.326153566 5163638.70613635));Schiefling_am_W�rthersee;9535;Pyramidenkogelstr. 150;46,6026671;14,0987152;85391848;substation;Kelag;110000;Umspannwerk Techelsbergen am Wörthersee (i.b.);Techelsbergen am Wörther See;2966,899038
MULTILINESTRING ((387044.072824174 5186119.40537012,385333.453307014 5185996.92666399));Seeboden_am_Millst�tter_See;9871;Hauptplatz 1;46,8190393;13,5192197;590581731;substation;KNG-Kärnten Netz GmbH;110000;UW Lieserbrücke;Seeboden am Millstätter See;1714,998591
MULTILINESTRING ((469095.955770135 5155301.14116374,460381.629375309 5156351.49502701));Sittersdorf;9133;Sittersdorf 100a;46,55056693;14,59687234;87246307;substation;KNG-Kärnten Netz GmbH;110000;Kraftwerk Freibach;Gallizien;8777,398689
MULTILINESTRING ((385274.63632384 5183851.52133547,386997.317265755 5182882.01236436));Spittal_an_der_Drau;9702;Burgplatz 5;46,7983351;13,4966003;86385664;substation;KNG-Kärnten Netz GmbH;110000;Umspannwerk Spittal an der Drau;Spittal an der Drau;1976,759285
MULTILINESTRING ((350290.196457815 5194486.82128637,356136.885434797 5199562.05617431));Stall;9832;Stall 6;46,8870481;13,0349094;83823298;substation;;110000;Kraftwerk Außerfragant;Flattach;7742,20777
MULTILINESTRING ((421509.516428041 5170712.48367775,415294.552265776 5164793.75541872));Steindorf_am_Ossiacher_See;9552;10.-Oktober-Stra�e 1;46,6853658;13,9735846;84014731;substation;KNG-Kärnten Netz GmbH;110000;Umspannwerk Landskron;Villach;8582,37285
MULTILINESTRING ((366204.251511106 5179742.25881837,366367.025040468 5179286.92078644));Steinfeld;9754;Hauptplatz 1;46,75781805;13,24800619;85489961;substation;;110000;Umspannwerk Steinfeld;Steinfeld;483,5575924
MULTILINESTRING ((432417.69173926 5181974.46757536,430492.718840136 5174417.04056659));Steuerberg;9560;Nr. 40;46,7878929;14,1145541;85471947;substation;KNG-Kärnten Netz GmbH;110000;Umspannwerk Feldkirchen;Feldkirchen in Kärnten;7798,732183
MULTILINESTRING ((391573.371056258 5176046.02526134,392511.992338592 5177208.98581948));Stockenboi;9714;Zlan Nr. 2;46,7291683;13,5809598;84006669;substation;KELAG;110000;Kraftwerk Kamering;Stockenboi;1494,485588
MULTILINESTRING ((449101.547281223 5193757.6371755,446904.1725545 5191880.55572147));Stra�burg;9341;Hauptplatz 1;46,8954049;14,3318107;151942483;substation;KNG-Kärnten Netz GmbH;110000;Umspannwerk Gurk;Straßburg;2889,96375
MULTILINESTRING ((434807.1335015 5165677.02519993,429019.326153566 5163638.70613635));Techelsberg_am_W�rther_See;9212;Amtshaus St. Martin;46,6414829;14,14816715;85391848;substation;Kelag;110000;Umspannwerk Techelsbergen am Wörthersee (i.b.);Techelsbergen am Wörther See;6136,241399
MULTILINESTRING ((385772.855081733 5192922.11147635,388474.795282672 5196557.12272491));Trebesing;9852;Trebesing 15;46,88001913;13,50085851;642903514;substation;KNG-Kärnten Netz GmbH;110000;Umspannwerk Gmünd;Gmünd in Kärnten;4529,214902
MULTILINESTRING ((412496.148791182 5168903.16422893,415294.552265776 5164793.75541872));Treffen_am_Ossiacher_See;9520;Marktplatz 2;46,6679686;13,8560837;84014731;substation;KNG-Kärnten Netz GmbH;110000;Umspannwerk Landskron;Villach;4971,750474
MULTILINESTRING ((426636.432177647 5162638.20333644,429019.326153566 5163638.70613635));Velden_am_W�rther_See;9220;Seecorso 2;46,6132947;14,0419029;85391848;substation;Kelag;110000;Umspannwerk Techelsbergen am Wörthersee (i.b.);Techelsbergen am Wörther See;2584,412806
MULTILINESTRING ((411690.334610493 5162808.39532094,412654.371668346 5160814.6251793));Villach;9587;Rathausplatz 1;46,6130251;13,8467176;211095612;substation;;110000;Umspannwerk Auen;Villach;2214,607601
MULTILINESTRING ((472001.53328927 5167507.49782662,470862.982915631 5167552.83764191));V�lkermarkt;9100;Hauptplatz 1;46,6605417;14,6340343;86258560;substation;KNG-Kärnten Netz GmbH;;Umspannwerk Völkermarkt;Völkermarkt;1139,452786
MULTILINESTRING ((438720.103985034 5188656.72996318,446904.1725545 5191880.55572147));Weitensfeld_im_Gurktal;9344;Weitensfeld 202;46,84863;14,1962224;151942483;substation;KNG-Kärnten Netz GmbH;110000;Umspannwerk Gurk;Straßburg;8796,13727
MULTILINESTRING ((369230.214843249 5175343.96554341,366367.025040468 5179286.92078644));Wei�ensee;9762;Techendorf 90;46,71885435;13,2888639;85489961;substation;;110000;Umspannwerk Steinfeld;Steinfeld;4872,858698
MULTILINESTRING ((401926.428858673 5170652.17122613,392511.992338592 5177208.98581948));Wei�enstein;9722;Dorfplatz 10;46,6822398;13,7175695;84006669;substation;KELAG;110000;Kraftwerk Kamering;Stockenboi;11472,7256
MULTILINESTRING ((418711.477471599 5163892.96349889,415294.552265776 5164793.75541872));Wernberg;9241;Bundesstra�e 11;46,62367135;13,93820289;84014731;substation;KNG-Kärnten Netz GmbH;110000;Umspannwerk Landskron;Villach;3533,667209
MULTILINESTRING ((338356.798670997 5193161.1398591,344666.70333647 5206678.13334882));Winklern;9841;Winklern 9;46,8723314;12,8788475;592473581;substation;KELAG;110000;KW Zirknitz;Großkirchheim;14917,23868
MULTILINESTRING ((488103.63250713 5187412.1786635,487835.753097855 5188236.93905383));Wolfsberg;9400;Rathausplatz 1;46,840146;14,8439862;88381528;substation;;110000;UW Wolfsberg;Wolfsberg;867,1730389
MULTILINESTRING ((452221.1557558 5145990.83753551,453673.104403402 5154790.83042546));Zell;9170;Zell-Pfarre 75;46,46579595;14,3777169;153783851;substation;KNG-Kärnten Netz GmbH;110000;Umspannwerk Sankt Margareten;St. Margareten im Rosental;8918,970217
