WKT;Gemeinde;PLZ;Adresse Gemeindeamt;Lat;Lon;osm_id;location/substatoin;name/operator;operator;substation/voltage;Polit. Gemeinde;distance
MULTILINESTRING ((441561.366349521 5315735.49471417,440922.881626302 5322041.29268108));Adlwang;4541;Kirchenplatz 5;47,9922484;14,2167079;95025698;Umspannwerk Bad Hall;;substation;110000;Bad Hall;6338,039976
MULTILINESTRING ((409946.855386595 5329189.96689588,418100.149659851 5328386.32567644));Aichkirchen;4671;Aichkirchen 26;48,1096022;13,7902062;118132395;Umspannwerk Lambach;Energie AG;substation;110000;Edt bei Lambach;8192,80457
MULTILINESTRING ((424235.175310637 5388704.67776957,425762.597979082 5378618.29438513));Aigen-Schl�gl;4160;Marktplatz 17;48,6468065;13,9713944;98308316;Umspannwerk Rohrbach-Berg (i.b.);;substation;110000;Rohrbach-Berg;10201,3798
MULTILINESTRING ((406610.97858487 5337696.5897659,412292.417524792 5343247.1638294));Aistersheim;4676;Aistersheim 5;48,18563705;13,74353572;95024146;Umspannwerk Grieskirchen;Energie AG;substation;110000;Grieskirchen;7942,771611
MULTILINESTRING ((456872.143528639 5361607.22946081,462973.208721925 5356404.63162904));Alberndorf_in_der_Riedmark;4211;Kalchgruberstra�e 2;48,4061454;14,4172539;95843031;Umspannwerk Friensdorf;Linz Strom AG;substation;110000;Wartberg ob der Aist;8018,105804
MULTILINESTRING ((433761.618324524 5348686.09147222,437067.724471777 5351667.20077083));Alkoven;4072;Alte Hauptstra�e 40;48,2879076;14,10704875;91579706;Kraftwerk Ottensheim;Energie AG;substation;110000;Wilhering;4451,668284
MULTILINESTRING ((474163.173871984 5349875.2230711,465767.077176729 5343162.33881871));Allerheiligen_im_M�hlkreis;4320;Allerheiligen i.M. 2;48,3015449;14,6516056;95828347;Umspannwerk Mauthausen;Linz AG;substation;110000;Mauthausen;10749,75603
MULTILINESTRING ((438667.283138915 5333653.05784842,433060.360494445 5335935.0506233));Allhaming;4511;Allhaming 46;48,15316631;14,17534903;87526678;Umspannwerk Marchtrenk (i.b.);;substation;110000;Marchtrenk;6053,517371
MULTILINESTRING ((451868.970588051 5357965.10051302,449955.649715607 5352547.80154689));Altenberg_bei_Linz;4203;Marktplatz 1;48,3730186;14,3500724;33077861;Umspannwerk Katzbach;Linz AG;substation;;Linz;5745,252375
MULTILINESTRING ((423910.918975446 5370763.9201541,425762.597979082 5378618.29438513));Altenfelden;4121;Veldenstra�e 3;48,4853929;13,9702746;98308316;Umspannwerk Rohrbach-Berg (i.b.);;substation;110000;Rohrbach-Berg;8069,690805
MULTILINESTRING ((368514.705956166 5345455.68016931,371579.282921807 5339683.90759487));Altheim;4950;Braunauer Stra�e 7;48,2486681;13,2287963;122351223;Umspannwerk Roßbach;;substation;110000;Roßbach;6534,905556
MULTILINESTRING ((407568.088307327 5306028.58689915,409279.657739169 5308504.13179454));Altm�nster;4814;Marktstra�e 21;47,9009231;13,7632482;86869607;Umspannwerk Gmunden;Energie AG;substation;110000;Gmunden;3009,616661
MULTILINESTRING ((402722.331478627 5352927.1761171,412292.417524792 5343247.1638294));Altschwendt;4721;Altschwendt 9;48,32204386;13,68773016;95024146;Umspannwerk Grieskirchen;Energie AG;substation;110000;Grieskirchen;13612,097
MULTILINESTRING ((393292.637713956 5327688.79729008,394713.630742453 5318462.35404121));Ampflwang_im_Hausruckwald;4843;Hausruckstra�e 12;48,0935277;13,5669121;33840061;Umspannwerk Timelkam;;substation;110000;Timelkam;9335,2277
MULTILINESTRING ((394360.172032992 5358528.48311029,385366.007561848 5367261.26050209));Andorf;4770;Hauptstra�e 32;48,3710791;13,5735546;95975628;Umspannwerk Aigerding;Energie AG;substation;110000;St. Florian am Inn;12536,20339
MULTILINESTRING ((390177.927546673 5346640.27077195,389677.978809151 5340781.44565609));Andrichsfurt;4754;Andrichsfurt 40;48,26344639;13,52019734;81216242;Umspannwerk Ried;;substation;110000;Hohenzell;5880,117386
MULTILINESTRING ((444300.495848975 5339331.25883913,442334.598536097 5339350.64492124));Ansfelden;4052;Hauptplatz 41;48,2047666;14,2503391;33058565;Umspannwerk Pucking (i.b.);Energie AG Oberösterreich;substation;110000;Pucking;1965,992895
MULTILINESTRING ((381527.224446052 5355961.45336086,381119.922046782 5356444.62642409));Antiesenhofen;4980;Ortsplatz 1;48,3457149;13,4010616;95978048;Umspannwerk Antiesenhofen;;substation;110000;Antiesenhofen;631,942603
MULTILINESTRING ((478080.961738934 5341706.21712759,482178.974195514 5339186.37962415));Arbing;4341;Hauptstra�e 39;48,2281991;14,7048573;174531795;Umspannwerk Baumgartenberg;Linz Strom GmbH;substation;;Baumgartenberg;4810,747046
MULTILINESTRING ((425995.367928434 5375055.82138333,425762.597979082 5378618.29438513));Arnreit;4122;Arnreit 13;48,52424751;13,99771823;98308316;Umspannwerk Rohrbach-Berg (i.b.);;substation;110000;Rohrbach-Berg;3570,06943
MULTILINESTRING ((427781.476406993 5357493.0498714,431814.017660815 5355571.75854654));Aschach_an_der_Donau;4082;Abelstra�e 44;48,3664753;14,0249337;587747481;Umspannwerk Feldkirchen;;substation;;Feldkirchen an der Donau;4466,850044
MULTILINESTRING ((450473.715314995 5317952.10061055,453594.958902084 5315796.04633543));Aschach_an_der_Steyr;4421;Hauptstra�e 27;48,0129427;14,3359011;33482741;Kraftwerk Rosenau;;substation;110000;Garsten;3793,511772
MULTILINESTRING ((373987.011999674 5338251.60301413,371579.282921807 5339683.90759487));Aspach;5251;Marktplatz 9;48,18499425;13,3046189;122351223;Umspannwerk Roßbach;;substation;110000;Roßbach;2801,545239
MULTILINESTRING ((456816.486110781 5343648.33437048,453723.54281654 5345005.23349113));Asten;4481;Marktplatz 2;48,2445796;14,4183419;93370554;Umspannwerk Pichling;;substation;110000;Linz;3377,495144
MULTILINESTRING ((390447.834519952 5307730.83377088,397021.295222577 5315383.57059721));Attersee_am_Attersee;4864;Nu�dorferstra�e 15;47,9135386;13,5338159;118098478;Umspannwerk Lenzing;;substation;;Lenzing;10088,34806
MULTILINESTRING ((404579.584313453 5318234.15959015,399939.311357644 5316241.96073699));Attnang-Puchheim;4800;Rathausplatz 9;48,01027485;13,72056376;93187006;Umspannwerk Vöcklabruck;;substation;110000;Regau;5049,850431
MULTILINESTRING ((414248.297018955 5378015.35434662,407761.312144478 5371510.00539332));Atzesberg;4152;Marktplatz 2;48,5493721;13,8380444;97989146;Kraftwerk Ranna;Energie AG;substation;110000;Neustift im Mühlkreis;9186,97653
MULTILINESTRING ((430979.848993638 5375050.08277879,425762.597979082 5378618.29438513));Auberg;4171;Hollerberg 9;48,5247638;14,0652168;98308316;Umspannwerk Rohrbach-Berg (i.b.);;substation;110000;Rohrbach-Berg;6320,746967
MULTILINESTRING ((358692.600330916 5326238.97092521,358810.384431328 5329041.86296233));Auerbach;5224;Auerbach 2;48,07375814;13,10294241;185860195;Umspannwerk Wagenham;Energie AG;substation;110000;Pischelsdorf am Engelbach;2805,365728
MULTILINESTRING ((400940.891879291 5311777.2922812,399939.311357644 5316241.96073699));Aurach_am_Hongar;4861;Aurach a.H. 2;47,95164295;13,6732772;93187006;Umspannwerk Vöcklabruck;;substation;110000;Regau;4575,634159
MULTILINESTRING ((385365.763255731 5345213.35041097,389677.978809151 5340781.44565609));Aurolzm�nster;4971;Schlossstra�e 1;48,2497608;13,45576616;81216242;Umspannwerk Ried;;substation;110000;Hohenzell;6183,605965
MULTILINESTRING ((410380.809216526 5331680.61247987,418100.149659851 5328386.32567644));Bachmanning;4672;Gemeinde Bachmanning;48,13206679;13,79551101;118132395;Umspannwerk Lambach;Energie AG;substation;110000;Edt bei Lambach;8392,886418
MULTILINESTRING ((396088.239583698 5277307.94354025,397242.599314264 5273616.98864934));Bad_Goisern_am_Hallst�ttersee;4822;Untere Marktstra�e 1;47,6408267;13,61656;95642941;Kraftwerk Steeg;;substation;110000;Bad Goisern am Hallstättersee;3867,259287
MULTILINESTRING ((441009.987045404 5320520.55034439,440922.881626302 5322041.29268108));Bad_Hall;4540;Hauptplatz 5;48,0352456;14,2086597;95025698;Umspannwerk Bad Hall;;substation;110000;Bad Hall;1523,234916
MULTILINESTRING ((396637.167078813 5285124.67199909,394751.531661406 5285841.45687785));Bad_Ischl;4820;Pfarrgasse 11;47,7112268;13,6220157;95743675;Umspannwerk Pfandl;Energie AG;substation;;Bad Ischl;2017,275759
MULTILINESTRING ((485760.169113614 5345914.13449906,482178.974195514 5339186.37962415));Bad_Kreuzen;4362;Bad Kreuzen 20a;48,2662756;14,8081165;174531795;Umspannwerk Baumgartenberg;Linz Strom GmbH;substation;;Baumgartenberg;7621,524959
MULTILINESTRING ((447781.735681715 5374645.48779882,462266.53299852 5375733.75307855));Bad_Leonfelden;4190;Hauptplatz 1;48,522747;14,292805;497665559;Umspannwerk Rainbach im Mühlkreis;Linz AG;substation;"110000;30000";Rainbach im Mühlkreis;14525,62132
MULTILINESTRING ((419775.617444601 5342616.21934693,412292.417524792 5343247.1638294));Bad_Schallerbach;4701;Rathausplatz 1;48,2316897;13,9196882;95024146;Umspannwerk Grieskirchen;Energie AG;substation;110000;Grieskirchen;7509,751792
MULTILINESTRING ((418198.688476104 5323948.63549573,418100.149659851 5328386.32567644));Bad_Wimsbach-Neydharting;4654;Markt 1;48,0635678;13,902045;118132395;Umspannwerk Lambach;Energie AG;substation;110000;Edt bei Lambach;4438,784072
MULTILINESTRING ((475535.787842633 5355275.54398557,462973.208721925 5356404.63162904));Bad_Zell;4283;Marktplatz 8;48,3501836;14,6698007;95843031;Umspannwerk Friensdorf;Linz Strom AG;substation;110000;Wartberg ob der Aist;12613,2166
MULTILINESTRING ((481311.063626544 5340262.50651562,482178.974195514 5339186.37962415));Baumgartenberg;4342;Baumgartenberg 85;48,21531381;14,74841422;174531795;Umspannwerk Baumgartenberg;Linz Strom GmbH;substation;;Baumgartenberg;1382,504192
MULTILINESTRING ((387111.638105016 5310160.27980516,379504.955627984 5315171.84306707));Berg_im_Attergau;4880;Attergaustr. 36;47,9348108;13,4885454;95289063;Umspannwerk Frankenmarkt;;substation;110000;Weißenkirchen im Attergau;9109,192315
MULTILINESTRING ((354192.383475756 5346823.80258991,352138.548965577 5345230.01650941));Braunau_am_Inn;5282;Stadtplatz 38;48,2578367;13,0355047;93982415;Umspannwerk Innkraftwerk Braunau-Simbach (i.b.);;substation;;Braunau am Inn;2599,690417
MULTILINESTRING ((386090.468939328 5369645.5549097,385366.007561848 5367261.26050209));Brunnenthal;4786;Dorfplatz 3;48,4696195;13,4589101;95975628;Umspannwerk Aigerding;Energie AG;substation;110000;St. Florian am Inn;2491,92779
MULTILINESTRING ((428266.888807982 5341423.38533973,426039.231330076 5337230.99902159));Buchkirchen;4611;Marktgemeinde Buchkirchen;48,22197694;14,0342168;37232839;Umspannwerk Puchberg;;substation;110000;Wels;4747,479424
MULTILINESTRING ((358775.734858385 5341284.28583524,354076.179694068 5342754.89171402));Burgkirchen;5282;Gemeinde Burgkirchen;48,20906433;13,09906776;96323087;Umspannwerk Braunau am Inn;;substation;;Braunau am Inn;4924,276637
MULTILINESTRING ((409091.009164792 5318958.80850212,410675.431326685 5318980.78299154));Desselbrunn;4693;Desselbrunn 37;48,01745088;13,78088661;34258314;Umspannwerk Traunfall;;substation;110000;Roitham am Traunfall;1584,574538
MULTILINESTRING ((395378.171050109 5363562.48827574,385366.007561848 5367261.26050209));Diersbach;4776;Diersbach 5;48,41652367;13,58604203;95975628;Umspannwerk Aigerding;Energie AG;substation;110000;St. Florian am Inn;10673,53426
MULTILINESTRING ((456539.502559434 5326578.96918549,457005.560438222 5324054.88588836));Dietach;4407;Kirchenplatz 6;48,0909969;14,4163563;33066376;Umspannwerk Steyr-Nord;Energie AG;substation;110000;Steyr;2566,75017
MULTILINESTRING ((492766.698614531 5350395.33535818,482178.974195514 5339186.37962415));Dimbach;4371;Dimbach 2;48,30671051;14,90245341;174531795;Umspannwerk Baumgartenberg;Linz Strom GmbH;substation;;Baumgartenberg;15418,83903
MULTILINESTRING ((398148.302262902 5348243.08181045,389677.978809151 5340781.44565609));Dorf_an_der_Pram;4751;Dorf 11;48,2791941;13,6271751;81216242;Umspannwerk Ried;;substation;110000;Hohenzell;11288,15279
MULTILINESTRING ((408194.371917934 5296151.63107339,405560.944685001 5293082.27414785));Ebensee_am_Traunsee;4802;Hauptstra�e 34;47,8121664;13,773723;107117959;Umspannwerk Steinkogl;Energie AG;substation;110000;Ebensee;4044,2417
MULTILINESTRING ((393136.454443129 5334248.11070891,389677.978809151 5340781.44565609));Eberschwang;4906;Eberschwang 93;48,15249707;13,56317055;81216242;Umspannwerk Ried;;substation;110000;Hohenzell;7392,260767
MULTILINESTRING ((424009.126082023 5321781.73709141,418436.025964044 5317393.83995706));Eberstalzell;4653;Hauptstra�e 15;48,0447938;13,9804056;124415043;Umspannwerk Vorchdorf;Energie AG;substation;110000;Vorchdorf;7093,1718
MULTILINESTRING ((450599.112351003 5284954.47439945,463921.690666356 5304421.91374727));Edlbach;4580;Edlbach 80;47,7160793;14,3413542;42306133;Umspannwerk Großraming;;substation;110000;Reichraming;23589,66485
MULTILINESTRING ((416265.915114824 5329048.03869188,418100.149659851 5328386.32567644));Edt_bei_Lambach;4650;Gemeinde Edt bei Lambach;48,10918775;13,8751081;118132395;Umspannwerk Lambach;Energie AG;substation;110000;Edt bei Lambach;1949,943712
MULTILINESTRING ((427574.930912543 5351162.78342655,426414.927665978 5350422.0682324));Eferding;4070;Stadtplatz 31;48,3095087;14,0232339;92870633;Umspannwerk Eferding;;substation;110000;Hinzenbach;1376,323556
MULTILINESTRING ((350421.398057994 5326921.27466766,358810.384431328 5329041.86296233));Eggelsberg;5142;Marktplatz 13;48,0780067;12,9917311;185860195;Umspannwerk Wagenham;Energie AG;substation;110000;Pischelsdorf am Engelbach;8652,860052
MULTILINESTRING ((434982.282720484 5334846.02686109,433060.360494445 5335935.0506233));Eggendorf_im_Traunkreis;4622;Obere Dorfstra�e 4;48,163532;14,1256257;87526678;Umspannwerk Marchtrenk (i.b.);;substation;110000;Marchtrenk;2209,017383
MULTILINESTRING ((387401.005851511 5356775.53283426,381119.922046782 5356444.62642409));Eggerding;4773;Eggerding 42;48,35411073;13,48008812;95978048;Umspannwerk Antiesenhofen;;substation;110000;Antiesenhofen;6289,794338
MULTILINESTRING ((443174.129654961 5360487.45593922,448174.85574361 5352631.10442904));Eidenberg;4201;Stiftsstra�e 2;48,394986;14,23233234;24830381;Umspannwerk Nord;LINZ AG;substation;110000;Linz;9312,868541
MULTILINESTRING ((383424.270794177 5344118.32235399,389677.978809151 5340781.44565609));Eitzing;4970;Kirchenplatz 1;48,2395586;13,429924;81216242;Umspannwerk Ried;;substation;110000;Hohenzell;7088,272712
MULTILINESTRING ((406413.347667823 5373282.29682435,407761.312144478 5371510.00539332));Engelhartszell;4090;Marktplatz 61;48,505682;13,7329675;97989146;Kraftwerk Ranna;Energie AG;substation;110000;Neustift im Mühlkreis;2226,662333
MULTILINESTRING ((457201.940404766 5354361.32496667,462973.208721925 5356404.63162904));Engerwitzdorf;4222;Leopold-Sch�ffl-Platz 1;48,3409827;14,4224476;95843031;Umspannwerk Friensdorf;Linz Strom AG;substation;110000;Wartberg ob der Aist;6122,306763
MULTILINESTRING ((461347.82597263 5340276.301394,462497.466367872 5342504.87405377));Enns;4470;Hauptplatz 11;48,2145358;14,4796814;186110657;Umspannwerk Enns-Industrie;;substation;110000;Enns;2507,630184
MULTILINESTRING ((399912.237497978 5360312.00993104,407761.312144478 5371510.00539332));Enzenkirchen;4761;Hauptstra�e 12;48,3880253;13,6480766;97989146;Kraftwerk Ranna;Energie AG;substation;110000;Neustift im Mühlkreis;13674,90677
MULTILINESTRING ((410070.53118607 5361927.13002478,407761.312144478 5371510.00539332));Eschenau_im_Hausruckkreis;4724;Hasledt 10;48,4040829;13,7849087;97989146;Kraftwerk Ranna;Energie AG;substation;110000;Neustift im Mühlkreis;9857,179765
MULTILINESTRING ((395344.947014658 5377590.55337575,384912.816186432 5379012.97073725));Esternberg;4092;Hauptstra�e 33;48,5426821;13,5820807;365493403;Umspannwerk Schardenberg (i.b.);;substation;110000;Schardenberg;10528,65731
MULTILINESTRING ((429833.282336149 5355202.7729036,431814.017660815 5355571.75854654));Feldkirchen_an_der_Donau;4101;Hauptstra�e 1;48,3461048;14,0530143;587747481;Umspannwerk Feldkirchen;;substation;;Feldkirchen an der Donau;2014,810867
MULTILINESTRING ((354373.692564873 5325647.70121432,358810.384431328 5329041.86296233));Feldkirchen_bei_Mattighofen;5142;Feldkirchen 45;48,0674699;13,0451968;185860195;Umspannwerk Wagenham;Energie AG;substation;110000;Pischelsdorf am Engelbach;5586,104966
MULTILINESTRING ((422329.770195802 5327185.87581963,418100.149659851 5328386.32567644));Fischlham;4652;Gemeinde Fischlham;48,09320505;13,95689495;118132395;Umspannwerk Lambach;Energie AG;substation;110000;Edt bei Lambach;4396,677124
MULTILINESTRING ((382840.312214278 5320064.46401799,379504.955627984 5315171.84306707));Fornach;4892;Fornach 2;48,02312068;13,42867741;95289063;Umspannwerk Frankenmarkt;;substation;110000;Weißenkirchen im Attergau;5921,346412
MULTILINESTRING ((427817.103352814 5348120.80409236,426414.927665978 5350422.0682324));Fraham;4070;Planbachstra�e 2;48,2821725;14,0270196;92870633;Umspannwerk Eferding;;substation;110000;Hinzenbach;2694,79374
MULTILINESTRING ((387670.235062671 5325034.97914351,394713.630742453 5318462.35404121));Frankenburg_am_Hausruck;4873;Marktplatz 4;48,0686931;13,4921271;33840061;Umspannwerk Timelkam;;substation;110000;Timelkam;9633,733619
MULTILINESTRING ((381951.009532029 5315862.68139971,379504.955627984 5315171.84306707));Frankenmarkt;4890;Hauptstra�e 85;47,9851672;13,41791125;95289063;Umspannwerk Frankenmarkt;;substation;110000;Weißenkirchen im Attergau;2541,739031
MULTILINESTRING ((344203.882720404 5324487.00148932,339129.827172203 5321800.89621722));Franking;5131;Franking Nr. 26;48,05463109;12,90919713;97870174;Umspannwerk Riedersbach;;substation;;St. Pantaleon;5741,184655
MULTILINESTRING ((389874.998135352 5379613.28829533,384912.816186432 5379012.97073725));Freinberg;4785;Freinberg 4;48,55993667;13,50746159;365493403;Umspannwerk Schardenberg (i.b.);;substation;110000;Schardenberg;4998,362818
MULTILINESTRING ((463417.698238558 5373260.77096327,462839.408506459 5371606.8149626));Freistadt;4240;Hauptplatz 1;48,5113961;14,5046752;35034309;Umspannwerk Freistadt;Linz Strom AG;substation;"110000;20000";Freistadt;1752,138541
MULTILINESTRING ((479455.267765413 5304752.88253817,463921.690666356 5304421.91374727));Gaflenz;3335;Markt 46;47,8957765;14,7251379;42306133;Umspannwerk Großraming;;substation;110000;Reichraming;15537,10262
MULTILINESTRING ((456693.946011046 5355803.64090831,462973.208721925 5356404.63162904));Gallneukirchen;4210;Reichenauerstra�e 1;48,3539234;14,4154443;95843031;Umspannwerk Friensdorf;Linz Strom AG;substation;110000;Wartberg ob der Aist;6307,957676
MULTILINESTRING ((411913.905895706 5339927.58058914,412292.417524792 5343247.1638294));Gallspach;4713;Hauptplatz 8�9;48,2064623;13,8144025;95024146;Umspannwerk Grieskirchen;Energie AG;substation;110000;Grieskirchen;3341,093226
MULTILINESTRING ((392046.805866059 5316050.90445615,395520.960088634 5316533.40998193));Gampern;4851;Hauptstra�e 14;47,9886438;13,5531207;118104933;Umrichterwerk Timelkam;;substation;;Timelkam;3507,500413
MULTILINESTRING ((455884.35386624 5318930.50791464,456146.94557819 5318422.92204824));Garsten;4451;Am Platzl 9;48,0221416;14,4083475;259327225;Umspannwerk St. Ullrich bei Steyr (i.b.);;substation;110000;St. Ulrich bei Steyr;571,4873743
MULTILINESTRING ((405959.933756892 5332628.18743127,412292.417524792 5343247.1638294));Gaspoltshofen;4674;Hauptstra�e 53;48,13995205;13,73589951;95024146;Umspannwerk Grieskirchen;Energie AG;substation;110000;Grieskirchen;12363,77816
MULTILINESTRING ((398339.52481572 5334110.5819974,389677.978809151 5340781.44565609));Geboltskirchen;4682;Feld 10;48,1521132;13,6331399;81216242;Umspannwerk Ried;;substation;110000;Hohenzell;10932,64841
MULTILINESTRING ((395287.771152838 5339655.85205679,389677.978809151 5340781.44565609));Geiersberg;4922;Geiersberg 23;48,2014932;13,59075427;81216242;Umspannwerk Ried;;substation;110000;Hohenzell;5721,602144
MULTILINESTRING ((373306.649956355 5347134.52283046,371579.282921807 5339683.90759487));Geinberg;4943;Dorfstra�e 9;48,2647416;13,2928143;122351223;Umspannwerk Roßbach;;substation;110000;Roßbach;7648,232754
MULTILINESTRING ((346674.96874857 5328181.0241293,339129.827172203 5321800.89621722));Geretsberg;5133;Geretsberg 21;48,08844353;12,94101195;97870174;Umspannwerk Riedersbach;;substation;;St. Pantaleon;9881,052251
MULTILINESTRING ((346630.721364905 5332809.71151771,354076.179694068 5342754.89171402));Gilgenberg_am_Weilhart;5133;Gilgenberg 15;48,1300503;12,9387539;96323087;Umspannwerk Braunau am Inn;;substation;;Braunau am Inn;12423,4238
MULTILINESTRING ((410299.130064481 5307893.52686208,409279.657739169 5308504.13179454));Gmunden;4810;Rathausplatz 1;47,9180866;13,7993935;86869607;Umspannwerk Gmunden;Energie AG;substation;110000;Gmunden;1188,344313
MULTILINESTRING ((433357.244214124 5353045.03063224,431814.017660815 5355571.75854654));Goldw�rth;4102;Schulstra�e 1;48,3270764;14,1009096;587747481;Umspannwerk Feldkirchen;;substation;;Feldkirchen an der Donau;2960,726625
MULTILINESTRING ((389807.852071964 5270612.41341141,397242.599314264 5273616.98864934));Gosau;4825;Gosau 444;47,57956281;13,53465644;95642941;Kraftwerk Steeg;;substation;110000;Bad Goisern am Hallstättersee;8018,91133
MULTILINESTRING ((439961.71745021 5358973.20753433,437067.724471777 5351667.20077083));Gramastetten;4040;Marktstra�e 17;48,3810666;14,1891563;91579706;Kraftwerk Ottensheim;Energie AG;substation;110000;Wilhering;7858,303264
MULTILINESTRING ((489217.968201139 5341536.5183032,482178.974195514 5339186.37962415));Grein;4360;Rathausgasse 1;48,2269595;14,8548221;174531795;Umspannwerk Baumgartenberg;Linz Strom GmbH;substation;;Baumgartenberg;7420,956032
MULTILINESTRING ((413120.191412862 5343084.0281141,412292.417524792 5343247.1638294));Grieskirchen;4710;Stadtplatz 9;48,2350207;13,8299881;95024146;Umspannwerk Grieskirchen;Energie AG;substation;110000;Grieskirchen;843,6959591
MULTILINESTRING ((466311.579768792 5303828.56444154,463921.690666356 5304421.91374727));Gro�raming;4463;Kirchenplatz 1;47,8869048;14,54936894;42306133;Umspannwerk Großraming;;substation;110000;Reichraming;2462,444582
MULTILINESTRING ((421931.053703508 5300649.2079251,433749.443098255 5306426.87764843));Gr�nau_im_Almtal;4645;Im Dorf 17;47,8544397;13,956363;95025696;Umspannwerk Kirchdorf;;substation;110000;Kirchdorf an der Krems;13155,06729
MULTILINESTRING ((465755.511164539 5376175.32821045,462266.53299852 5375733.75307855));Gr�nbach;4264;Marktplatz 1;48,5377475;14,5360887;497665559;Umspannwerk Rainbach im Mühlkreis;Linz AG;substation;"110000;30000";Rainbach im Mühlkreis;3516,810663
MULTILINESTRING ((444955.331131978 5313267.35094007,451678.680324955 5310059.74586881));Gr�nburg;4593;Hauptstra�e 34;47,970345;14,2625118;144202272;Kraftwerk Ternberg;;substation;110000;Ternberg;7449,30565
MULTILINESTRING ((413731.160269057 5309673.41987914,409279.657739169 5308504.13179454));Gschwandt;4816;Hauptstra�e 2;47,9345686;13,8449634;86869607;Umspannwerk Gmunden;Energie AG;substation;110000;Gmunden;4602,511206
MULTILINESTRING ((421443.57271391 5331952.75832656,418100.149659851 5328386.32567644));Gunskirchen;4623;Marktgemeinde Gunskirchen;48,1359768;13,9441172;118132395;Umspannwerk Lambach;Energie AG;substation;110000;Edt bei Lambach;4888,549843
MULTILINESTRING ((377006.180993893 5344418.39987425,371579.282921807 5339683.90759487));Gurten;4942;Hofmark 21;48,2410446;13,34343268;122351223;Umspannwerk Roßbach;;substation;110000;Roßbach;7201,84975
MULTILINESTRING ((471457.131093487 5363444.97726774,462973.208721925 5356404.63162904));Gutau;4293;Oswalder Stra�e 2;48,4235077;14,6141962;95843031;Umspannwerk Friensdorf;Linz Strom AG;substation;110000;Wartberg ob der Aist;11024,67258
MULTILINESTRING ((398859.657544111 5337717.19491644,389677.978809151 5340781.44565609));Haag_am_Hausruck;4680;Marktplatz 23;48,1846354;13,6392732;81216242;Umspannwerk Ried;;substation;110000;Hohenzell;9679,507063
MULTILINESTRING ((464087.74731476 5357130.13756077,462973.208721925 5356404.63162904));Hagenberg_im_M�hlkreis;4232;Kirchenplatz 5;48,3663208;14,5151303;95843031;Umspannwerk Friensdorf;Linz Strom AG;substation;110000;Wartberg ob der Aist;1329,870344
MULTILINESTRING ((451848.534692143 5367261.61983327,462839.408506459 5371606.8149626));Haibach_im_M�hlkreis;4204;Reichenau 23;48,4566481;14,3487292;35034309;Umspannwerk Freistadt;Linz Strom AG;substation;"110000;20000";Freistadt;11818,63054
MULTILINESTRING ((419793.47656971 5362390.90767435,426414.927665978 5350422.0682324));Haibach_ob_der_Donau;4083;Kirchenplatz 4;48,4095668;13,9161667;92870633;Umspannwerk Eferding;;substation;110000;Hinzenbach;13678,33075
MULTILINESTRING ((342066.603110048 5323430.41458489,339129.827172203 5321800.89621722));Haigermoos;5120;Haigermoos 23;48,044606;12,8809247;97870174;Umspannwerk Riedersbach;;substation;;St. Pantaleon;3358,568597
MULTILINESTRING ((398400.760434316 5268479.17583013,397242.599314264 5273616.98864934));Hallstatt;4830;Seestra�e 158;47,5617763;13,649385;95642941;Kraftwerk Steeg;;substation;110000;Bad Goisern am Hallstättersee;5266,73122
MULTILINESTRING ((351607.524309167 5333316.55586078,358810.384431328 5329041.86296233));Handenberg;5144;Handenberg 11;48,13578745;13,00542164;185860195;Umspannwerk Wagenham;Energie AG;substation;110000;Pischelsdorf am Engelbach;8375,81001
MULTILINESTRING ((457118.443423092 5333051.35199415,456913.361250396 5340077.00013379));Hargelsberg;4483;Hargelsberg 39;48,14926519;14,42347949;33064531;Umspannwerk Tyllisburg;;substation;110000;St. Florian;7028,640728
MULTILINESTRING ((426144.086556696 5357087.10057598,431814.017660815 5355571.75854654));Hartkirchen;4081;Kirchenplatz 1;48,3626342;14,00290103;587747481;Umspannwerk Feldkirchen;;substation;;Feldkirchen an der Donau;5868,93348
MULTILINESTRING ((429290.552339322 5380696.68437356,425762.597979082 5378618.29438513));Haslach_an_der_M�hl;4170;Marktplatz 45;48,5753673;14,0413819;98308316;Umspannwerk Rohrbach-Berg (i.b.);;substation;110000;Rohrbach-Berg;4094,651012
MULTILINESTRING ((412738.888646895 5356324.61525649,412292.417524792 5343247.1638294));Heiligenberg;4733;Kirchenplatz 7;48,3540651;13,8221177;95024146;Umspannwerk Grieskirchen;Energie AG;substation;110000;Grieskirchen;13085,07059
MULTILINESTRING ((436787.927828701 5377187.06409587,425762.597979082 5378618.29438513));Helfenberg;4184;Leonfeldner Stra�e 15;48,5445985;14,1435455;98308316;Umspannwerk Rohrbach-Berg (i.b.);;substation;110000;Rohrbach-Berg;11117,83785
MULTILINESTRING ((448255.820839369 5364511.29489278,448174.85574361 5352631.10442904));Hellmons�dt;4202;Marktplatz 1;48,43162145;14,30047957;24830381;Umspannwerk Nord;LINZ AG;substation;110000;Linz;11880,46635
MULTILINESTRING ((360137.860335406 5335271.51877728,361132.517100931 5331366.34671208));Helpfau-Uttendorf;5261;Uttendorf 11;48,1552989;13,1193716;95003268;Umspannwerk Mattighofen;;substation;110000;Schalchen;4029,852471
MULTILINESTRING ((434331.874212902 5364497.36058116,431814.017660815 5355571.75854654));Herzogsdorf;4175;Kirchenplatz 10;48,430198;14,1122674;587747481;Umspannwerk Feldkirchen;;substation;;Feldkirchen an der Donau;9273,940549
MULTILINESTRING ((438475.568019319 5283493.41152548,433749.443098255 5306426.87764843));Hinterstoder;4573;Hinterstoder 38;47,70189302;14,17993662;95025696;Umspannwerk Kirchdorf;;substation;110000;Kirchdorf an der Krems;23415,38223
MULTILINESTRING ((426399.523586874 5351055.21749115,426414.927665978 5350422.0682324));Hinzenbach;4070;Chr.-Zeller-Weg 1;48,3084054;14,0074029;92870633;Umspannwerk Eferding;;substation;110000;Hinzenbach;633,3366163
MULTILINESTRING ((456629.183011658 5370626.64438122,462839.408506459 5371606.8149626));Hirschbach_im_M�hlkreis;4242;Museumsweg 5;48,4872675;14,4130369;35034309;Umspannwerk Freistadt;Linz Strom AG;substation;"110000;20000";Freistadt;6287,100688
MULTILINESTRING ((339312.350618066 5336148.40099134,339129.827172203 5321800.89621722));Hochburg-Ach;5122;Athaler Stra�e 3;48,15826145;12,83920755;97870174;Umspannwerk Riedersbach;;substation;;St. Pantaleon;14348,66572
MULTILINESTRING ((406471.112195877 5341621.48460636,412292.417524792 5343247.1638294));Hofkirchen_an_der_Trattnach;4716;Hauptstra�e 30;48,2209197;13,7407893;95024146;Umspannwerk Grieskirchen;Energie AG;substation;110000;Grieskirchen;6044,040757
MULTILINESTRING ((412123.147883819 5370659.48090262,407761.312144478 5371510.00539332));Hofkirchen_im_M�hlkreis;4142;Markt 8;48,482916;13,8108042;97989146;Kraftwerk Ranna;Energie AG;substation;110000;Neustift im Mühlkreis;4443,985028
MULTILINESTRING ((453700.062138769 5332354.67593425,456913.361250396 5340077.00013379));Hofkirchen_im_Traunkreis;4492;Dorfplatz 1;48,1427579;14,3775996;33064531;Umspannwerk Tyllisburg;;substation;110000;St. Florian;8364,184492
MULTILINESTRING ((391807.242662971 5338749.23926239,389677.978809151 5340781.44565609));Hohenzell;4921;Hofmark 11;48,1927555;13,5441589;81216242;Umspannwerk Ried;;substation;110000;Hohenzell;2943,404047
MULTILINESTRING ((371141.924335872 5335719.95011764,371579.282921807 5339683.90759487));H�hnhart;5251;H�hnhart 60;48,16165684;13,26712651;122351223;Umspannwerk Roßbach;;substation;110000;Roßbach;3988,012213
MULTILINESTRING ((432890.772946198 5341554.64886731,433060.360494445 5335935.0506233));Holzhausen;4615;Gemeinde Holzhausen;48,2236638;14,09644165;87526678;Umspannwerk Marchtrenk (i.b.);;substation;110000;Marchtrenk;5622,156558
MULTILINESTRING ((418392.372542617 5371812.81003089,425762.597979082 5378618.29438513));H�rbich;4132;Schulstra�e 2;48,4941351;13,8954003;98308316;Umspannwerk Rohrbach-Berg (i.b.);;substation;110000;Rohrbach-Berg;10031,6918
MULTILINESTRING ((439336.995992067 5341406.01683217,442334.598536097 5339350.64492124));H�rsching;4063;Neubauer Stra�e 26;48,222976;14,1832452;33058565;Umspannwerk Pucking (i.b.);Energie AG Oberösterreich;substation;110000;Pucking;3634,580403
MULTILINESTRING ((376599.314172307 5301594.90575727,384375.966818374 5295742.9659758));Innerschwand_am_Mondsee;5310;Wredeplatz 2;47,8558389;13,3503039;95297285;Umspannwerk Unterach;Energie AG;substation;110000;Unterach am Attersee;9732,498425
MULTILINESTRING ((431343.5056103 5308718.20888856,433749.443098255 5306426.87764843));Inzersdorf_im_Kremstal;4565;Dorfplatz 2;47,9281048;14,0808885;95025696;Umspannwerk Kirchdorf;;substation;110000;Kirchdorf an der Krems;3322,459036
MULTILINESTRING ((361935.805209315 5323550.65633923,358810.384431328 5329041.86296233));Jeging;5225;Jeging 1;48,05029424;13,14732662;185860195;Umspannwerk Wagenham;Energie AG;substation;110000;Pischelsdorf am Engelbach;6318,354629
MULTILINESTRING ((416576.812210148 5390104.82636307,425762.597979082 5378618.29438513));Julbach;4162;Schulstra�e 4;48,6584247;13,8671603;98308316;Umspannwerk Rohrbach-Berg (i.b.);;substation;110000;Rohrbach-Berg;14707,78967
MULTILINESTRING ((404894.851301786 5348028.07197561,412292.417524792 5343247.1638294));Kallham;4720;Kallham 51;48,27830967;13,71813348;95024146;Umspannwerk Grieskirchen;Energie AG;substation;110000;Grieskirchen;8808,011622
MULTILINESTRING ((482487.21032248 5365930.90110979,462839.408506459 5371606.8149626));Kaltenberg;4273;Kaltenberg Nr. 2;48,4462754;14,7631802;35034309;Umspannwerk Freistadt;Linz Strom AG;substation;"110000;20000";Freistadt;20451,21303
MULTILINESTRING ((460794.672914545 5351785.59474794,462973.208721925 5356404.63162904));Katsdorf;4223;Gemeindeplatz 1;48,3180439;14,4711683;95843031;Umspannwerk Friensdorf;Linz Strom AG;substation;110000;Wartberg ob der Aist;5107,006949
MULTILINESTRING ((465820.107625797 5365628.98218536,462839.408506459 5371606.8149626));Kefermarkt;4292;Oberer Markt 15;48,4428748;14,53782677;35034309;Umspannwerk Freistadt;Linz Strom AG;substation;"110000;20000";Freistadt;6679,749393
MULTILINESTRING ((415491.160791422 5336554.43674796,412292.417524792 5343247.1638294));Kematen_am_Innbach;4633;Innbachtalstra�e 45;48,1766069;13,863212;95024146;Umspannwerk Grieskirchen;Energie AG;substation;110000;Grieskirchen;7417,853751
MULTILINESTRING ((439753.476387092 5328740.73501101,440922.881626302 5322041.29268108));Kematen_an_der_Krems;4531;Linzer Stra�e 30;48,1090785;14,1906467;95025698;Umspannwerk Bad Hall;;substation;110000;Bad Hall;6800,737912
MULTILINESTRING ((358386.695758483 5322525.34132854,358810.384431328 5329041.86296233));Kirchberg_bei_Mattighofen;5232;Kirchberg 27;48,0402968;13,1000674;185860195;Umspannwerk Wagenham;Energie AG;substation;110000;Pischelsdorf am Engelbach;6530,280721
MULTILINESTRING ((421371.942697214 5366206.86194905,425762.597979082 5378618.29438513));Kirchberg_ob_der_Donau;4131;Kirchberg o.d.D. 5;48,4440901;13,9367769;98308316;Umspannwerk Rohrbach-Berg (i.b.);;substation;110000;Rohrbach-Berg;13165,1627
MULTILINESTRING ((437590.649104655 5346069.97801912,442581.882608226 5346475.66614775));Kirchberg-Thening;4062;Ortsplatz 1;48,2647628;14,1590478;320442058;Umspannwerk Leonding;APG;substation;;Leonding;5007,693555
MULTILINESTRING ((373041.687941356 5350491.67382638,381119.922046782 5356444.62642409));Kirchdorf_am_Inn;4982;Kirchdorf a.I. 9;48,2948785;13,288237;95978048;Umspannwerk Antiesenhofen;;substation;110000;Antiesenhofen;10034,71529
MULTILINESTRING ((434447.461492381 5306225.28218261,433749.443098255 5306426.87764843));Kirchdorf_an_der_Krems;4560;Rathausplatz 1;47,9060028;14,1228155;95025696;Umspannwerk Kirchdorf;;substation;110000;Kirchdorf an der Krems;726,5469086
MULTILINESTRING ((417887.899729958 5312431.60547631,418436.025964044 5317393.83995706));Kirchham;4656;Kirchham 32;47,95992636;13,90007993;124415043;Umspannwerk Vorchdorf;Energie AG;substation;110000;Vorchdorf;4992,415589
MULTILINESTRING ((378213.05699197 5340925.01614478,371579.282921807 5339683.90759487));Kirchheim_im_Innkreis;4932;Dorfstra�e 12;48,2098611;13,3606846;122351223;Umspannwerk Roßbach;;substation;110000;Roßbach;6748,874636
MULTILINESTRING ((446439.902940279 5362480.80272831,448174.85574361 5352631.10442904));Kirchschlag_bei_Linz;4202;Kirchschlag 44;48,4132037;14,2761919;24830381;Umspannwerk Nord;LINZ AG;substation;110000;Linz;10001,3308
MULTILINESTRING ((417564.957807931 5394151.79090077,425762.597979082 5378618.29438513));Klaffer_am_Hochficht;4163;Dorfplatz 1;48,6949559;13,8797692;98308316;Umspannwerk Rohrbach-Berg (i.b.);;substation;110000;Rohrbach-Berg;17563,90669
MULTILINESTRING ((483914.407315455 5341785.61031013,482178.974195514 5339186.37962415));Klam;4352;Klam 43;48,22908818;14,7834017;174531795;Umspannwerk Baumgartenberg;Linz Strom GmbH;substation;;Baumgartenberg;3125,336506
MULTILINESTRING ((422367.60331932 5292488.62448819,405560.944685001 5293082.27414785));Klaus_an_der_Pyhrnbahn;4564;Klaus a.d.P. 100;47,78108;13,96365995;107117959;Umspannwerk Steinkogl;Energie AG;substation;110000;Ebensee;16817,1399
MULTILINESTRING ((425518.20692275 5367579.82272275,425762.597979082 5378618.29438513));Kleinzell_im_M�hlkreis;4115;Kleinzell i.M. 13;48,4569443;13,9925899;98308316;Umspannwerk Rohrbach-Berg (i.b.);;substation;110000;Rohrbach-Berg;11041,17673
MULTILINESTRING ((414554.935008536 5384231.57853221,425762.597979082 5378618.29438513));Kollerschlag;4154;Markt 14;48,6053254;13,8409209;98308316;Umspannwerk Rohrbach-Berg (i.b.);;substation;110000;Rohrbach-Berg;12534,77835
MULTILINESTRING ((488184.702657824 5361608.7606794,482178.974195514 5339186.37962415));K�nigswiesen;4280;Markt 2;48,4075241;14,840347;174531795;Umspannwerk Baumgartenberg;Linz Strom GmbH;substation;;Baumgartenberg;23212,75396
MULTILINESTRING ((400854.38172288 5365918.3887988,407761.312144478 5371510.00539332));Kopfing_im_Innkreis;4794;Hauptstra�e 95;48,4385983;13,6594738;97989146;Kraftwerk Ranna;Energie AG;substation;110000;Neustift im Mühlkreis;8886,611502
MULTILINESTRING ((435068.363332581 5322593.65530809,434668.57127202 5321103.34256907));Kremsm�nster;4550;Rathausplatz 1;48,0533188;14,1286485;50899766;Umspannwerk Kremsmünster;Energie AG;substation;110000;Kremsmünster;1543,005428
MULTILINESTRING ((422783.589854389 5339065.83847284,426039.231330076 5337230.99902159));Krenglbach;4631;Gemeinde Krenglbach;48,20012615;13,96083343;37232839;Umspannwerk Puchberg;;substation;110000;Wels;3737,089406
MULTILINESTRING ((460210.085962371 5332224.27474988,456913.361250396 5340077.00013379));Kronstorf;4484;Brucknerplatz 1;48,1420253;14,4651204;33064531;Umspannwerk Tyllisburg;;substation;110000;St. Florian;8516,671285
MULTILINESTRING ((412190.03550488 5315104.54068559,411499.752003874 5314907.32453306));Laakirchen;4663;Rathausplatz 1;47,9832141;13,82322497;95456147;Umspannwerk Laakirchen;;substation;;Laakirchen;717,9035608
MULTILINESTRING ((416760.898861002 5327452.95380849,418100.149659851 5328386.32567644));Lambach;4650;Marktgemeinde Lambach;48,09490436;13,88206763;118132395;Umspannwerk Lambach;Energie AG;substation;110000;Edt bei Lambach;1632,414085
MULTILINESTRING ((390388.413120691 5352611.68171848,381119.922046782 5356444.62642409));Lambrechten;4772;Lambrechten 70;48,31718813;13,52148271;95978048;Umspannwerk Antiesenhofen;;substation;110000;Antiesenhofen;10029,77527
MULTILINESTRING ((461253.477176833 5344412.98501562,462497.466367872 5342504.87405377));Langenstein;4312;Hauptstra�e 71;48,2517455;14,478033;186110657;Umspannwerk Enns-Industrie;;substation;110000;Enns;2277,805205
MULTILINESTRING ((466101.516252368 5368792.68961721,462839.408506459 5371606.8149626));Lasberg;4291;Markt 7;48,4713513;14,5413755;35034309;Umspannwerk Freistadt;Linz Strom AG;substation;"110000;20000";Freistadt;4308,207099
MULTILINESTRING ((459347.711859867 5311145.23272609,453594.958902084 5315796.04633543));Laussa;4461;Kirchenplatz 1;47,95232885;14,45553089;33482741;Kraftwerk Rosenau;;substation;110000;Garsten;7397,582972
MULTILINESTRING ((418392.372542617 5371812.81003089,425762.597979082 5378618.29438513));Lembach_im_M�hlkreis;4132;Schulstra�e 2;48,4941351;13,8954003;98308316;Umspannwerk Rohrbach-Berg (i.b.);;substation;110000;Rohrbach-Berg;10031,6918
MULTILINESTRING ((369396.978428119 5319614.36397674,368075.576747999 5316458.63471214));Lengau;5211;Salzburger Stra�e 9;48,016466;13,248598;122454383;Umspannwerk R.A.G. Austria (i.b.);;substation;;Lengau;3421,21756
MULTILINESTRING ((395848.511669317 5314220.38036708,397021.295222577 5315383.57059721));Lenzing;4860;Hauptplatz 4;47,9728095;13,6045023;118098478;Umspannwerk Lenzing;;substation;;Lenzing;1651,796832
MULTILINESTRING ((444250.539535448 5347601.30250584,442581.882608226 5346475.66614775));Leonding;4020;Stadtplatz 1;48,2791598;14,2485779;320442058;Umspannwerk Leonding;APG;substation;;Leonding;2012,827154
MULTILINESTRING ((463421.15212147 5384831.60388729,462266.53299852 5375733.75307855));Leopoldschlag;4262;Marktplatz 17;48,6154871;14,5037046;497665559;Umspannwerk Rainbach im Mühlkreis;Linz AG;substation;"110000;30000";Rainbach im Mühlkreis;9170,82519
MULTILINESTRING ((427869.277138679 5385770.61393745,425762.597979082 5378618.29438513));Lichtenau_im_M�hlkreis;4170;St. Oswald b.H. 18;48,62084495;14,021235;98308316;Umspannwerk Rohrbach-Berg (i.b.);;substation;110000;Rohrbach-Berg;7456,123125
MULTILINESTRING ((444998.718507058 5356557.77041661,448174.85574361 5352631.10442904));Lichtenberg;4040;Am Ortsplatz 1;48,359797;14,257493;24830381;Umspannwerk Nord;LINZ AG;substation;110000;Linz;5050,401323
MULTILINESTRING ((485395.730754707 5374585.1078658,462839.408506459 5371606.8149626));Liebenau;4252;Liebenau 41;48,52420607;14,80220841;35034309;Umspannwerk Freistadt;Linz Strom AG;substation;"110000;20000";Freistadt;22752,09665
MULTILINESTRING ((446840.395005525 5351018.73874524,448174.85574361 5352631.10442904));Linz;4041;Hauptstra�e 1-5;48,3101259;14,2830522;24830381;Umspannwerk Nord;LINZ AG;substation;110000;Linz;2092,96645
MULTILINESTRING ((364165.800960494 5318876.00884027,368075.576747999 5316458.63471214));Lochen_am_See;5221;Ringstra�e 14;48,0087356;13,1787172;122454383;Umspannwerk R.A.G. Austria (i.b.);;substation;;Lengau;4596,742802
MULTILINESTRING ((381285.089516868 5333513.28970205,389677.978809151 5340781.44565609));Lohnsburg_am_Kobernau�erwald;4923;Marktplatz 11;48,1437865;13,4040894;81216242;Umspannwerk Ried;;substation;110000;Hohenzell;11102,55293
MULTILINESTRING ((457620.456059834 5308264.35957606,451678.680324955 5310059.74586881));Losenstein;4460;Eisenstra�e 45;47,9262981;14,43268199;144202272;Kraftwerk Ternberg;;substation;110000;Ternberg;6207,101644
MULTILINESTRING ((457491.713629783 5346719.07008753,453723.54281654 5345005.23349113));Luftenberg_an_der_Donau;4225;Europaweg 1;48,2722506;14,4271278;93370554;Umspannwerk Pichling;;substation;110000;Linz;4139,607126
MULTILINESTRING ((400949.309635651 5324639.50295073,399939.311357644 5316241.96073699));Manning;4903;Manning 31;48,06733665;13,670419;93187006;Umspannwerk Vöcklabruck;;substation;110000;Regau;8458,061938
MULTILINESTRING ((434226.918254141 5337924.47575301,433060.360494445 5335935.0506233));Marchtrenk;4614;Linzer Stra�e 21;48,1911475;14,1149921;87526678;Umspannwerk Marchtrenk (i.b.);;substation;110000;Marchtrenk;2306,224047
MULTILINESTRING ((470614.647457216 5309421.36283033,463921.690666356 5304421.91374727));Maria_Neustift;4443;Neustift 1;47,9374353;14,6065459;42306133;Umspannwerk Großraming;;substation;110000;Reichraming;8354,050619
MULTILINESTRING ((367403.274576025 5333328.59871331,361132.517100931 5331366.34671208));Maria_Schmolln;5241;Maria Schmolln 64;48,1393836;13,2176194;95003268;Umspannwerk Mattighofen;;substation;110000;Schalchen;6570,603643
MULTILINESTRING ((362271.191305311 5329693.42801263,361132.517100931 5331366.34671208));Mattighofen;5230;Stadtplatz 1;48,1056048;13,1498446;95003268;Umspannwerk Mattighofen;;substation;110000;Schalchen;2023,668925
MULTILINESTRING ((361419.184526461 5339185.51808829,361132.517100931 5331366.34671208));Mauerkirchen;5270;Obermarkt 19;48,1907747;13,1353151;95003268;Umspannwerk Mattighofen;;substation;110000;Schalchen;7824,42453
MULTILINESTRING ((464118.520615623 5343219.6329491,465767.077176729 5343162.33881871));Mauthausen;4310;Marktplatz 7;48,24117825;14,5167286;95828347;Umspannwerk Mauthausen;Linz AG;substation;110000;Mauthausen;1649,551864
MULTILINESTRING ((388968.930329774 5355949.03245247,381119.922046782 5356444.62642409));Mayrhof;4777;Mayrhof 14;48,3469552;13,5014631;95978048;Umspannwerk Antiesenhofen;;substation;110000;Antiesenhofen;7864,638861
MULTILINESTRING ((410383.864514381 5337054.75933265,412292.417524792 5343247.1638294));Meggenhofen;4714;Am Dorfplatz 1;48,1804074;13,79441996;95024146;Umspannwerk Grieskirchen;Energie AG;substation;110000;Grieskirchen;6479,849384
MULTILINESTRING ((383711.092422329 5340316.84546771,389677.978809151 5340781.44565609));Mehrnbach;4941;Mehrnbach 80;48,20542279;13,43482837;81216242;Umspannwerk Ried;;substation;110000;Hohenzell;5984,946657
MULTILINESTRING ((376976.701476708 5336837.6844595,371579.282921807 5339683.90759487));Mettmach;4931;Marktplatz 1;48,17286475;13,34523398;122351223;Umspannwerk Roßbach;;substation;110000;Roßbach;6101,89423
MULTILINESTRING ((413228.394138965 5348866.65783577,412292.417524792 5343247.1638294));Michaelnbach;4712;Grieskirchner Str. 4;48,2870497;13,8302587;95024146;Umspannwerk Grieskirchen;Energie AG;substation;110000;Grieskirchen;5696,908382
MULTILINESTRING ((434447.461492381 5306225.28218261,433749.443098255 5306426.87764843));Micheldorf_in_Ober�sterreich;4563;Rathausplatz 1;47,9060028;14,1228155;95025696;Umspannwerk Kirchdorf;;substation;110000;Kirchdorf an der Krems;726,5469086
MULTILINESTRING ((363646.637072386 5348650.3672771,357630.404292775 5346590.55534145));Mining;4962;Hofmark 19;48,2763666;13,1622244;81540198;Umspannwerk St. Peter;Austrian Power Grid AG;substation;;St. Peter am Hart;6359,078712
MULTILINESTRING ((477898.413966791 5337616.76568136,477333.849409322 5334596.33290329));Mitterkirchen_im_Machland;4343;Mitterkirchen i.M. 50;48,19140105;14,7026124;95837658;Umspannwerk Wallsee;Austrian Power Grid AG;substation;110000;Mitterkirchen im Marchland;3072,742636
MULTILINESTRING ((444465.135501994 5303725.50319546,451678.680324955 5310059.74586881));Molln;4591;Marktstra�e 1;47,884459;14,257175;144202272;Kraftwerk Ternberg;;substation;110000;Ternberg;9599,888497
MULTILINESTRING ((376543.424692881 5301640.98661335,384375.966818374 5295742.9659758));Mondsee;5310;Marktplatz 14;47,8562426;13,3495439;95297285;Umspannwerk Unterach;Energie AG;substation;110000;Unterach am Attersee;9804,864282
MULTILINESTRING ((363585.664829061 5340475.63816596,371579.282921807 5339683.90759487));Moosbach;5272;5271 Moosbach;48,20284484;13,16403611;122351223;Umspannwerk Roßbach;;substation;110000;Roßbach;8032,731012
MULTILINESTRING ((350074.968588506 5323566.53662275,358810.384431328 5329041.86296233));Moosdorf;5141;Friedensplatz 1;48,0477611;12,988259;185860195;Umspannwerk Wagenham;Energie AG;substation;110000;Pischelsdorf am Engelbach;10309,54356
MULTILINESTRING ((378819.104308466 5351446.72979436,381119.922046782 5356444.62642409));M�rschwang;4982;M�rschwang Nr. 15;48,3046002;13,3658253;95978048;Umspannwerk Antiesenhofen;;substation;110000;Antiesenhofen;5502,066247
MULTILINESTRING ((381733.309205763 5333922.1862846,389677.978809151 5340781.44565609));M�hlheim_am_Inn;4961;Kirchenstra�e 2/1;48,1475474;13,4099989;81216242;Umspannwerk Ried;;substation;110000;Hohenzell;10496,05708
MULTILINESTRING ((364691.700247955 5325337.36646958,358810.384431328 5329041.86296233));Munderfing;5222;Dorfplatz 1;48,0669516;13,1837231;185860195;Umspannwerk Wagenham;Energie AG;substation;110000;Pischelsdorf am Engelbach;6950,767583
MULTILINESTRING ((478640.429805115 5345858.13621551,482178.974195514 5339186.37962415));M�nzbach;4323;Arbinger Stra�e 7;48,2655717;14,712181;174531795;Umspannwerk Baumgartenberg;Linz Strom GmbH;substation;;Baumgartenberg;7552,061468
MULTILINESTRING ((394168.463232923 5371025.88995592,385366.007561848 5367261.26050209));M�nzkirchen;4792;Sch�rdinger Stra�e 1;48,483445;13,5678115;95975628;Umspannwerk Aigerding;Energie AG;substation;110000;St. Florian am Inn;9573,696296
MULTILINESTRING ((471048.139375586 5341500.31496907,465767.077176729 5343162.33881871));Naarn_im_Machlande;4331;Perger Stra�e 2;48,2260646;14,6101755;95828347;Umspannwerk Mauthausen;Linz AG;substation;110000;Mauthausen;5536,419531
MULTILINESTRING ((407384.873339917 5361225.63747068,407761.312144478 5371510.00539332));Natternbach;4723;Kirchenplatz 6;48,3973845;13,7487848;97989146;Kraftwerk Ranna;Energie AG;substation;110000;Neustift im Mühlkreis;10291,25501
MULTILINESTRING ((414668.992041906 5387353.9457954,425762.597979082 5378618.29438513));Nebelberg;4155;Nebelberg 50;48,6334247;13,84182541;98308316;Umspannwerk Rohrbach-Berg (i.b.);;substation;110000;Rohrbach-Berg;14120,18761
MULTILINESTRING ((426121.149320009 5370665.4284993,425762.597979082 5378618.29438513));Neufelden;4120;Markt 22;48,48477065;14,00019859;98308316;Umspannwerk Rohrbach-Berg (i.b.);;substation;110000;Rohrbach-Berg;7960,944345
MULTILINESTRING ((442670.221657997 5331763.72248996,444444.921287057 5337048.13067476));Neuhofen_an_der_Krems;4501;Kirchenplatz 3;48,1365431;14,2294199;98371047;Umspannwerk Nettingsdorf;;substation;110000;Ansfelden;5574,453214
MULTILINESTRING ((386553.748684743 5338379.24753733,389677.978809151 5340781.44565609));Neuhofen_im_Innkreis;4912;Hauptstra�e 3;48,1885111;13,4735922;81216242;Umspannwerk Ried;;substation;110000;Hohenzell;3940,985876
MULTILINESTRING ((409731.191138386 5362032.43936803,407761.312144478 5371510.00539332));Neukirchen_am_Walde;4724;Marktplatz 20;48,4049816;13,7803021;97989146;Kraftwerk Ranna;Energie AG;substation;110000;Neustift im Mühlkreis;9680,11782
MULTILINESTRING ((354845.12373378 5338000.37463872,354076.179694068 5342754.89171402));Neukirchen_an_der_Enknach;5145;Dorfplatz 1;48,1786498;13,0473144;96323087;Umspannwerk Braunau am Inn;;substation;;Braunau am Inn;4816,296041
MULTILINESTRING ((391005.945414419 5321909.59658404,394713.630742453 5318462.35404121));Neukirchen_an_der_V�ckla;4872;Kirchenplatz 4;48,0411617;13,5376854;33840061;Umspannwerk Timelkam;;substation;110000;Timelkam;5062,648678
MULTILINESTRING ((411734.186236106 5328123.83153351,418100.149659851 5328386.32567644));Neukirchen_bei_Lambach;4671;Gemeinde Neukirchen bei Lambach;48,10026245;13,8144328;118132395;Umspannwerk Lambach;Energie AG;substation;110000;Edt bei Lambach;6371,372967
MULTILINESTRING ((405530.459788612 5347507.17402577,412292.417524792 5343247.1638294));Neumarkt_im_Hausruckkreis;4720;Marktplatz 30;48,2737196;13,7268147;95024146;Umspannwerk Grieskirchen;Energie AG;substation;110000;Grieskirchen;7991,980937
MULTILINESTRING ((461793.545379841 5364013.01429182,462839.408506459 5371606.8149626));Neumarkt_im_M�hlkreis;4212;Marktplatz 1;48,4281058;14,48353;35034309;Umspannwerk Freistadt;Linz Strom AG;substation;"110000;20000";Freistadt;7665,483566
MULTILINESTRING ((408168.843926969 5376132.13192878,407761.312144478 5371510.00539332));Neustift_im_M�hlkreis;4143;Neustift i.M. 1;48,53157325;13,7561011;97989146;Kraftwerk Ranna;Energie AG;substation;110000;Neustift im Mühlkreis;4640,057744
MULTILINESTRING ((417254.459129757 5368768.92452748,407761.312144478 5371510.00539332));Niederkappel;4133;Niederkappel 48;48,4666074;13,88060376;97989146;Kraftwerk Ranna;Energie AG;substation;110000;Neustift im Mühlkreis;9880,95967
MULTILINESTRING ((450798.066622213 5334324.69288567,444444.921287057 5337048.13067476));Niederneukirchen;4491;Dorfplatz 1;48,160263;14,3383635;98371047;Umspannwerk Nettingsdorf;;substation;110000;Ansfelden;6912,27669
MULTILINESTRING ((408303.917549127 5328163.42796249,410675.431326685 5318980.78299154));Niederthalheim;4692;Hauptstra�e 42;48,1001341;13,7683605;34258314;Umspannwerk Traunfall;;substation;110000;Roitham am Traunfall;9483,936222
MULTILINESTRING ((432327.872294662 5366867.24910329,431814.017660815 5355571.75854654));Niederwaldkirchen;4174;Markt 22;48,4513038;14,084797;587747481;Umspannwerk Feldkirchen;;substation;;Feldkirchen an der Donau;11307,17266
MULTILINESTRING ((437552.565442447 5313512.19640957,433749.443098255 5306426.87764843));Nu�bach;4542;Kirchenplatz 2;47,9718681;14,1633043;95025696;Umspannwerk Kirchdorf;;substation;110000;Kirchdorf an der Krems;8041,485031
MULTILINESTRING ((389655.186934712 5304398.40113612,384375.966818374 5295742.9659758));Nu�dorf_am_Attersee;4865;Dorfstra�e 33;47,8834296;13,5240635;95297285;Umspannwerk Unterach;Energie AG;substation;110000;Unterach am Attersee;10138,37871
MULTILINESTRING ((373451.519500847 5312263.98487978,379504.955627984 5315171.84306707));Oberhofen_am_Irrsee;4894;Oberhofen a.I. 12;47,951178;13,3051108;95289063;Umspannwerk Frankenmarkt;;substation;110000;Weißenkirchen im Attergau;6715,633119
MULTILINESTRING ((409330.238641749 5378429.50324411,407761.312144478 5371510.00539332));Oberkappel;4144;Marktstra�e 4;48,5524053;13,7713289;97989146;Kraftwerk Ranna;Energie AG;substation;110000;Neustift im Mühlkreis;7095,137832
MULTILINESTRING ((376579.623847376 5353312.14620642,381119.922046782 5356444.62642409));Obernberg_am_Inn;4982;Marktplatz 1;48,3209427;13,3350923;95978048;Umspannwerk Antiesenhofen;;substation;110000;Antiesenhofen;5516,043877
MULTILINESTRING ((408016.695826844 5323281.6457644,410675.431326685 5318980.78299154));Oberndorf_bei_Schwanenstadt;4690;Atzbacher Stra�e 20;48,0561812;13,7655546;34258314;Umspannwerk Traunfall;;substation;110000;Roitham am Traunfall;5056,312396
MULTILINESTRING ((442668.5162659 5368074.63214536,448174.85574361 5352631.10442904));Oberneukirchen;4181;Ledererstra�e 1;48,4631921;14,2244647;24830381;Umspannwerk Nord;LINZ AG;substation;110000;Linz;16395,80199
MULTILINESTRING ((437496.332143154 5308563.79259277,433749.443098255 5306426.87764843));Oberschlierbach;4554;Oberschlierbach 1;47,92734526;14,16326989;95025696;Umspannwerk Kirchdorf;;substation;110000;Kirchdorf an der Krems;4313,418945
MULTILINESTRING ((401586.738398422 5267736.35155437,397242.599314264 5273616.98864934));Obertraun;4831;Obertraun 180;47,55558505;13,69189277;95642941;Kraftwerk Steeg;;substation;110000;Bad Goisern am Hallstättersee;7311,185747
MULTILINESTRING ((383220.050414799 5302501.64956851,384375.966818374 5295742.9659758));Oberwang;4882;Oberwang 90;47,86523168;13,43853409;95297285;Umspannwerk Unterach;Energie AG;substation;110000;Unterach am Attersee;6856,81753
MULTILINESTRING ((422179.264058639 5383849.73443307,425762.597979082 5378618.29438513));Oepping;4151;Kapellenstra�e 2;48,60288525;13,94439881;98308316;Umspannwerk Rohrbach-Berg (i.b.);;substation;110000;Rohrbach-Berg;6340,997316
MULTILINESTRING ((413709.351186611 5334141.43446515,418100.149659851 5328386.32567644));Offenhausen;4625;Marktgemeinde Offenhausen;48,15466225;13,83973838;118132395;Umspannwerk Lambach;Energie AG;substation;110000;Edt bei Lambach;7238,811256
MULTILINESTRING ((435348.017395781 5342919.97452237,433060.360494445 5335935.0506233));Oftering;4064;Ofteringer Stra�e 1;48,2362012;14,1293136;87526678;Umspannwerk Marchtrenk (i.b.);;substation;110000;Marchtrenk;7350,002447
MULTILINESTRING ((409730.289406574 5312627.18184101,410250.096723847 5313706.98526085));Ohlsdorf;4694;W�hrerstra�e 2;47,9605873;13,7907889;30842675;Schaltwerk Ohlsdorf;Energie AG;substation;110000;Ohlsdorf;1198,405221
MULTILINESTRING ((384105.265454022 5353431.18295583,381119.922046782 5356444.62642409));Ort_im_Innkreis;4974;Ort im Innkreis 81;48,3234377;13,4365379;95978048;Umspannwerk Antiesenhofen;;substation;110000;Antiesenhofen;4241,829416
MULTILINESTRING ((338571.704766132 5323556.02246189,339129.827172203 5321800.89621722));Ostermiething;5121;Bergstra�e 45;48,0448611;12,83401879;97870174;Umspannwerk Riedersbach;;substation;;St. Pantaleon;1841,729827
MULTILINESTRING ((451936.812630693 5367229.57739173,462839.408506459 5371606.8149626));Ottenschlag_im_M�hlkreis;4204;Marktplatz 2;48,4563666;14,3499268;35034309;Umspannwerk Freistadt;Linz Strom AG;substation;"110000;20000";Freistadt;11748,48099
MULTILINESTRING ((438986.879095692 5353450.29283476,437067.724471777 5351667.20077083));Ottensheim;4100;Marktplatz 9;48,3312906;14,1767929;91579706;Kraftwerk Ottensheim;Energie AG;substation;110000;Wilhering;2619,65108
MULTILINESTRING ((400162.599650303 5327813.67822643,394713.630742453 5318462.35404121));Ottnang_am_Hausruck;4901;Marktplatz 1;48,0957644;13,6591199;33840061;Umspannwerk Timelkam;;substation;110000;Timelkam;10823,05531
MULTILINESTRING ((486475.53450483 5352001.21563824,482178.974195514 5339186.37962415));Pabneukirchen;4363;Markt 16;48,3210548;14,8175611;174531795;Umspannwerk Baumgartenberg;Linz Strom GmbH;substation;;Baumgartenberg;13515,93328
MULTILINESTRING ((360318.968071877 5319694.17377268,368075.576747999 5316458.63471214));Palting;5163;Palting 15;48,0152637;13,1269;122454383;Umspannwerk R.A.G. Austria (i.b.);;substation;;Lengau;8404,385234
MULTILINESTRING ((441369.97740752 5345360.99824585,442581.882608226 5346475.66614775));Pasching;4061;Leondinger Stra�e 10;48,258746;14,2100665;320442058;Umspannwerk Leonding;APG;substation;;Leonding;1646,571817
MULTILINESTRING ((387283.402974675 5334530.51230068,389677.978809151 5340781.44565609));Pattigham;4910;Hauptstra�e 10;48,1540264;13,4844266;81216242;Umspannwerk Ried;;substation;110000;Hohenzell;6693,889844
MULTILINESTRING ((418477.170242246 5385593.6633852,425762.597979082 5378618.29438513));Peilstein_im_M�hlviertel;4153;Markt 7;48,6180999;13,8938486;98308316;Umspannwerk Rohrbach-Berg (i.b.);;substation;110000;Rohrbach-Berg;10086,28921
MULTILINESTRING ((414556.227732948 5331349.10597054,418100.149659851 5328386.32567644));Pennewang;4624;Gemeinde Pennewang;48,1296592;13,85168348;118132395;Umspannwerk Lambach;Energie AG;substation;110000;Edt bei Lambach;4619,247741
MULTILINESTRING ((472813.312618833 5344208.9603254,465767.077176729 5343162.33881871));Perg;4320;Hauptplatz 4;48,2505114;14,6337684;95828347;Umspannwerk Mauthausen;Linz AG;substation;110000;Mauthausen;7123,54199
MULTILINESTRING ((357106.724433165 5318870.69286543,358810.384431328 5329041.86296233));Perwang_am_Grabensee;5166;Hauptstra�e 16;48,0071486;13,0841234;185860195;Umspannwerk Wagenham;Energie AG;substation;110000;Pischelsdorf am Engelbach;10312,86374
MULTILINESTRING ((392030.082911964 5343540.40727853,389677.978809151 5340781.44565609));Peterskirchen;4743;Peterskirchen 25;48,23588496;13,54593661;81216242;Umspannwerk Ried;;substation;110000;Hohenzell;3625,501751
MULTILINESTRING ((426605.209025824 5312468.82324176,433749.443098255 5306426.87764843));Pettenbach;4643;Kirchenplatz 3;47,96132;14,0168261;95025696;Umspannwerk Kirchdorf;;substation;110000;Kirchdorf an der Krems;9356,558504
MULTILINESTRING ((408915.771650752 5355231.87952144,412292.417524792 5343247.1638294));Peuerbach;4722;Rathausplatz 1;48,3436965;13,7707604;95024146;Umspannwerk Grieskirchen;Energie AG;substation;110000;Grieskirchen;12451,31108
MULTILINESTRING ((386800.987729825 5319433.14852738,394713.630742453 5318462.35404121));Pfaffing;4870;Pfaffing 2;48,0181568;13,4819443;33840061;Umspannwerk Timelkam;;substation;110000;Timelkam;7971,973493
MULTILINESTRING ((361970.482094881 5326296.76599632,358810.384431328 5329041.86296233));Pfaffst�tt;5223;Kirchenplatz 1;48,0749958;13,1469053;185860195;Umspannwerk Wagenham;Energie AG;substation;110000;Pischelsdorf am Engelbach;4185,901886
MULTILINESTRING ((440201.733818488 5319800.20491406,440922.881626302 5322041.29268108));Pfarrkirchen_bei_Bad_Hall;4540;M�derndorferstra�e 1;48,02869;14,1979188;95025698;Umspannwerk Bad Hall;;substation;110000;Bad Hall;2354,257535
MULTILINESTRING ((413272.977747209 5372967.99780805,407761.312144478 5371510.00539332));Pfarrkirchen_im_M�hlkreis;4141;Pfarrkirchen i.M. 13;48,5038397;13,8258815;97989146;Kraftwerk Ranna;Energie AG;substation;110000;Neustift im Mühlkreis;5701,245443
MULTILINESTRING ((442399.899888262 5329412.77864816,440922.881626302 5322041.29268108));Piberbach;4533;Dorfplatz 1;48,1153692;14,2261046;95025698;Umspannwerk Bad Hall;;substation;110000;Bad Hall;7518,004277
MULTILINESTRING ((418149.661692542 5337354.84809837,426039.231330076 5337230.99902159));Pichl_bei_Wels;4632;Gemeinde Pichl bei Wels;48,18415485;13,8988122;37232839;Umspannwerk Puchberg;;substation;110000;Wels;7890,541658
MULTILINESTRING ((482067.517215307 5355015.94791477,482178.974195514 5339186.37962415));Pierbach;4282;Dorfstra�e 22;48,3480674;14,7579711;174531795;Umspannwerk Baumgartenberg;Linz Strom GmbH;substation;;Baumgartenberg;15829,96067
MULTILINESTRING ((400716.352047589 5321357.37803876,399939.311357644 5316241.96073699));Pilsbach;4841;Oberpilsbach 17;48,0377788;13,6680545;93187006;Umspannwerk Vöcklabruck;;substation;110000;Regau;5174,097642
MULTILINESTRING ((408102.810220241 5309239.74737801,409279.657739169 5308504.13179454));Pinsdorf;4812;Moosweg 3;47,9298851;13,7697165;86869607;Umspannwerk Gmunden;Energie AG;substation;110000;Gmunden;1387,840182
MULTILINESTRING ((357360.612557996 5332495.71728158,358810.384431328 5329041.86296233));Pischelsdorf_am_Engelbach;5233;Pischelsdorf 5;48,1297222;13,0829793;185860195;Umspannwerk Wagenham;Energie AG;substation;110000;Pischelsdorf am Engelbach;3745,790723
MULTILINESTRING ((407887.924916444 5323158.90849483,410675.431326685 5318980.78299154));Pitzenberg;4690;Atzbacher Stra�e 23;48,0550586;13,7638533;34258314;Umspannwerk Traunfall;;substation;110000;Roitham am Traunfall;5022,641208
MULTILINESTRING ((414772.834135176 5345868.74527146,412292.417524792 5343247.1638294));Pollham;4710;Pollham 31;48,2602935;13,8516789;95024146;Umspannwerk Grieskirchen;Energie AG;substation;110000;Grieskirchen;3609,038074
MULTILINESTRING ((372515.86493812 5343270.82347148,371579.282921807 5339683.90759487));Polling_im_Innkreis;4951;Waghamer Stra�e 3;48,22983765;13,283327;122351223;Umspannwerk Roßbach;;substation;110000;Roßbach;3707,175661
MULTILINESTRING ((378311.26138643 5317278.07226825,379504.955627984 5315171.84306707));P�ndorf;5212;4891 P�ndorf;47,9972145;13,3687504;95289063;Umspannwerk Frankenmarkt;;substation;110000;Weißenkirchen im Attergau;2420,972406
MULTILINESTRING ((408774.78723002 5348395.76323708,412292.417524792 5343247.1638294));P�tting;4720;P�tting 55;48,2821879;13,7703367;95024146;Umspannwerk Grieskirchen;Energie AG;substation;110000;Grieskirchen;6235,527143
MULTILINESTRING ((396503.981317614 5343254.05072361,389677.978809151 5340781.44565609));Pram;4742;Marktstra�e 1;48,2340555;13,606239;81216242;Umspannwerk Ried;;substation;110000;Hohenzell;7260,033476
MULTILINESTRING ((418801.492335529 5351876.58384367,426414.927665978 5350422.0682324));Prambachkirchen;4731;Prof.-Anton-Lutz-Weg 1;48,31486375;13,90479411;92870633;Umspannwerk Eferding;;substation;110000;Hinzenbach;7751,129801
MULTILINESTRING ((387918.196962633 5332521.51392271,389677.978809151 5340781.44565609));Pramet;4925;Pramet 35;48,13606999;13,49348785;81216242;Umspannwerk Ried;;substation;110000;Hohenzell;8445,312569
MULTILINESTRING ((465218.012214081 5355922.44299071,462973.208721925 5356404.63162904));Pregarten;4230;Stadtplatz 12;48,3555193;14,5304899;95843031;Umspannwerk Friensdorf;Linz Strom AG;substation;110000;Wartberg ob der Aist;2296,0071
MULTILINESTRING ((443714.283023418 5351221.80019641,448174.85574361 5352631.10442904));Puchenau;4048;Kirchenstra�e 1;48,3116821;14,2408679;24830381;Umspannwerk Nord;LINZ AG;substation;110000;Linz;4677,910582
MULTILINESTRING ((393590.279313042 5322198.14347737,394713.630742453 5318462.35404121));Puchkirchen_am_Trattberg;4849;Puchkirchen 3;48,044193;13,572275;33840061;Umspannwerk Timelkam;;substation;110000;Timelkam;3901,03078
MULTILINESTRING ((439468.568392677 5337647.84109093,442334.598536097 5339350.64492124));Pucking;4055;Puckinger Stra�e 5;48,1891802;14,1855527;33058565;Umspannwerk Pucking (i.b.);Energie AG Oberösterreich;substation;110000;Pucking;3333,717095
MULTILINESTRING ((407887.924916444 5323158.90849483,410675.431326685 5318980.78299154));P�hret;4800;Atzbacher Stra�e 23;48,0550586;13,7638533;34258314;Umspannwerk Traunfall;;substation;110000;Roitham am Traunfall;5022,641208
MULTILINESTRING ((425905.933807849 5354421.49330693,426414.927665978 5350422.0682324));Pupping;4070;Pupping 13;48,33862845;14,00015556;92870633;Umspannwerk Eferding;;substation;110000;Hinzenbach;4031,683975
MULTILINESTRING ((416880.68350894 5374325.05248207,407761.312144478 5371510.00539332));Putzleinsdorf;4134;Markt 7;48,5165337;13,8744426;97989146;Kraftwerk Ranna;Energie AG;substation;110000;Neustift im Mühlkreis;9543,973187
MULTILINESTRING ((399767.551001 5356319.68683263,407761.312144478 5371510.00539332));Raab;4760;Marktstra�e 7;48,352095;13,6470745;97989146;Kraftwerk Ranna;Energie AG;substation;110000;Neustift im Mühlkreis;17165,25547
MULTILINESTRING ((391694.358933665 5367996.31575085,385366.007561848 5367261.26050209));Rainbach_im_Innkreis;4776;Rainbach im Innkreis 50;48,4557771;13,535126;95975628;Umspannwerk Aigerding;Energie AG;substation;110000;St. Florian am Inn;6370,897684
MULTILINESTRING ((461372.58806793 5378551.28151019,462266.53299852 5375733.75307855));Rainbach_im_M�hlkreis;4261;Pragerstra�e 5;48,5588669;14,4764951;497665559;Umspannwerk Rainbach im Mühlkreis;Linz AG;substation;"110000;30000";Rainbach im Mühlkreis;2955,943843
MULTILINESTRING ((478546.327958363 5351581.78805884,482178.974195514 5339186.37962415));Rechberg;4324;Rechberg 9;48,31706201;14,7106222;174531795;Umspannwerk Baumgartenberg;Linz Strom GmbH;substation;;Baumgartenberg;12916,74374
MULTILINESTRING ((387670.235062671 5325034.97914351,394713.630742453 5318462.35404121));Redleiten;4873;Marktplatz 4;48,0686931;13,4921271;33840061;Umspannwerk Timelkam;;substation;110000;Timelkam;9633,733619
MULTILINESTRING ((406810.691256634 5320764.49679713,410675.431326685 5318980.78299154));Redlham;4846;Redlham 1;48,03336451;13,74992166;34258314;Umspannwerk Traunfall;;substation;110000;Roitham am Traunfall;4256,506872
MULTILINESTRING ((401838.061084924 5316112.84357514,399939.311357644 5316241.96073699));Regau;4844;Regau 9;47,99077878;13,68429954;93187006;Umspannwerk Vöcklabruck;;substation;110000;Regau;1903,134722
MULTILINESTRING ((451936.812630693 5367229.57739173,462839.408506459 5371606.8149626));Reichenau_im_M�hlkreis;4204;Marktplatz 2;48,4563666;14,3499268;35034309;Umspannwerk Freistadt;Linz Strom AG;substation;"110000;20000";Freistadt;11748,48099
MULTILINESTRING ((454386.256448417 5376825.32086999,462266.53299852 5375733.75307855));Reichenthal;4193;Oberer Markt 11;48,5428711;14,382006;497665559;Umspannwerk Rainbach im Mühlkreis;Linz AG;substation;"110000;30000";Rainbach im Mühlkreis;7955,518761
MULTILINESTRING ((378802.506383053 5354718.24665808,381119.922046782 5356444.62642409));Reichersberg;4981;Reichersberg 35;48,33401783;13,36466125;95978048;Umspannwerk Antiesenhofen;;substation;110000;Antiesenhofen;2889,775503
MULTILINESTRING ((459954.744336898 5304283.51071571,463921.690666356 5304421.91374727));Reichraming;4462;Reichraming 1;47,89063276;14,46429845;42306133;Umspannwerk Großraming;;substation;110000;Reichraming;3969,359971
MULTILINESTRING ((387685.959328794 5340745.44536956,389677.978809151 5340781.44565609));Ried_im_Innkreis;4910;Hauptplatz 12;48,2099933;13,4881943;81216242;Umspannwerk Ried;;substation;110000;Hohenzell;1992,344757
MULTILINESTRING ((430888.637978875 5319533.92498767,434668.57127202 5321103.34256907));Ried_im_Traunkreis;4551;Hauptstra�e 27;48,0253546;14,0730599;50899766;Umspannwerk Kremsmünster;Energie AG;substation;110000;Kremsmünster;4092,794552
MULTILINESTRING ((464912.181335124 5346513.54652568,465767.077176729 5343162.33881871));Ried_in_der_Riedmark;4312;Marktplatz 2;48,2708563;14,5271445;95828347;Umspannwerk Mauthausen;Linz AG;substation;110000;Mauthausen;3458,53148
MULTILINESTRING ((398793.257462605 5350773.30442158,389677.978809151 5340781.44565609));Riedau;4752;Marktplatz 32/33;48,3020548;13,6352593;81216242;Umspannwerk Ried;;substation;110000;Hohenzell;13524,9971
MULTILINESTRING ((439657.64662929 5324049.03506211,440922.881626302 5322041.29268108));Rohr_im_Kremstal;4532;Ortsplatz 1;48,0668622;14,1900225;95025698;Umspannwerk Bad Hall;;substation;110000;Bad Hall;2373,151716
MULTILINESTRING ((425558.638310219 5380411.72041485,425762.597979082 5378618.29438513));Rohrbach-Berg;4150;Stadtplatz 1�2;48,5723718;13,9908468;98308316;Umspannwerk Rohrbach-Berg (i.b.);;substation;110000;Rohrbach-Berg;1804,986557
MULTILINESTRING ((412226.586397364 5319612.91345946,410675.431326685 5318980.78299154));Roitham_am_Traunfall;4661;Gemeindeplatz 9;48,0237732;13,8227922;34258314;Umspannwerk Traunfall;;substation;110000;Roitham am Traunfall;1675,013726
MULTILINESTRING ((454184.130296124 5284546.02472114,463921.690666356 5304421.91374727));Rosenau_am_Hengstpa�;4581;Hauptstra�e 16;47,7126688;14,3891921;42306133;Umspannwerk Großraming;;substation;110000;Reichraming;22133,03067
MULTILINESTRING ((401794.173348563 5340571.09452334,412292.417524792 5343247.1638294));Rottenbach;4681;Rottenbach 12;48,21076524;13,67808236;95024146;Umspannwerk Grieskirchen;Energie AG;substation;110000;Grieskirchen;10833,95024
MULTILINESTRING ((370049.99046276 5340182.10220541,371579.282921807 5339683.90759487));Ro�bach;5273;Ro�bach 14;48,2015614;13,2510845;122351223;Umspannwerk Roßbach;;substation;110000;Roßbach;1608,394633
MULTILINESTRING ((448130.844909637 5285833.89126356,463921.690666356 5304421.91374727));Ro�leithen;4575;Pichl 1;47,7237978;14,3083433;42306133;Umspannwerk Großraming;;substation;110000;Reichraming;24389,86243
MULTILINESTRING ((409829.277352313 5321715.41021313,410675.431326685 5318980.78299154));R�storf;4690;R�storf 1;48,0423515;13,7902044;34258314;Umspannwerk Traunfall;;substation;110000;Roitham am Traunfall;2862,544775
MULTILINESTRING ((407887.924916444 5323158.90849483,410675.431326685 5318980.78299154));Rutzenham;4690;Atzbacher Stra�e 23;48,0550586;13,7638533;34258314;Umspannwerk Traunfall;;substation;110000;Roitham am Traunfall;5022,641208
MULTILINESTRING ((473899.809772918 5377947.16748729,462266.53299852 5375733.75307855));Sandl;4251;Sandl 24;48,55407895;14,64630622;497665559;Umspannwerk Rainbach im Mühlkreis;Linz AG;substation;"110000;30000";Rainbach im Mühlkreis;11841,97331
MULTILINESTRING ((406717.098759921 5370330.40451012,407761.312144478 5371510.00539332));Sankt_Aegidi;4725;St. Aegidi 10;48,4791772;13,7377381;97989146;Kraftwerk Ranna;Energie AG;substation;110000;Neustift im Mühlkreis;1575,385615
MULTILINESTRING ((416950.026611483 5359732.83879932,426414.927665978 5350422.0682324));Sankt_Agatha;4084;Kirchenplatz 1;48,3852896;13,8782764;92870633;Umspannwerk Eferding;;substation;110000;Hinzenbach;13276,85206
MULTILINESTRING ((454029.171659873 5339404.21938162,456913.361250396 5340077.00013379));Sankt_Florian;4490;Leopold Kotzmann-Str. 1;48,2062022;14,3812609;33064531;Umspannwerk Tyllisburg;;substation;110000;St. Florian;2961,618398
MULTILINESTRING ((386825.483313032 5364726.6265138,385366.007561848 5367261.26050209));Sankt_Florian_am_Inn;4782;St. Florian 11;48,42551495;13,47018;95975628;Umspannwerk Aigerding;Energie AG;substation;110000;St. Florian am Inn;2924,797245
MULTILINESTRING ((352558.139787439 5332335.95856648,358810.384431328 5329041.86296233));Sankt_Georgen_am_Fillmannsbach;5144;St. Georgen 29;48,1271913;13,0185305;185860195;Umspannwerk Wagenham;Energie AG;substation;110000;Pischelsdorf am Engelbach;7066,939149
MULTILINESTRING ((492380.401834805 5356240.13712571,482178.974195514 5339186.37962415));Sankt_Georgen_am_Walde;4372;Markt 9;48,3592896;14,8971382;174531795;Umspannwerk Baumgartenberg;Linz Strom GmbH;substation;;Baumgartenberg;19872,08522
MULTILINESTRING ((459066.76627576 5346642.6413045,462497.466367872 5342504.87405377));Sankt_Georgen_an_der_Gusen;4223;Marktplatz 12;48,2716668;14,4483607;186110657;Umspannwerk Enns-Industrie;;substation;110000;Enns;5375,018227
MULTILINESTRING ((409298.380424501 5340606.31510061,412292.417524792 5343247.1638294));Sankt_Georgen_bei_Grieskirchen;4710;St. Georgen 34;48,212199;13,7790618;95024146;Umspannwerk Grieskirchen;Energie AG;substation;110000;Grieskirchen;3992,285081
MULTILINESTRING ((375990.731546154 5350009.45062136,381119.922046782 5356444.62642409));Sankt_Georgen_bei_Obernberg_am_Inn;4983;St. Georgen b.O.a.I. 18;48,29112675;13,3281224;95978048;Umspannwerk Antiesenhofen;;substation;110000;Antiesenhofen;8229,221276
MULTILINESTRING ((387262.938643442 5309991.9330346,379504.955627984 5315171.84306707));Sankt_Georgen_im_Attergau;4880;Attergaustra�e 21;47,9333233;13,4906145;95289063;Umspannwerk Frankenmarkt;;substation;110000;Weißenkirchen im Attergau;9328,331491
MULTILINESTRING ((435834.007114965 5357766.89856833,431814.017660815 5355571.75854654));Sankt_Gotthard_im_M�hlkreis;4112;Rottenegger Stra�e 17;48,3698088;14,1336003;587747481;Umspannwerk Feldkirchen;;substation;;Feldkirchen an der Donau;4580,278914
MULTILINESTRING ((372463.258758077 5329565.8707057,371579.282921807 5339683.90759487));Sankt_Johann_am_Walde;5242;St. Johann Nr. 8;48,10658;13,28673005;122351223;Umspannwerk Roßbach;;substation;110000;Roßbach;10156,57835
MULTILINESTRING ((435719.004271855 5371250.7794504,425762.597979082 5378618.29438513));Sankt_Johann_am_Wimberg;4172;St. Johann 10;48,491091;14,1299794;98308316;Umspannwerk Rohrbach-Berg (i.b.);;substation;110000;Rohrbach-Berg;12385,89127
MULTILINESTRING ((416914.523680563 5306179.01138646,409279.657739169 5308504.13179454));Sankt_Konrad;4817;Ort 10;47,90355495;13,8882501;86869607;Umspannwerk Gmunden;Energie AG;substation;110000;Gmunden;7981,062765
MULTILINESTRING ((476073.171008873 5365524.24321811,462839.408506459 5371606.8149626));Sankt_Leonhard_bei_Freistadt;4294;Hauptstra�e 9;48,4424058;14,6764697;35034309;Umspannwerk Freistadt;Linz Strom AG;substation;"110000;20000";Freistadt;14564,68843
MULTILINESTRING ((376599.314172307 5301594.90575727,384375.966818374 5295742.9659758));Sankt_Lorenz;5310;Wredeplatz 2;47,8558389;13,3503039;95297285;Umspannwerk Unterach;Energie AG;substation;110000;Unterach am Attersee;9732,498425
MULTILINESTRING ((446404.601568414 5332729.89651517,444444.921287057 5337048.13067476));Sankt_Marien;4502;St. Marien 1;48,1455606;14,2794885;98371047;Umspannwerk Nettingsdorf;;substation;110000;Ansfelden;4742,09796
MULTILINESTRING ((394192.646953721 5337506.48158865,389677.978809151 5340781.44565609));Sankt_Marienkirchen_am_Hausruck;4926;St. Marienkirchen a.H. 11;48,18197995;13,5765561;81216242;Umspannwerk Ried;;substation;110000;Hohenzell;5577,42038
MULTILINESTRING ((420610.323350787 5346234.91001702,426414.927665978 5350422.0682324));Sankt_Marienkirchen_an_der_Polsenz;4732;Kirchenplatz 1;48,2643457;13,9302477;92870633;Umspannwerk Eferding;;substation;110000;Hinzenbach;7157,214904
MULTILINESTRING ((385272.754593774 5360502.33162218,381119.922046782 5356444.62642409));Sankt_Marienkirchen_bei_Sch�rding;4774;Sch�rdingerstra�e 1;48,3872439;13,450354;95978048;Umspannwerk Antiesenhofen;;substation;110000;Antiesenhofen;5806,116571
MULTILINESTRING ((384283.261906995 5350050.17674499,381119.922046782 5356444.62642409));Sankt_Martin_im_Innkreis;4973;Diesseits 184;48,2930637;13,4398655;95978048;Umspannwerk Antiesenhofen;;substation;110000;Antiesenhofen;7134,122635
MULTILINESTRING ((428866.492454664 5363016.89570671,431814.017660815 5355571.75854654));Sankt_Martin_im_M�hlkreis;4114;Markt 2;48,4162872;14,0386454;587747481;Umspannwerk Feldkirchen;;substation;;Feldkirchen an der Donau;8007,369866
MULTILINESTRING ((493032.840587885 5342223.79676274,482178.974195514 5339186.37962415));Sankt_Nikola_an_der_Donau;4381;St. Nikola 16;48,2331962;14,9061772;174531795;Umspannwerk Baumgartenberg;Linz Strom GmbH;substation;;Baumgartenberg;11270,86148
MULTILINESTRING ((469485.331250509 5372036.41701614,462839.408506459 5371606.8149626));Sankt_Oswald_bei_Freistadt;4271;Markt 80;48,5007058;14,5869181;35034309;Umspannwerk Freistadt;Linz Strom AG;substation;"110000;20000";Freistadt;6659,793318
MULTILINESTRING ((428584.389386489 5385649.43452991,425762.597979082 5378618.29438513));Sankt_Oswald_bei_Haslach;4170;St. Oswald 18;48,619837;14,030958;98308316;Umspannwerk Rohrbach-Berg (i.b.);;substation;110000;Rohrbach-Berg;7576,241712
MULTILINESTRING ((440682.521456689 5290406.079348,433749.443098255 5306426.87764843));Sankt_Pankraz;4572;St. Pankraz 1;47,764291;14,2084083;95025696;Umspannwerk Kirchdorf;;substation;110000;Kirchdorf an der Krems;17456,61919
MULTILINESTRING ((342271.496787265 5320312.10549451,339129.827172203 5321800.89621722));Sankt_Pantaleon;5120;Sankt Pantaleon 54;48,01661995;12,88482005;97870174;Umspannwerk Riedersbach;;substation;;St. Pantaleon;3476,576734
MULTILINESTRING ((358771.904156346 5346126.24419507,357630.404292775 5346590.55534145));Sankt_Peter_am_Hart;4963;St. Peter 39;48,2526017;13,0974024;81540198;Umspannwerk St. Peter;Austrian Power Grid AG;substation;;St. Peter am Hart;1232,317645
MULTILINESTRING ((432203.322427787 5372507.09451628,425762.597979082 5378618.29438513));Sankt_Peter_am_Wimberg;4171;Markt 2;48,5020224;14,0821981;98308316;Umspannwerk Rohrbach-Berg (i.b.);;substation;110000;Rohrbach-Berg;8878,608858
MULTILINESTRING ((333431.220844418 5329416.27836126,339129.827172203 5321800.89621722));Sankt_Radegund;5121;St. Radegund 7;48,0962255;12,7628159;97870174;Umspannwerk Riedersbach;;substation;;St. Pantaleon;9511,475137
MULTILINESTRING ((398077.313818526 5371045.61870455,407761.312144478 5371510.00539332));Sankt_Roman;4793;Altendorf 11;48,4842684;13,6206878;97989146;Kraftwerk Ranna;Energie AG;substation;110000;Neustift im Mühlkreis;9695,126537
MULTILINESTRING ((433811.613304006 5379810.61851278,425762.597979082 5378618.29438513));Sankt_Stefan-Afiesl;4170;St. Stefan am Walde 65;48,5678909;14,1028075;98308316;Umspannwerk Rohrbach-Berg (i.b.);;substation;110000;Rohrbach-Berg;8136,847333
MULTILINESTRING ((417213.806349467 5348607.30706048,412292.417524792 5343247.1638294));Sankt_Thomas;4732;St. Thomas 100;48,2852507;13,8840248;95024146;Umspannwerk Grieskirchen;Energie AG;substation;110000;Grieskirchen;7276,757755
MULTILINESTRING ((482285.387557671 5351117.39824444,482178.974195514 5339186.37962415));Sankt_Thomas_am_Blasenstein;4364;Markt 7;48,3129999;14,7610755;174531795;Umspannwerk Baumgartenberg;Linz Strom GmbH;substation;;Baumgartenberg;11931,49316
MULTILINESTRING ((457072.476532719 5318862.04342527,456146.94557819 5318422.92204824));Sankt_Ulrich_bei_Steyr;4400;Pfarrplatz 7;48,0216066;14,4242879;259327225;Umspannwerk St. Ullrich bei Steyr (i.b.);;substation;110000;St. Ulrich bei Steyr;1024,419412
MULTILINESTRING ((429307.301155357 5369240.74490349,425762.597979082 5378618.29438513));Sankt_Ulrich_im_M�hlkreis;4116;Ulrichstra�e 4;48,4723218;14,0435513;98308316;Umspannwerk Rohrbach-Berg (i.b.);;substation;110000;Rohrbach-Berg;10025,13615
MULTILINESTRING ((371866.156422185 5340764.14974273,371579.282921807 5339683.90759487));Sankt_Veit_im_Innkreis;5273;St. Veit 31;48,2071648;13,2753398;122351223;Umspannwerk Roßbach;;substation;110000;Roßbach;1117,684885
MULTILINESTRING ((437977.741622285 5369031.49424289,431814.017660815 5355571.75854654));Sankt_Veit_im_M�hlkreis;4173;St. Veit i.M. 3;48,4713545;14,1608765;587747481;Umspannwerk Feldkirchen;;substation;;Feldkirchen an der Donau;14803,91766
MULTILINESTRING ((402621.808208907 5357253.59364024,407761.312144478 5371510.00539332));Sankt_Willibald;4762;St. Willibald 21;48,3609414;13,6853741;97989146;Kraftwerk Ranna;Energie AG;substation;110000;Neustift im Mühlkreis;15154,52991
MULTILINESTRING ((383610.296580622 5288440.52761638,387989.422605964 5286535.00315314));Sankt_Wolfgang_im_Salzkammergut;5360;Markt 28;47,7388342;13,4475236;95640323;Umspannwerk Strobl;Energie AG;substation;110000;St. Wolfgang im Salzkammergut;4775,747923
MULTILINESTRING ((419160.141023817 5377589.7572096,425762.597979082 5378618.29438513));Sarleinsbach;4152;Marktplatz 4;48,5461964;13,9046706;98308316;Umspannwerk Rohrbach-Berg (i.b.);;substation;110000;Rohrbach-Berg;6682,089985
MULTILINESTRING ((429617.242227647 5324866.04194075,434668.57127202 5321103.34256907));Sattledt;4642;Marktgemeinde Sattledt;48,07318288;14,0551329;50899766;Umspannwerk Kremsmünster;Energie AG;substation;110000;Kremsmünster;6298,716669
MULTILINESTRING ((484926.490507968 5339332.48912272,482178.974195514 5339186.37962415));Saxen;4351;Saxen 77;48,20704283;14,79711689;174531795;Umspannwerk Baumgartenberg;Linz Strom GmbH;substation;;Baumgartenberg;2751,39853
MULTILINESTRING ((362797.661195187 5331042.59513593,361132.517100931 5331366.34671208));Schalchen;5231;Hauptstra�e 3 a;48,1178506;13,156479;95003268;Umspannwerk Mattighofen;;substation;110000;Schalchen;1696,325422
MULTILINESTRING ((388968.853238876 5375181.27370305,384912.816186432 5379012.97073725));Schardenberg;4784;Sch�rdinger Stra�e 4;48,5199187;13,4963661;365493403;Umspannwerk Schardenberg (i.b.);;substation;110000;Schardenberg;5579,725686
MULTILINESTRING ((383961.574795406 5368324.91637591,385366.007561848 5367261.26050209));Sch�rding;4780;Unterer Stadtplatz 1;48,4573537;13,4304856;95975628;Umspannwerk Aigerding;Energie AG;substation;110000;St. Florian am Inn;1761,759125
MULTILINESTRING ((422352.931141354 5306159.83960935,433749.443098255 5306426.87764843));Scharnstein;4644;Hauptstra�e 13;47,9040639;13,96101097;95025696;Umspannwerk Kirchdorf;;substation;110000;Kirchdorf an der Krems;11399,64009
MULTILINESTRING ((426733.090012974 5345266.47830169,426414.927665978 5350422.0682324));Scharten;4612;Scharten 60;48,25637208;14,01290465;92870633;Umspannwerk Eferding;;substation;110000;Hinzenbach;5165,397837
MULTILINESTRING ((452845.313144115 5372366.02634612,462266.53299852 5375733.75307855));Schenkenfelden;4192;Markt 1;48,5026422;14,3616343;497665559;Umspannwerk Rainbach im Mühlkreis;Linz AG;substation;"110000;30000";Rainbach im Mühlkreis;10005,04707
MULTILINESTRING ((446370.506887299 5326195.74132235,440922.881626302 5322041.29268108));Schiedlberg;4521;Gemeindeplatz 1;48,08677456;14,27985215;95025698;Umspannwerk Bad Hall;;substation;110000;Bad Hall;6850,990038
MULTILINESTRING ((385809.856646927 5333700.57878935,389677.978809151 5340781.44565609));Schildorn;4920;Dorfplatz 1;48,1462993;13,4648435;81216242;Umspannwerk Ried;;substation;110000;Hohenzell;8068,521838
MULTILINESTRING ((408731.92045715 5323191.95042264,410675.431326685 5318980.78299154));Schlatt;4691;Stadtplatz 22;48,0554771;13,77517;34258314;Umspannwerk Traunfall;;substation;110000;Roitham am Traunfall;4638,013113
MULTILINESTRING ((431152.683146246 5334460.46929719,430074.614552559 5335090.8112534));Schlei�heim;4600;Gemeinde Schlei�heim;48,15966035;14,0741935;40917240;EWW - Umspannwerk Ost;EWW;substation;110000;Wels;1248,824597
MULTILINESTRING ((434710.656496216 5309728.09826078,433749.443098255 5306426.87764843));Schlierbach;4553;Stiftsstra�e 1;47,9375419;14,1258062;95025696;Umspannwerk Kirchdorf;;substation;110000;Kirchdorf an der Krems;3438,311901
MULTILINESTRING ((415803.335993426 5341618.48190786,412292.417524792 5343247.1638294));Schl��lberg;4707;Marktplatz 1;48,2222;13,8664058;95024146;Umspannwerk Grieskirchen;Energie AG;substation;110000;Grieskirchen;3870,291112
MULTILINESTRING ((477683.17749673 5359968.13640632,462973.208721925 5356404.63162904));Sch�nau_im_M�hlkreis;4274;Sch�nau 2;48,39247995;14,698535;95843031;Umspannwerk Friensdorf;Linz Strom AG;substation;110000;Wartberg ob der Aist;15135,44673
MULTILINESTRING ((395717.810176132 5311309.70163778,397021.295222577 5315383.57059721));Sch�rfling_am_Attersee;4861;Marktplatz 32;47,9466079;13,6034575;118098478;Umspannwerk Lenzing;;substation;;Lenzing;4277,321775
MULTILINESTRING ((348896.618142107 5338074.01203572,354076.179694068 5342754.89171402));Schwand_im_Innkreis;5134;Neukirchner Stra�e 2;48,1779251;12,9673176;96323087;Umspannwerk Braunau am Inn;;substation;;Braunau am Inn;6981,295899
MULTILINESTRING ((408651.920959212 5323074.17978998,410675.431326685 5318980.78299154));Schwanenstadt;4690;Stadtplatz 54;48,0544063;13,7741218;34258314;Umspannwerk Traunfall;;substation;110000;Roitham am Traunfall;4566,233848
MULTILINESTRING ((414841.573284025 5398757.35822193,425762.597979082 5378618.29438513));Schwarzenberg_am_B�hmerwald;4164;Schwarzenberg am Bw. 185;48,73601365;13,8418176;98308316;Umspannwerk Rohrbach-Berg (i.b.);;substation;110000;Rohrbach-Berg;22909,61965
MULTILINESTRING ((469054.041253597 5346841.21076342,465767.077176729 5343162.33881871));Schwertberg;4311;Schacherbergstra�e 3;48,2740201;14,582936;95828347;Umspannwerk Mauthausen;Linz AG;substation;110000;Mauthausen;4933,379331
MULTILINESTRING ((394362.04808745 5312199.08542879,397021.295222577 5315383.57059721));Seewalchen_am_Attersee;4863;Rathausplatz 1;47,9543853;13,5850885;118098478;Umspannwerk Lenzing;;substation;;Lenzing;4148,799961
MULTILINESTRING ((382562.264870159 5346568.10666477,389677.978809151 5340781.44565609));Senftenbach;4973;Berg 22;48,2614313;13,4176391;81216242;Umspannwerk Ried;;substation;110000;Hohenzell;9171,631834
MULTILINESTRING ((448522.162298863 5321536.1491443,440922.881626302 5322041.29268108));Sierning;4523;Kirchenplatz 1;48,0450323;14,3093039;95025698;Umspannwerk Bad Hall;;substation;110000;Bad Hall;7616,051256
MULTILINESTRING ((396317.216209305 5361250.59926652,385366.007561848 5367261.26050209));Sigharting;4771;Hofmark 5;48,3958861;13,5993004;95975628;Umspannwerk Aigerding;Energie AG;substation;110000;St. Florian am Inn;12492,27839
MULTILINESTRING ((433368.552530732 5328491.31479862,430074.614552559 5335090.8112534));Sipbachzell;4621;Gemeinde Sipbachzell;48,10619869;14,10492077;40917240;EWW - Umspannwerk Ost;EWW;substation;110000;Wels;7375,864753
MULTILINESTRING ((447779.225039446 5367609.31693118,448174.85574361 5352631.10442904));Sonnberg_im_M�hlkreis;4180;Sonnberg 70;48,4594513;14,2936507;24830381;Umspannwerk Nord;LINZ AG;substation;110000;Linz;14983,43664
MULTILINESTRING ((450499.861195029 5279224.56986212,463921.690666356 5304421.91374727));Spital_am_Pyhrn;4582;Stiftsplatz 7;47,6645193;14,3406811;42306133;Umspannwerk Großraming;;substation;110000;Reichraming;28549,10936
MULTILINESTRING ((415778.696037659 5326541.6678168,418100.149659851 5328386.32567644));Stadl-Paura;4651;Marktplatz 1;48,086578;13,8690587;118132395;Umspannwerk Lambach;Energie AG;substation;110000;Edt bei Lambach;2965,115434
MULTILINESTRING ((409006.14513791 5355370.03772768,412292.417524792 5343247.1638294));Steegen;4722;Badergasse 5;48,3449522;13,7719499;95024146;Umspannwerk Grieskirchen;Energie AG;substation;110000;Grieskirchen;12560,40038
MULTILINESTRING ((391174.493657074 5298567.7337173,384375.966818374 5295742.9659758));Steinbach_am_Attersee;4853;Steinbach 5;47,831245;13,5458459;95297285;Umspannwerk Unterach;Energie AG;substation;110000;Unterach am Attersee;7362,016026
MULTILINESTRING ((427882.129828252 5304546.97608308,433749.443098255 5306426.87764843));Steinbach_am_Ziehberg;4562;Steinbach 4;47,8902;14,03525505;95025696;Umspannwerk Kirchdorf;;substation;110000;Kirchdorf an der Krems;6161,119614
MULTILINESTRING ((445286.508205565 5313199.26863713,451678.680324955 5310059.74586881));Steinbach_an_der_Steyr;4596;Ortsplatz 4;47,9697609;14,2669572;144202272;Kraftwerk Ternberg;;substation;110000;Ternberg;7121,549524
MULTILINESTRING ((422337.460879761 5325562.22619395,418100.149659851 5328386.32567644));Steinerkirchen_an_der_Traun;4652;Marktgemeinde Steinerkirchen an der Traun;48,07860035;13,9572935;118132395;Umspannwerk Lambach;Energie AG;substation;110000;Edt bei Lambach;5092,184626
MULTILINESTRING ((427078.22857247 5329738.7627351,430074.614552559 5335090.8112534));Steinhaus;4641;Gemeindeplatz 2;48,1167312;14,02022;40917240;EWW - Umspannwerk Ost;EWW;substation;110000;Wels;6133,73885
MULTILINESTRING ((456768.124930492 5320766.04906076,458185.812072397 5321235.85334358));Steyr;4407;Stadtplatz 27;48,0387158;14,4200142;33066588;Umspannwerk Steyr-Fischhub;;substation;110000;Steyr;1493,503564
MULTILINESTRING ((453364.034976133 5348201.06755033,451185.14650394 5346175.21171237));Steyregg;4221;Weissenwolffstra�e 3;48,2852924;14,37134;29563097;UW Hütte Süd 110kV;voestalpine Stahl GmbH;substation;110000;Linz;2975,171735
MULTILINESTRING ((384616.480805346 5307405.57755873,379504.955627984 5315171.84306707));Stra�_im_Attergau;4881;"Stra� i.&nbsp;A. 30";47,90959045;13,455888;95289063;Umspannwerk Frankenmarkt;;substation;110000;Weißenkirchen im Attergau;9297,449628
MULTILINESTRING ((422308.849216072 5354645.28602927,426414.927665978 5350422.0682324));Stroheim;4074;Stroheim 30;48,34020938;13,95158255;92870633;Umspannwerk Eferding;;substation;110000;Hinzenbach;5890,284271
MULTILINESTRING ((384423.722742609 5363046.12989756,385366.007561848 5367261.26050209));Suben;4975;Suben 50;48,40996582;13,43819008;95975628;Umspannwerk Aigerding;Energie AG;substation;110000;St. Florian am Inn;4319,169676
MULTILINESTRING ((394300.257153578 5346549.77810335,389677.978809151 5340781.44565609));Taiskirchen_im_Innkreis;4753;Hofmarkt 29;48,2633338;13,5757483;81216242;Umspannwerk Ried;;substation;110000;Hohenzell;7391,827671
MULTILINESTRING ((338005.841183942 5325478.1551613,339129.827172203 5321800.89621722));Tarsdorf;5121;Tarsdorf 16;48,06199892;12,82570417;97870174;Umspannwerk Riedersbach;;substation;;St. Pantaleon;3845,201925
MULTILINESTRING ((391683.432087928 5362917.71546196,385366.007561848 5367261.26050209));Taufkirchen_an_der_Pram;4775;Sch�rdinger Stra�e 1;48,4101005;13,536291;95975628;Umspannwerk Aigerding;Energie AG;substation;110000;St. Florian am Inn;7666,566126
MULTILINESTRING ((407483.722524498 5344363.1255626,412292.417524792 5343247.1638294));Taufkirchen_an_der_Trattnach;4715;Taufkirchen 105;48,2457284;13,7538203;95024146;Umspannwerk Grieskirchen;Energie AG;substation;110000;Grieskirchen;4936,488448
MULTILINESTRING ((452022.53271954 5310459.46111581,451678.680324955 5310059.74586881));Ternberg;4453;Kirchenplatz 12;47,9456522;14,3575048;144202272;Kraftwerk Ternberg;;substation;110000;Ternberg;527,2634521
MULTILINESTRING ((428451.017959268 5331656.67923653,430074.614552559 5335090.8112534));Thalheim_bei_Wels;4600;Gemeindeplatz 1;48,13414;14,0383401;40917240;EWW - Umspannwerk Ost;EWW;substation;110000;Wels;3798,59561
MULTILINESTRING ((376599.314172307 5301594.90575727,384375.966818374 5295742.9659758));Tiefgraben;4893;Wredeplatz 2;47,8558389;13,3503039;95297285;Umspannwerk Unterach;Energie AG;substation;110000;Unterach am Attersee;9732,498425
MULTILINESTRING ((396493.774056316 5317415.49803625,395520.960088634 5316533.40998193));Timelkam;4850;Pollheimerstra�e 5;48,0016529;13,6123751;118104933;Umrichterwerk Timelkam;;substation;;Timelkam;1313,181766
MULTILINESTRING ((410782.466720058 5344188.632981,412292.417524792 5343247.1638294));Tollet;4710;Tollet 1;48,2446318;13,7982803;95024146;Umspannwerk Grieskirchen;Energie AG;substation;110000;Grieskirchen;1779,414397
MULTILINESTRING ((472038.427210966 5353224.08932423,462973.208721925 5356404.63162904));Tragwein;4284;Markt 33;48,3315826;14,6227332;95843031;Umspannwerk Friensdorf;Linz Strom AG;substation;110000;Wartberg ob der Aist;9606,978485
MULTILINESTRING ((443360.16158186 5341153.48188925,442334.598536097 5339350.64492124));Traun;4050;Hauptplatz 1;48,2210762;14,2374409;33058565;Umspannwerk Pucking (i.b.);Energie AG Oberösterreich;substation;110000;Pucking;2074,126489
MULTILINESTRING ((409494.27178663 5299758.71576813,405560.944685001 5293082.27414785));Traunkirchen;4801;Ortsplatz 1;47,8447979;13,7903283;107117959;Umspannwerk Steinkogl;Energie AG;substation;110000;Ebensee;7748,931204
MULTILINESTRING ((366560.894271505 5339038.02165273,371579.282921807 5339683.90759487));Treubach;5272;5272 Treubach;48,19054952;13,20451019;122351223;Umspannwerk Roßbach;;substation;110000;Roßbach;5059,781942
MULTILINESTRING ((388481.383611342 5343052.19533139,389677.978809151 5340781.44565609));Tumeltsham;4911;Hofmark 9;48,2308799;13,4982905;81216242;Umspannwerk Ried;;substation;110000;Hohenzell;2566,738038
MULTILINESTRING ((342048.059433845 5339532.14185472,352138.548965577 5345230.01650941));�berackern;5123;Dorfstra�e 3;48,1893692;12,8747112;93982415;Umspannwerk Innkraftwerk Braunau-Simbach (i.b.);;substation;;Braunau am Inn;11588,08675
MULTILINESTRING ((419929.554806079 5391888.91212319,425762.597979082 5378618.29438513));Ulrichsberg;4161;Markt 20;48,6749104;13,9123346;98308316;Umspannwerk Rohrbach-Berg (i.b.);;substation;110000;Rohrbach-Berg;14495,98868
MULTILINESTRING ((397561.572506802 5322545.51433816,394713.630742453 5318462.35404121));Ungenach;4841;Ungenach 33;48,04796714;13,62545946;33840061;Umspannwerk Timelkam;;substation;110000;Timelkam;4978,249723
MULTILINESTRING ((386744.391117529 5295631.39136932,384375.966818374 5295742.9659758));Unterach_am_Attersee;4866;Hauptstra�e 9;47,8040696;13,4874381;95297285;Umspannwerk Unterach;Energie AG;substation;110000;Unterach am Attersee;2371,050939
MULTILINESTRING ((460529.29856458 5357352.02148221,462973.208721925 5356404.63162904));Unterweitersdorf;4213;Gusentalstra�e 1a;48,3681044;14,4670671;95843031;Umspannwerk Friensdorf;Linz Strom AG;substation;110000;Wartberg ob der Aist;2621,115105
MULTILINESTRING ((484117.953036044 5365774.99835284,462839.408506459 5371606.8149626));Unterwei�enbach;4273;Markt 21;48,4449161;14,78523795;35034309;Umspannwerk Freistadt;Linz Strom AG;substation;"110000;20000";Freistadt;22063,23961
MULTILINESTRING ((385819.710137551 5348125.56206606,389677.978809151 5340781.44565609));Utzenaich;4972;Hofmark 3;48,2760338;13,4610928;81216242;Umspannwerk Ried;;substation;110000;Hohenzell;8295,919659
MULTILINESTRING ((400471.854761997 5375844.64966371,407761.312144478 5371510.00539332));Vichtenstein;4091;Vichtenstein 70;48,52781412;13,65193908;97989146;Kraftwerk Ranna;Energie AG;substation;110000;Neustift im Mühlkreis;8480,880254
MULTILINESTRING ((399410.496211719 5317859.73544415,399939.311357644 5316241.96073699));V�cklabruck;4840;Klosterstra�e 9;48,0061143;13,6513617;93187006;Umspannwerk Vöcklabruck;;substation;110000;Regau;1702,010711
MULTILINESTRING ((387137.294750752 5317591.54916835,394713.630742453 5318462.35404121));V�cklamarkt;4870;Dr.-Scheiber-Stra�e 8;48,0016529;13,4869374;33840061;Umspannwerk Timelkam;;substation;110000;Timelkam;7626,21585
MULTILINESTRING ((419653.859319868 5317228.37669636,418436.025964044 5317393.83995706));Vorchdorf;4655;Schlo�platz 7;48,0033004;13,9228338;124415043;Umspannwerk Vorchdorf;Energie AG;substation;110000;Vorchdorf;1229,022446
MULTILINESTRING ((440987.189007031 5284341.45149666,433749.443098255 5306426.87764843));Vorderstoder;4574;Vorderstoder 66;47,70975702;14,21329606;95025696;Umspannwerk Kirchdorf;;substation;110000;Kirchdorf an der Krems;23241,14916
MULTILINESTRING ((442396.356827622 5377924.20418525,425762.597979082 5378618.29438513));Vorderwei�enbach;4190;Hauptstra�e 4a;48,5517696;14,2194239;98308316;Umspannwerk Rohrbach-Berg (i.b.);;substation;110000;Rohrbach-Berg;16648,23398
MULTILINESTRING ((415287.235306005 5353544.65555261,412292.417524792 5343247.1638294));Waizenkirchen;4730;Marktplatz 3;48,3294068;13,8570682;95024146;Umspannwerk Grieskirchen;Energie AG;substation;110000;Grieskirchen;10724,14422
MULTILINESTRING ((458486.288076303 5372960.70945449,462839.408506459 5371606.8149626));Waldburg;4240;Waldburg 38;48,5083901;14,43793685;35034309;Umspannwerk Freistadt;Linz Strom AG;substation;"110000;20000";Freistadt;4558,803327
MULTILINESTRING ((496096.239361507 5346769.21395239,482178.974195514 5339186.37962415));Waldhausen_im_Strudengau;4391;Markt 14;48,2741166;14,9473883;174531795;Umspannwerk Baumgartenberg;Linz Strom GmbH;substation;;Baumgartenberg;15848,96357
MULTILINESTRING ((437564.784343109 5355602.71668048,437067.724471777 5351667.20077083));Walding;4111;Hauptstra�e 19;48,3505142;14,1572886;91579706;Kraftwerk Ottensheim;Energie AG;substation;110000;Wilhering;3966,781314
MULTILINESTRING ((412645.089519203 5365825.57934461,407761.312144478 5371510.00539332));Waldkirchen_am_Wesen;4085;Waldkirchen am Wesen 61;48,43951;13,8188751;97989146;Kraftwerk Ranna;Energie AG;substation;110000;Neustift im Mühlkreis;7494,263203
MULTILINESTRING ((444727.278913236 5316136.64123595,440922.881626302 5322041.29268108));Waldneukirchen;4595;Dorfplatz 1;47,9961388;14,2590873;95025698;Umspannwerk Bad Hall;;substation;110000;Bad Hall;7024,126095
MULTILINESTRING ((382946.839261369 5332548.44358898,389677.978809151 5340781.44565609));Waldzell;4924;Hofmark 1;48,13541705;13,42668509;81216242;Umspannwerk Ried;;substation;110000;Hohenzell;10634,40467
MULTILINESTRING ((421780.207849784 5342597.66059715,426039.231330076 5337230.99902159));Wallern_an_der_Trattnach;4702;Marktplatz 1;48,2317732;13,9466809;37232839;Umspannwerk Puchberg;;substation;110000;Wels;6851,301882
MULTILINESTRING ((434233.564391695 5315482.48510684,434668.57127202 5321103.34256907));Wartberg_an_der_Krems;4552;Hauptstra�e 21;47,9892606;14,1185386;50899766;Umspannwerk Kremsmünster;Energie AG;substation;110000;Kremsmünster;5637,665261
MULTILINESTRING ((463565.455321712 5355106.18582515,462973.208721925 5356404.63162904));Wartberg_ob_der_Aist;4224;Hauptstra�e 5;48,3480828;14,5082541;95843031;Umspannwerk Friensdorf;Linz Strom AG;substation;110000;Wartberg ob der Aist;1427,136132
MULTILINESTRING ((403536.682399813 5337573.30569497,412292.417524792 5343247.1638294));Weibern;4675;Hauptstra�e 5;48,1840687;13,7022127;95024146;Umspannwerk Grieskirchen;Energie AG;substation;110000;Grieskirchen;10433,38697
MULTILINESTRING ((379203.46551173 5348452.96066389,381119.922046782 5356444.62642409));Weilbach;4984;Weilbach 34;48,27775048;13,37186271;95978048;Umspannwerk Antiesenhofen;;substation;110000;Antiesenhofen;8218,243564
MULTILINESTRING ((479323.807582954 5370391.77111297,462839.408506459 5371606.8149626));Weitersfelden;4272;Weitersfelden 11;48,48631096;14,72018249;35034309;Umspannwerk Freistadt;Linz Strom AG;substation;"110000;20000";Freistadt;16529,11808
MULTILINESTRING ((381870.957765772 5311944.3694232,379504.955627984 5315171.84306707));Wei�enkirchen_im_Attergau;4890;"Wei�enkirchen i.&nbsp;A. 13";47,9499119;13,4179157;95289063;Umspannwerk Frankenmarkt;;substation;110000;Weißenkirchen im Attergau;4001,818616
MULTILINESTRING ((434891.240698557 5334762.37959275,433060.360494445 5335935.0506233));Wei�kirchen_an_der_Traun;4616;Gemeindeplatz 1;48,1627702;14,1244143;87526678;Umspannwerk Marchtrenk (i.b.);;substation;110000;Marchtrenk;2174,230822
MULTILINESTRING ((427464.99461172 5334143.37363352,430074.614552559 5335090.8112534));Wels;4600;Stadtplatz 1;48,1563978;14,0246656;40917240;EWW - Umspannwerk Ost;EWW;substation;110000;Wels;2776,284258
MULTILINESTRING ((400934.089094028 5343742.55657921,412292.417524792 5343247.1638294));Wendling;4741;Wendling 14;48,23915693;13,66576698;95024146;Umspannwerk Grieskirchen;Energie AG;substation;110000;Grieskirchen;11369,12656
MULTILINESTRING ((364699.726144855 5343952.47618693,357630.404292775 5346590.55534145));Weng_im_Innkreis;4952;Hauptstra�e 30;48,234348;13,1779126;81540198;Umspannwerk St. Peter;Austrian Power Grid AG;substation;;St. Peter am Hart;7545,51344
MULTILINESTRING ((386073.029341718 5373881.50433825,384912.816186432 5379012.97073725));Wernstein_am_Inn;4783;Innstra�e 1;48,5077109;13,4575191;365493403;Umspannwerk Schardenberg (i.b.);;substation;110000;Schardenberg;5260,992489
MULTILINESTRING ((474919.947992298 5300494.64473071,463921.690666356 5304421.91374727));Weyer;8934;Marktplatz 8;47,8573029;14,6647094;42306133;Umspannwerk Großraming;;substation;110000;Reichraming;11678,40341
MULTILINESTRING ((393120.434926503 5306270.66255913,397021.295222577 5315383.57059721));Weyregg_am_Attersee;4852;Weyregger Str. 69;47,9008561;13,5699347;118098478;Umspannwerk Lenzing;;substation;;Lenzing;9912,709214
MULTILINESTRING ((439219.407701424 5353116.32841762,437067.724471777 5351667.20077083));Wilhering;4073;Linzer Stra�e 14;48,32830875;14,17997808;91579706;Kraftwerk Ottensheim;Energie AG;substation;110000;Wilhering;2594,16878
MULTILINESTRING ((467717.715983175 5381533.25826991,462266.53299852 5375733.75307855));Windhaag_bei_Freistadt;4263;Markt 1;48,5860517;14,5622542;497665559;Umspannwerk Rainbach im Mühlkreis;Linz AG;substation;"110000;30000";Rainbach im Mühlkreis;7959,249738
MULTILINESTRING ((476327.174150204 5347900.38645976,482178.974195514 5339186.37962415));Windhaag_bei_Perg;4322;Enzmilnerplatz 3;48,2838628;14,6808961;174531795;Umspannwerk Baumgartenberg;Linz Strom GmbH;substation;;Baumgartenberg;10496,54605
MULTILINESTRING ((449666.215794002 5285585.74609505,463921.690666356 5304421.91374727));Windischgarsten;4580;Hauptstra�e 5;47,7216868;14,32884413;42306133;Umspannwerk Großraming;;substation;110000;Reichraming;23622,4422
MULTILINESTRING ((379752.974476469 5342002.23004312,371579.282921807 5339683.90759487));Wippenham;4942;Wippenham 37;48,2198424;13,3810986;122351223;Umspannwerk Roßbach;;substation;110000;Roßbach;8496,108086
MULTILINESTRING ((453633.76596553 5325755.01795695,457005.560438222 5324054.88588836));Wolfern;4493;Kirchenplatz 5;48,0833794;14,3774261;33066376;Umspannwerk Steyr-Nord;Energie AG;substation;110000;Steyr;3776,168298
MULTILINESTRING ((401165.763528815 5328892.86881199,394713.630742453 5318462.35404121));Wolfsegg_am_Hausruck;4902;Schulstra�e 22;48,1056277;13,6723393;33840061;Umspannwerk Timelkam;;substation;110000;Timelkam;12264,81373
MULTILINESTRING ((374321.851345175 5306782.45491632,379504.955627984 5315171.84306707));Zell_am_Moos;4893;Kirchenplatz 1;47,9020517;13,3183613;95289063;Umspannwerk Frankenmarkt;;substation;110000;Weißenkirchen im Attergau;9861,359113
MULTILINESTRING ((396119.536959229 5325672.61344032,394713.630742453 5318462.35404121));Zell_am_Pettenfirst;4842;Zell a.P. 32;48,0758605;13,60535615;33840061;Umspannwerk Timelkam;;substation;110000;Timelkam;7346,047433
MULTILINESTRING ((398336.095085408 5352223.05188641,389677.978809151 5340781.44565609));Zell_an_der_Pram;4755;Hofmark 1;48,3150207;13,6287471;81216242;Umspannwerk Ried;;substation;110000;Hohenzell;14348,28668
MULTILINESTRING ((446073.10418659 5368383.98917889,448174.85574361 5352631.10442904));Zwettl_an_der_Rodl;4201;Marktplatz 2;48,4662761;14,2704754;24830381;Umspannwerk Nord;LINZ AG;substation;110000;Linz;15892,47424
