WKT;Gemeinde;PLZ;Adresse Gemeindeamt;Lat;Lon;osm_id;building;location;landuse/operator;operator/voltage;Polit. Gemeinde;distance
MULTILINESTRING ((459450.267136906 5269315.55715108,460092.450579844 5271181.61662204));Admont;8913;Hauptstra�e 36;47,5759872;14,46080779;96959342;substation;Umspannwerk Hall;;110000;Admont;1973,468399
MULTILINESTRING ((518059.019973299 5265701.32453054,515686.013069374 5263077.55556678));Aflenz;8624;Aflenz Kurort 9;47,544483;15,2399877;130382579;substation;Umspannwerk Thörl (i.b.);;;Thörl;3537,700573
MULTILINESTRING ((411555.590810537 5252504.90333434,407406.156160591 5251855.61140442));Aich;8966;Aich 8;47,41999599;13,82742227;90431884;substation;Umspannwerk Haus;Energie Steiermark;;Haus;4199,927133
MULTILINESTRING ((438359.120825665 5259298.76902846,432755.336714196 5260093.60891747));Aigen_im_Ennstal;8943;Aigen im Ennstal 6;47,484205;14,181785;91013052;substation;Umspannwerk Irdning;;110000;Irdning-Donnersbachtal;5659,873392
MULTILINESTRING ((552885.954265813 5219108.88250451,553506.392442385 5217921.48462537));Albersdorf-Prebuch;8211;Albersdorf 160;47,1233623;15,69724142;96210904;substation;Umspannwerk Gleisdorf (i.b.);;;Gleisdorf;1339,722827
MULTILINESTRING ((542120.852195716 5195913.34690339,545833.509161552 5195465.24705981));Allerheiligen_bei_Wildon;8412;Allerheiligen bei Wildon 240;46,9154176;15,5531635;160783280;substation;Umspannwerk Feiting;;110000;Allerheiligen bei Wildon;3739,600943
MULTILINESTRING ((407283.633588866 5277133.36270017,409186.738464768 5273992.19881039));Altaussee;8992;Fischerndorf 61;47,6409566;13,7656102;95644443;substation;Umspannwekr Bad Aussee;;110000;Bad Aussee;3672,69911
MULTILINESTRING ((473717.609015712 5285518.77432922,476263.125314455 5284501.89046443));Altenmarkt_bei_Sankt_Gallen;8934;Altenmarkt 2;47,7225117;14,6495429;96826419;substation;Umspannwerk Essling;;;Altenmarkt bei St. Gallen;2741,114011
MULTILINESTRING ((552311.346182868 5235858.77865335,552167.081226853 5243705.72257617));Anger;8184;S�dtiroler Platz 3;47,2741203;15,6916222;99745003;substation;Umspannwerk Birkfeld;;;Birkfeld;7848,269956
MULTILINESTRING ((452426.074908043 5271124.20695598,451023.37654603 5270839.72388142));Ardning;8904;Ardning 250;47,59178309;14,36721604;103387969;substation;Umspannwerk Ardning;;110000;Ardning;1431,255852
MULTILINESTRING ((530733.35013496 5169359.84769582,521456.560905853 5177591.05285445));Arnfels;8454;Hauptplatz 33;46,6770912;15,4018358;89555133;substation;Umspannwerk Bergla;STEWEAG;110000;St. Martin im Sulmtal;12402,07873
MULTILINESTRING ((408661.245609769 5273753.91598791,409186.738464768 5273992.19881039));Bad_Aussee;8990;Hauptstra�e 48;47,6107518;13,7846519;95644443;substation;Umspannwekr Bad Aussee;;110000;Bad Aussee;576,9934524
MULTILINESTRING ((580466.002446116 5218607.49328158,575006.937519187 5221463.2337118));Bad_Blumau;8283;Bad Blumau 65;47,1160612;16,0607105;99730271;substation;Umspannwerk Hohenbrugg;;;Bad Waltersdorf;6160,896305
MULTILINESTRING ((569226.130972178 5191847.08831403,568693.982948384 5190229.34138403));Bad_Gleichenberg;8343;Kaiser-Franz-Josef-Stra�e 1 top 1;46,8765571;15,9084759;99791175;substation;Umspannwerk Merkendorf;;110000;Bad Gleichenberg;1703,022797
MULTILINESTRING ((583709.50847024 5207293.04433924,580643.108531442 5211470.09655909));Bad_Loipersdorf;8280;Am Dorfplatz 44;47,0138613;16,1013599;99730272;substation;Umspannwerk Fürstenfeld;Energie Netze Steiermark GmbH;110000;Fürstenfeld;5181,753934
MULTILINESTRING ((419593.428497758 5267418.9735145,409186.738464768 5273992.19881039));Bad_Mitterndorf;8984;Bad Mitterndorf 59;47,5552097;13,9312477;95644443;substation;Umspannwekr Bad Aussee;;110000;Bad Aussee;12308,79719
MULTILINESTRING ((575432.585331216 5170937.63686656,573155.811806696 5174328.21801356));Bad_Radkersburg;8490;Hauptplatz 1;46,6877434;15,9864705;321321455;substation;Umspannwerk Halbenrain (i.b.);;110000;Halbenrain;4084,08352
MULTILINESTRING ((515258.517734215 5178116.9953668,521456.560905853 5177591.05285445));Bad_Schwanberg;8530;Hauptplatz 6;46,7564298;15,1997963;89555133;substation;Umspannwerk Bergla;STEWEAG;110000;St. Martin im Sulmtal;6220,317893
MULTILINESTRING ((576694.734119131 5224361.62120974,575006.937519187 5221463.2337118));Bad_Waltersdorf;8264;Bad Waltersdorf 2;47,1682814;16,01198745;99730271;substation;Umspannwerk Hohenbrugg;;;Bad Waltersdorf;3353,998726
MULTILINESTRING ((509719.406149998 5213030.16591196,510234.167452873 5211364.1692088));B�rnbach;8572;Hauptplatz 1;47,0707128;15,1280129;96176843;substation;Umspannwerk Bärnbach (i.b.);;;Bärnbach;1743,7099
MULTILINESTRING ((552395.537005195 5244813.32768034,552167.081226853 5243705.72257617));Birkfeld;8191;Hauptplatz 13;47,3546831;15,693789;99745003;substation;Umspannwerk Birkfeld;;;Birkfeld;1130,92047
MULTILINESTRING ((532410.71164265 5248759.70132514,525548.213481174 5245486.31539717));Breitenau_am_Hochlantsch;8614;St. Jakob 9;47,3914885;15,4294606;707399017;substation;Umspannwerk Pernegg an er Mur (i.b.);;;Pernegg an der Mur;7603,218822
MULTILINESTRING ((520268.937802831 5250826.56221705,520663.734499194 5252245.0697574));Bruck_an_der_Mur;8600;Koloman-Wallisch-Platz 1;47,410576;15,268672;81611149;substation;Umspannwerk Bruck an der Mur;;110000;Bruck an der Mur;1472,422519
MULTILINESTRING ((577733.688277862 5230186.44521032,579399.748841685 5232444.47602138));Buch-Sankt_Magdalena;8294;St. Magdalena 55;47,2205655;16,0267046;102767009;substation;Umspannwerk Unterrohr;STEWEAG;110000;Rohr bei Hartberg;2806,146993
MULTILINESTRING ((583323.957931648 5221878.11170399,575006.937519187 5221463.2337118));Burgau;8291;Schlo�weg 1;47,1451316;16,0989834;99730271;substation;Umspannwerk Hohenbrugg;;;Bad Waltersdorf;8327,361664
MULTILINESTRING ((576331.983786606 5251763.33045419,575400.568945165 5249125.58214413));Dechantskirchen;8241;Dechantskirchen 34;47,41485415;16,01189367;96355233;substation;Umspannwerk Rohrbach;;;Rohrbach an der Lafnitz;2797,364787
MULTILINESTRING ((563329.524025585 5177994.71023993,559794.104002251 5176473.13428604));Deutsch_Goritz;8483;Deutsch Goritz 16;46,7524998;15,8291834;103401933;substation;Umspannwerk Gosdorf;;;Mureck;3848,946366
MULTILINESTRING ((525430.966666408 5227343.58483349,524445.980859832 5228060.6854106));Deutschfeistritz;8121;Grazerstra�e 1;47,1990924;15,33575481;96176841;substation;Umspannwerk Deutschfeistritz;;;Deutschfeistritz;1218,371978
MULTILINESTRING ((516132.723472908 5184535.1627659,517283.802481054 5184988.2370028));Deutschlandsberg;8524;Hauptplatz 35;46,8141666;15,2114692;87702041;substation;UW Deutschlandsberg;STEWEAG;110000;Deutschlandsberg;1237,036437
MULTILINESTRING ((528479.32973609 5199472.63354164,526334.513400467 5200332.90327156));Dobl-Zwaring;8504;Unterberg 30;46,9481719;15,3742404;103774165;substation;Umspannwerk Lieboch;;"110000;20000";Lieboch;2310,909155
MULTILINESTRING ((572688.54326636 5227997.02237449,575006.937519187 5221463.2337118));Ebersdorf;8272;Ebersdorf 222;47,20144459;15,95972293;99730271;substation;Umspannwerk Hohenbrugg;;;Bad Waltersdorf;6932,917582
MULTILINESTRING ((563603.887588815 5204260.67650907,568454.410275682 5200106.95457989));Edelsbach_bei_Feldbach;8330;Edelsbach 150;46,9888152;15,8364392;99755951;substation;Umspannwerk Feldbach;;110000;Feldbach;6385,99845
MULTILINESTRING ((503818.260497897 5207551.33382411,510234.167452873 5211364.1692088));Edelschrott;8583;Packer Stra�e 17;47,021471;15,0502435;96176843;substation;Umspannwerk Bärnbach (i.b.);;;Bärnbach;7463,348828
MULTILINESTRING ((545467.808561806 5218953.47911817,546741.571000562 5219656.69833212));Eggersdorf_bei_Graz;8302;Kirchplatz 4;47,1225175;15,5994318;103800082;substation;Umspannwerk Eggersdorf bei Graz (i.b.);;;Eggersdorf bei Graz;1454,98729
MULTILINESTRING ((544750.555618267 5174851.53069698,547472.252591711 5173816.95920263));Ehrenhausen_an_der_Weinstra�e;8461;Marktplatz 2;46,7257192;15,5856354;127516438;substation;Kraftwerk Spielfeld;;;Straß in Steiermark;2911,695828
MULTILINESTRING ((518596.235934051 5170226.46793582,521456.560905853 5177591.05285445));Eibiswald;8554;Eibiswald 17;46,68533733;15,24318104;89555133;substation;Umspannwerk Bergla;STEWEAG;110000;St. Martin im Sulmtal;7900,542384
MULTILINESTRING ((558998.002834107 5206715.07622576,555078.168000178 5215548.27010166));Eichk�gl;8332;Eichk�gl 30;47,01132615;15,77619403;83742801;substation;Umspannwerk Oststeiermark/Wünschendorf;"Verbund Austrian Power Grid AG;STEWEAG-STEG";"380000;110000";Hofstätten an der Raab;9663,871852
MULTILINESTRING ((491592.159936859 5265016.06896621,492233.440152244 5265822.60752386));Eisenerz;8790;Mario-Stecher-Platz 1;47,5385138;14,88828027;174523999;substation;Umspannwerk Eisenerz II;STEWEAG;;Eisenerz;1030,409996
MULTILINESTRING ((544999.544361401 5205284.81923606,537389.672679191 5207106.34706594));Empersdorf;8302;Empersdorf 1;46,9995565;15,5918959;95790224;substation;Umspannwerk Grambach;;"110000;20000";Raaba-Grambach;7824,839337
MULTILINESTRING ((576839.925213892 5198569.40414038,568454.410275682 5200106.95457989));Fehring;8362;Grazer Stra�e 1;46,93620475;16,009514;99755951;substation;Umspannwerk Feldbach;;110000;Feldbach;8525,310677
MULTILINESTRING ((562876.844132081 5227119.19982096,564061.411180497 5217798.3792225));Feistritztal;8265;Hirnsdorf 252;47,19455825;15,83006875;152303289;substation;Umspannwerk Unterrettenbach/AWP;;;Sinabelkirchen;9395,791383
MULTILINESTRING ((567635.51485556 5200274.81755092,568454.410275682 5200106.95457989));Feldbach;8344;Hauptplatz 13;46,952552;15,8888574;99755951;substation;Umspannwerk Feldbach;;110000;Feldbach;835,9232537
MULTILINESTRING ((533739.268911579 5206526.14221964,531776.046521452 5209063.12242404));Feldkirchen_bei_Graz;8401;Triester Stra�e 57;47,0113963;15,4438831;110540215;substation;Umspannwerk Graz-West (i.b.);;110000;Graz;3207,88259
MULTILINESTRING ((537915.458525867 5202291.96664865,537389.672679191 5207106.34706594));Fernitz-Mellach;8410;Erzherzog-Johann-Platz 21;46,9730692;15,49846979;95790224;substation;Umspannwerk Grambach;;"110000;20000";Raaba-Grambach;4843,006252
MULTILINESTRING ((548618.813458171 5254232.65336536,552167.081226853 5243705.72257617));Fischbach;8654;Fischbach 11 a;47,43972589;15,64481653;99745003;substation;Umspannwerk Birkfeld;;;Birkfeld;11108,84674
MULTILINESTRING ((538455.521635939 5244390.80374804,525548.213481174 5245486.31539717));Fladnitz_an_der_Teichalm;8163;Fladnitz an der Teichalm 100;47,3518499;15,5091763;707399017;substation;Umspannwerk Pernegg an er Mur (i.b.);;;Pernegg an der Mur;12953,71567
MULTILINESTRING ((555512.255420619 5233097.82018107,547799.430914718 5228348.97073074));Floing;8183;Lebing 5;47,24901505;15,73359555;79122729;substation;Umspannwerk Weiz;;;Weiz;9057,551157
MULTILINESTRING ((475583.702287406 5228410.56710881,479243.743887192 5225337.04373835));Fohnsdorf;8753;Hauptplatz 3;47,2087319;14,67758307;88684218;substation;Kraftwerk Zeltweg;;;Zeltweg;4779,377619
MULTILINESTRING ((519540.592275611 5185903.02637582,517283.802481054 5184988.2370028));Frauental_an_der_La�nitz;8530;Schulgasse 1;46,8263847;15,2561979;87702041;substation;UW Deutschlandsberg;STEWEAG;110000;Deutschlandsberg;2435,146766
MULTILINESTRING ((579749.827037619 5254747.70396345,581517.455736419 5253097.48890966));Friedberg;8243;Hauptplatz 20;47,4412944;16,0577323;195015816;substation;Umspannwerk Pinggau;;110000;Pinggau;2418,206141
MULTILINESTRING ((524859.527819396 5235438.01288473,524002.786677051 5236374.63743395));Frohnleiten;8131;Brucker Stra�e 2;47,2719499;15,3286605;103801374;substation;Umspannwerk Frohnleiten;;;Frohnleiten;1269,358472
MULTILINESTRING ((581591.125305144 5211446.98092898,580643.108531442 5211470.09655909));F�rstenfeld;8362;Augustinerplatz 1;47,05149945;16,07424333;99730272;substation;Umspannwerk Fürstenfeld;Energie Netze Steiermark GmbH;110000;Fürstenfeld;948,2985477
MULTILINESTRING ((477575.941742583 5235341.68037616,479243.743887192 5225337.04373835));Gaal;8731;Bischoffeld 25;47,2711709;14,7035425;88684218;substation;Kraftwerk Zeltweg;;;Zeltweg;10142,69778
MULTILINESTRING ((545018.646578875 5181232.64930779,542688.990197913 5183096.86728821));Gabersdorf;8424;Gabersdorf 93;46,7831228;15,58976975;83740188;substation;Umspannwerk Leibnitz;;;Leibnitz;2983,723769
MULTILINESTRING ((465849.009096695 5259863.05564383,459665.3874356 5260265.88024309));Gaishorn_am_See;8783;Gaishorn am See 59;47,4913054;14,5466229;91236151;substation;Umspannwerk Schwarzenbach;;;Trieben;6196,728532
MULTILINESTRING ((542025.333285366 5174223.1957682,547472.252591711 5173816.95920263));Gamlitz;8463;Obere Hauptstra�e 3;46,7202419;15,54991561;127516438;substation;Kraftwerk Spielfeld;;;Straß in Steiermark;5462,047059
MULTILINESTRING ((543484.985624199 5248040.68175099,552167.081226853 5243705.72257617));Gasen;8616;Gasen 3;47,38437535;15,57612395;99745003;substation;Umspannwerk Birkfeld;;;Birkfeld;9704,156589
MULTILINESTRING ((512656.912693971 5223878.14887049,524445.980859832 5228060.6854106));Geistthal-S�dingberg;8153;Geistthal 83;47,168279;15,1670074;96176841;substation;Umspannwerk Deutschfeistritz;;;Deutschfeistritz;12509,02635
MULTILINESTRING ((564086.310857195 5222759.98490232,564061.411180497 5217798.3792225));Gersdorf_an_der_Feistritz;8212;Gersdorf an der Feistritz 78;47,1552194;15,845411;152303289;substation;Umspannwerk Unterrettenbach/AWP;;;Sinabelkirchen;4961,668159
MULTILINESTRING ((528455.219252172 5179517.29961643,521456.560905853 5177591.05285445));Gleinst�tten;8443;Pistorf 160;46,76859895;15,37267903;89555133;substation;Umspannwerk Bergla;STEWEAG;110000;St. Martin im Sulmtal;7258,901104
MULTILINESTRING ((553997.546385253 5217043.04649055,553506.392442385 5217921.48462537));Gleisdorf;8302;Rathausplatz 1;47,104684;15,7116475;96210904;substation;Umspannwerk Gleisdorf (i.b.);;;Gleisdorf;1006,422253
MULTILINESTRING ((562268.783656452 5191606.43408864,568693.982948384 5190229.34138403));Gnas;8345;Gnas 46;46,87507982;15,81714964;99791175;substation;Umspannwerk Merkendorf;;110000;Bad Gleichenberg;6571,116363
MULTILINESTRING ((536590.023203845 5206116.67269367,537389.672679191 5207106.34706594));G�ssendorf;8077;Bundesstra�e 83;47,0075602;15,481354;95790224;substation;Umspannwerk Grambach;;"110000;20000";Raaba-Grambach;1272,357908
MULTILINESTRING ((574891.06056213 5243467.86915352,575400.568945165 5249125.58214413));Grafendorf_bei_Hartberg;8233;Hauptplatz 47;47,3403884;15,991395;96355233;substation;Umspannwerk Rohrbach;;;Rohrbach an der Lafnitz;5680,608689
MULTILINESTRING ((542269.170215807 5184729.426313,542688.990197913 5183096.86728821));Gralla;8431;Schulstra�e 7;46,81476905;15,55407475;83740188;substation;Umspannwerk Leibnitz;;;Leibnitz;1685,674283
MULTILINESTRING ((526470.463287228 5220248.38035812,525034.810548244 5221266.66299532));Gratkorn;8101;Dr.-Karl-Renner-Stra�e 47;47,13520635;15,3490601;96168202;substation;Umspannwerk Friesach;STEWEAG;;Gratkorn;1760,113154
MULTILINESTRING ((524209.14844829 5219952.40231844,525034.810548244 5221266.66299532));Gratwein-Stra�engel;8111;Hauptplatz 1;47,13263;15,3192252;96168202;substation;Umspannwerk Friesach;STEWEAG;;Gratkorn;1552,095045
MULTILINESTRING ((533273.254148416 5213083.93730079,533490.091283199 5210766.36819195));Graz;8010;Hauptplatz 1;47,0704298;15,4382352;95783711;substation;Umspannwerk Graz-Süd;;"110000;20000";Graz;2327,690898
MULTILINESTRING ((573489.33713543 5239341.54812719,576502.046007298 5236981.60900068));Greinbach;8225;Penzendorf 26;47,30342305;15,97216066;99731682;substation;Umspannwerk St. Johann in der Haide;;110000;St. Johann in der Haide;3826,973664
MULTILINESTRING ((417247.631857765 5255019.27555974,407406.156160591 5251855.61140442));Gr�bming;8962;Hauptstra�e 200;47,4433633;13,90240117;90431884;substation;Umspannwerk Haus;Energie Steiermark;;Haus;10337,47623
MULTILINESTRING ((524135.969807978 5185616.58155633,526958.915274542 5189041.96986963));Gro�_Sankt_Florian;8522;Marktplatz 3;46,8236563;15,3164322;103800075;substation;Umspannwerk Preding;;;Wettmannstätten;4438,727994
MULTILINESTRING ((533397.298674691 5176155.20773768,542688.990197913 5183096.86728821));Gro�klein;8462;Gro�klein 120;46,73811478;15,43715911;83740188;substation;Umspannwerk Leibnitz;;;Leibnitz;11598,36922
MULTILINESTRING ((567267.168372061 5222962.46890181,564061.411180497 5217798.3792225));Gro�steinbach;8264;Gro�steinbach 62;47,15672391;15,88739739;152303289;substation;Umspannwerk Unterrettenbach/AWP;;;Sinabelkirchen;6078,215313
MULTILINESTRING ((575184.057697605 5213546.91519778,580643.108531442 5211470.09655909));Gro�wilfersdorf;8362;Gro�wilfersdorf 102;47,07115338;15,99025;99730272;substation;Umspannwerk Fürstenfeld;Energie Netze Steiermark GmbH;110000;Fürstenfeld;5840,754375
MULTILINESTRING ((412735.52857039 5275448.30435543,409186.738464768 5273992.19881039));Grundlsee;8993;Br�uhof 97;47,6265559;13,83851474;95644443;substation;Umspannwekr Bad Aussee;;110000;Bad Aussee;3835,903358
MULTILINESTRING ((542693.888843275 5228272.20888314,547799.430914718 5228348.97073074));Gutenberg-Stenzengreith;8061;Kleinsemmering 96;47,2065536;15,56374969;79122729;substation;Umspannwerk Weiz;;;Weiz;5106,119096
MULTILINESTRING ((572378.958462014 5174971.8565071,573155.811806696 5174328.21801356));Halbenrain;8492;Halbenrain 220;46,72438058;15,94717711;321321455;substation;Umspannwerk Halbenrain (i.b.);;110000;Halbenrain;1008,846683
MULTILINESTRING ((539317.036852706 5210229.07006519,536393.375529639 5210118.53690282));Hart_bei_Graz;8075;Johann Kamper-Ring 1;47,0444086;15,5175849;210505516;substation;Umspannwerk Messendorf;;110000;Graz;2925,750008
MULTILINESTRING ((573335.95864064 5236845.27014272,573431.176998968 5235020.66669088));Hartberg;8230;Hauptplatz 10;47,2809812;15,96972131;96734998;substation;Umspannwerk Hartberg;STEWEAG;110000;Hartberg;1827,086285
MULTILINESTRING ((572558.792633126 5235823.73782338,573431.176998968 5235020.66669088));Hartberg_Umgebung;8274;Schildbach 200;47,2718769;15,9592802;96734998;substation;Umspannwerk Hartberg;STEWEAG;110000;Hartberg;1185,739316
MULTILINESTRING ((568347.49955206 5227257.59868207,575006.937519187 5221463.2337118));Hartl;8272;Hartl 185;47,1952575;15,9023019;99730271;substation;Umspannwerk Hohenbrugg;;;Bad Waltersdorf;8827,388031
MULTILINESTRING ((526858.818878381 5204043.7929805,526334.513400467 5200332.90327156));Haselsdorf-Tobelbad;8144;Karl-Hohl-Stra�e 67;46,98937375;15,35321675;103774165;substation;Umspannwerk Lieboch;;"110000;20000";Lieboch;3747,745811
MULTILINESTRING ((407097.059019827 5251490.60788163,407406.156160591 5251855.61140442));Haus;8967;Schlo�platz 47;47,41025162;13,76853848;90431884;substation;Umspannwerk Haus;Energie Steiermark;;Haus;478,2976208
MULTILINESTRING ((538599.566065965 5204336.11637799,537389.672679191 5207106.34706594));Hausmannst�tten;8071;Marktplatz 1�2;46,99142385;15,5076374;95790224;substation;Umspannwerk Grambach;;"110000;20000";Raaba-Grambach;3022,915823
MULTILINESTRING ((544698.491483929 5200318.3621521,545833.509161552 5195465.24705981));Heiligenkreuz_am_Waasen;8412;Marktplatz 2;46,9548871;15,5874466;160783280;substation;Umspannwerk Feiting;;110000;Allerheiligen bei Wildon;4984,073758
MULTILINESTRING ((537470.648543721 5178470.02442671,542688.990197913 5183096.86728821));Heimschuh;8451;Heimschuh 143;46,75872933;15,49066496;83740188;substation;Umspannwerk Leibnitz;;;Leibnitz;6974,149732
MULTILINESTRING ((534357.562873008 5190845.79165149,532206.819877158 5194546.52350557));Hengsberg;8504;Hengsberg 4;46,87026363;15,45083129;83740194;substation;Umspannwerk Kainachtal/Zwaring;"Verbund Austrian Power Grid AG;STEWEAG-STEG";"380000;110000";Dobl-Zwaring;4280,316774
MULTILINESTRING ((496813.980220774 5207322.6517726,510234.167452873 5211364.1692088));Hirschegg-Pack;9451;Hirschegg 24;47,0194165;14,9580776;96176843;substation;Umspannwerk Bärnbach (i.b.);;;Bärnbach;14015,5374
MULTILINESTRING ((522858.250867671 5209586.38858989,531776.046521452 5209063.12242404));Hitzendorf;8561;Hitzendorf 63;47,03939964;15,30088663;110540215;substation;Umspannwerk Graz-West (i.b.);;110000;Graz;8933,134209
MULTILINESTRING ((556532.934938419 5215608.80541178,555078.168000178 5215548.27010166));Hofst�tten_an_der_Raab;8200;Pirching 80;47,09156645;15,7448792;83742801;substation;Umspannwerk Oststeiermark/Wünschendorf;"Verbund Austrian Power Grid AG;STEWEAG-STEG";"380000;110000";Hofstätten an der Raab;1456,025882
MULTILINESTRING ((461049.605299939 5253481.28011154,459665.3874356 5260265.88024309));Hohentauern;8785;Tauernstra�e 15;47,4336147;14,4834729;91236151;substation;Umspannwerk Schwarzenbach;;;Trieben;6924,366978
MULTILINESTRING ((569512.161673277 5215012.95426629,564061.411180497 5217798.3792225));Ilz;8265;Ilz 58;47,08496555;15,91578157;152303289;substation;Umspannwerk Unterrettenbach/AWP;;;Sinabelkirchen;6121,215004
MULTILINESTRING ((559283.687676211 5221306.64429101,564061.411180497 5217798.3792225));Ilztal;8211;Prebensdorf 170;47,1425927;15,78187046;152303289;substation;Umspannwerk Unterrettenbach/AWP;;;Sinabelkirchen;5927,441748
MULTILINESTRING ((432412.985615415 5261719.17676557,432755.336714196 5260093.60891747));Irdning-Donnersbachtal;8953;Trautenfelserstra�e 200;47,5053908;14,10249511;91013052;substation;Umspannwerk Irdning;;110000;Irdning-Donnersbachtal;1661,226987
MULTILINESTRING ((556504.505615716 5188888.53077892,555481.805501765 5192433.50594464));Jagerberg;8421;Jagerberg 1;46,85113847;15,74117548;152299025;substation;Umspannwerk St. Stephan;;110000;St. Stefan im Rosental;3689,548001
MULTILINESTRING ((474265.51509961 5223971.87735627,472489.145956631 5224573.79806101));Judenburg;8750;Hauptplatz 1;47,1687409;14,66043156;88802394;substation;Umspannwerk Judenburg West;Stadtwerke Judenburg AG;;Judenburg;1875,578809
MULTILINESTRING ((506992.064900231 5220755.13360855,510234.167452873 5211364.1692088));Kainach_bei_Voitsberg;8573;Kainach bei Voitsberg 19;47,1402611;15,0922115;96176843;substation;Umspannwerk Bärnbach (i.b.);;;Bärnbach;9934,859904
MULTILINESTRING ((542231.119689312 5216372.35830001,546741.571000562 5219656.69833212));Kainbach_bei_Graz;8301;H�nigtaler Stra�e 2;47,0995075;15,5565204;103800082;substation;Umspannwerk Eggersdorf bei Graz (i.b.);;;Eggersdorf bei Graz;5579,521528
MULTILINESTRING ((567742.28434752 5230604.96641193,573431.176998968 5235020.66669088));Kaindorf;8224;Kaindorf 29;47,22543753;15,89481949;96734998;substation;Umspannwerk Hartberg;STEWEAG;110000;Hartberg;7201,521267
MULTILINESTRING ((536392.069749073 5201328.27992942,537389.672679191 5207106.34706594));Kalsdorf_bei_Graz;8401;Hauptplatz 1;46,9644829;15,4783654;95790224;substation;Umspannwerk Grambach;;"110000;20000";Raaba-Grambach;5863,554506
MULTILINESTRING ((481620.277873339 5252772.39551487,492233.440152244 5265822.60752386));Kalwang;8775;Kirchplatz 1;47,4281406;14,7562892;174523999;substation;Umspannwerk Eisenerz II;STEWEAG;;Eisenerz;16821,03585
MULTILINESTRING ((492585.826190245 5248896.08074292,500133.539313568 5245036.90258304));Kammern_im_Liesingtal;8793;Hauptstra�e 56;47,393478;14,9017543;92220396;substation;Umspannwerk Sankt Michael;STEWEAG-STEG;;Traboch;8477,100298
MULTILINESTRING ((521816.30748097 5254056.6658251,522311.862147758 5254302.8649907));Kapfenberg;8642;Koloman-Wallisch-Platz 1;47,4395905;15,2893419;93331921;substation;Umspannwerk Kapfenberg (i.b.);;110000;Kapfenberg;553,3429831
MULTILINESTRING ((574804.721684477 5192368.23060031,568693.982948384 5190229.34138403));Kapfenstein;8350;Kapfenstein 123;46,88064179;15,98176042;99791175;substation;Umspannwerk Merkendorf;;110000;Bad Gleichenberg;6474,254782
MULTILINESTRING ((533764.386028367 5261405.4854081,532473.12790896 5260755.28567293));Kindberg;8653;Hauptstra�e 44;47,5052039;15,44836296;122849865;substation;Umspannwerk Kindberg (i.b.);;110000;Kindberg;1445,720314
MULTILINESTRING ((550737.907612919 5198660.34111966,545833.509161552 5195465.24705981));Kirchbach-Zerlach;8083;Kirchbach 11;46,93953311;15,66662875;160783280;substation;Umspannwerk Feiting;;110000;Allerheiligen bei Wildon;5853,353758
MULTILINESTRING ((558192.258287701 5204068.06483236,568454.410275682 5200106.95457989));Kirchberg_an_der_Raab;8332;Kirchberg an der Raab 212;46,9875798;15,76525425;99755951;substation;Umspannwerk Feldbach;;110000;Feldbach;11000,09808
MULTILINESTRING ((534633.492056738 5180963.31328791,542688.990197913 5183096.86728821));Kitzeck_im_Sausal;8451;Steinriegel 11;46,7813193;15,453703;83740188;substation;Umspannwerk Leibnitz;;;Leibnitz;8333,252845
MULTILINESTRING ((572177.609926747 5179612.37863454,573155.811806696 5174328.21801356));Kl�ch;8493;Kl�ch 110;46,7661575;15,94527221;321321455;substation;Umspannwerk Halbenrain (i.b.);;110000;Halbenrain;5373,940117
MULTILINESTRING ((487068.479746224 5229086.54462057,488052.82127719 5229705.71259099));Knittelfeld;8720;Hauptplatz 15;47,215141;14,8292189;92340887;substation;Umspannwerk Knittelfeld/Ost;;;Kobenz;1162,883152
MULTILINESTRING ((488250.919553112 5232539.82000674,488052.82127719 5229705.71259099));Kobenz;8723;Marktplatz 1;47,24623705;14,8447441;92340887;substation;Umspannwerk Knittelfeld/Ost;;;Kobenz;2841,022311
MULTILINESTRING ((506278.357700081 5212282.25485736,510234.167452873 5211364.1692088));K�flach;8580;Rathausplatz 1;47,0640243;15,082681;96176843;substation;Umspannwerk Bärnbach (i.b.);;;Bärnbach;4060,94965
MULTILINESTRING ((425745.323980337 5225987.99208807,429079.706627848 5217624.98832818));Krakau;8854;Krakaudorf 120;47,183194;14,019935;92686645;substation;Kraftwerk Bodendorf-Mur;;;St. Georgen am Kreischberg;9003,218287
MULTILINESTRING ((495106.015110725 5239285.93607187,500133.539313568 5245036.90258304));Kraubath_an_der_Mur;8714;Kirchplatz 1;47,3070277;14,9352553;92220396;substation;Umspannwerk Sankt Michael;STEWEAG-STEG;;Traboch;7638,691997
MULTILINESTRING ((542008.765749752 5266083.25663075,538837.978461277 5264299.53429164));Krieglach;8671;Waldheimatstra�e 1;47,5468119;15,55828306;97094293;substation;Umspannwerk Mitterdorf im Mürztal (i.b.);;110000;St. Barbara im Mürztal;3638,070562
MULTILINESTRING ((516027.650879183 5206399.30709686,512122.327746346 5207225.28682214));Krottendorf-Gaisfeld;8564;Krottendorf 161;47,0109211;15,2108622;41970883;;Kraftwerk Arnstein;Kraftwerk Arnstein;30 MW;Krottendorf-Gaisfeld;3991,71533
MULTILINESTRING ((540578.114648651 5223074.15558858,546741.571000562 5219656.69833212));Kumberg;8062;Am Platz 8;47,15991515;15,53534291;103800082;substation;Umspannwerk Eggersdorf bei Graz (i.b.);;;Eggersdorf bei Graz;7047,496598
MULTILINESTRING ((576405.03197479 5246409.22912019,575400.568945165 5249125.58214413));Lafnitz;8230;Lafnitz 31;47,36667614;16,01193932;96355233;substation;Umspannwerk Rohrbach;;;Rohrbach an der Lafnitz;2896,121498
MULTILINESTRING ((479964.645829171 5278084.75789388,481262.167439586 5277505.52053498));Landl;8931;Kirchenlandl 64;47,6558477;14,73318301;342158235;substation;Kraftwerk Landl;;;Landl;1420,942732
MULTILINESTRING ((539728.418151801 5188490.00952413,542688.990197913 5183096.86728821));Lang;8403;Lang 6;46,84876562;15,52109838;83740188;substation;Umspannwerk Leibnitz;;;Leibnitz;6152,3142
MULTILINESTRING ((546830.784439028 5268539.67648128,549894.060861378 5270768.4613712));Langenwang;8665;Wiener Stra�e 2;47,56858335;15,62262424;97094288;substation;Umspannwerk Mürzzuschlag;;110000;Mürzzuschlag;3788,290449
MULTILINESTRING ((525391.048859575 5198922.65912713,526334.513400467 5200332.90327156));Lannach;8502;Hauptplatz 1;46,9433483;15,333628;103774165;substation;Umspannwerk Lieboch;;"110000;20000";Lieboch;1696,736246
MULTILINESTRING ((444115.468126078 5264708.42585407,443904.576461962 5268379.69040436));Lassing;8903;Lassing 5;47,53339653;14,2575011;91071153;substation;Umspannwerk Liezen;STEWEAG-STEG;110000;Liezen;3677,316779
MULTILINESTRING ((544258.522839305 5213892.11978213,546741.571000562 5219656.69833212));La�nitzh�he;8301;Hauptstra�e 23;47,077057;15,5829925;103800082;substation;Umspannwerk Eggersdorf bei Graz (i.b.);;;Eggersdorf bei Graz;6276,614854
MULTILINESTRING ((540824.36016954 5189470.56392811,542688.990197913 5183096.86728821));Lebring-Sankt_Margarethen;8403;Grazerstra�e 1;46,8575229;15,5355604;83740188;substation;Umspannwerk Leibnitz;;;Leibnitz;6640,847386
MULTILINESTRING ((541068.969702071 5181024.34335756,542688.990197913 5183096.86728821));Leibnitz;8462;Hauptplatz 24;46,78150325;15,53801052;83740188;substation;Umspannwerk Leibnitz;;;Leibnitz;2630,555426
MULTILINESTRING ((506863.04207319 5247464.86567256,506214.674108282 5246587.14021444));Leoben;8792;Erzherzog-Johann-Stra�e 2;47,38060575;15,09092048;228092022;substation;Umspannwerk Leoben (i.b.);;;Leoben;1091,230039
MULTILINESTRING ((535789.338417784 5168293.67635251,547472.252591711 5173816.95920263));Leutschach_an_der_Weinstra�e;8462;Arnfelser Stra�e 1;46,6672455;15,4678575;127516438;substation;Kraftwerk Spielfeld;;;Straß in Steiermark;12922,73721
MULTILINESTRING ((525710.214091116 5202152.3069078,526334.513400467 5200332.90327156));Lieboch;8501;Packerstra�e 85;46,97239855;15,33800459;103774165;substation;Umspannwerk Lieboch;;"110000;20000";Lieboch;1923,533004
MULTILINESTRING ((443062.554713565 5268528.99639532,443904.576461962 5268379.69040436));Liezen;8940;Rathausplatz 1;47,5676792;14,24301817;91071153;substation;Umspannwerk Liezen;STEWEAG-STEG;110000;Liezen;855,1566545
MULTILINESTRING ((515474.447693048 5203676.17539336,512122.327746346 5207225.28682214));Ligist;8563;Ligist 22;46,9864296;15,20349117;41970883;;Kraftwerk Arnstein;Kraftwerk Arnstein;30 MW;Krottendorf-Gaisfeld;4881,895131
MULTILINESTRING ((485606.009102704 5225930.09538485,488052.82127719 5229705.71259099));Lobmingtal;8741;Hauptstra�e 22;47,1867076;14,8100062;92340887;substation;Umspannwerk Knittelfeld/Ost;;;Kobenz;4499,130483
MULTILINESTRING ((552469.795589678 5216994.93311999,553506.392442385 5217921.48462537));Ludersdorf-Wilfersdorf;8200;Ludersdorf 114;47,1043744;15,6915088;96210904;substation;Umspannwerk Gleisdorf (i.b.);;;Gleisdorf;1390,334754
MULTILINESTRING ((504956.640531549 5212032.37952627,510234.167452873 5211364.1692088));Maria_Lankowitz;8591;Puchbacher Stra�e 204;47,061787;15,0652723;96176843;substation;Umspannwerk Bärnbach (i.b.);;;Bärnbach;5319,661214
MULTILINESTRING ((523729.921001612 5291170.39558347,515686.013069374 5263077.55556678));Mariazell;8635;Pater-Hermann-Geist-Platz 1;47,77346075;15,31673064;130382579;substation;Umspannwerk Thörl (i.b.);;;Thörl;29221,77467
MULTILINESTRING ((564060.115046216 5211484.63186251,564061.411180497 5217798.3792225));Markt_Hartmannsdorf;8312;Hauptstra�e 157;47,0537706;15,8434614;152303289;substation;Umspannwerk Unterrettenbach/AWP;;;Sinabelkirchen;6313,747493
MULTILINESTRING ((486763.401542252 5250142.05410841,500133.539313568 5245036.90258304));Mautern_in_Steiermark;8774;Klostergasse 5;47,4045973;14,82456405;92220396;substation;Umspannwerk Sankt Michael;STEWEAG-STEG;;Traboch;14311,64407
MULTILINESTRING ((554224.209898978 5183698.3939058,555481.805501765 5192433.50594464));Mettersdorf_am_Sa�bach;8092;Mettersdorf am Sa�bach 85;46,8046256;15,7106512;152299025;substation;Umspannwerk St. Stephan;;110000;St. Stefan im Rosental;8825,175864
MULTILINESTRING ((415191.121976656 5252788.01886374,407406.156160591 5251855.61140442));Michaelerberg-Pruggern;8962;Pruggern 96;47,4230258;13,8755574;90431884;substation;Umspannwerk Haus;Energie Steiermark;;Haus;7840,604341
MULTILINESTRING ((557394.941172292 5246729.35730539,552167.081226853 5243705.72257617));Miesenbach_bei_Birkfeld;8190;Dorfviertel 6;47,3715026;15,7602299;99745003;substation;Umspannwerk Birkfeld;;;Birkfeld;6039,278648
MULTILINESTRING ((420000.561433569 5256460.88913282,432755.336714196 5260093.60891747));Mitterberg-Sankt_Martin;8954;Gersdorf 70;47,4566765;13,9386476;91013052;substation;Umspannwerk Irdning;;110000;Irdning-Donnersbachtal;13262,01137
MULTILINESTRING ((546603.561867646 5224323.52325368,547799.430914718 5228348.97073074));Mitterdorf_an_der_Raab;8181;Mitterdorf an der Raab 5;47,1707579;15,61496135;79122729;substation;Umspannwerk Weiz;;;Weiz;4199,324966
MULTILINESTRING ((521453.252890128 5203482.6923598,526334.513400467 5200332.90327156));Mooskirchen;8562;Marktplatz 4;46,9845218;15,2821033;103774165;substation;Umspannwerk Lieboch;;"110000;20000";Lieboch;5809,292166
MULTILINESTRING ((545786.637032565 5228980.90615612,547799.430914718 5228348.97073074));Mortantsch;8160;G�ttelsberg 160;47,2127222;15,60465797;79122729;substation;Umspannwerk Weiz;;;Weiz;2109,663858
MULTILINESTRING ((462847.569286018 5208875.24192445,451716.820207072 5220285.97194909));M�hlen;8820;Nr. 5;47,03235158;14,51102104;132457784;substation;Umspannwerk Teufenbach;;;Teufenbach-Katsch;15940,46219
MULTILINESTRING ((436752.866521369 5217853.9086497,429079.706627848 5217624.98832818));Murau;8850;Raffaltplatz 10;47,11115765;14,16634817;92686645;substation;Kraftwerk Bodendorf-Mur;;;St. Georgen am Kreischberg;7676,573928
MULTILINESTRING ((559219.136455805 5172951.68186325,559794.104002251 5176473.13428604));Mureck;8480;Hauptplatz 30;46,70749805;15,77472059;103401933;substation;Umspannwerk Gosdorf;;;Mureck;3568,082797
MULTILINESTRING ((550567.552808665 5272730.61470105,549894.060861378 5270768.4613712));M�rzzuschlag;8682;Wiener Stra�e 9;47,6060097;15,67278493;97094288;substation;Umspannwerk Mürzzuschlag;;110000;Mürzzuschlag;2074,520931
MULTILINESTRING ((545066.079659702 5233066.30694842,547799.430914718 5228348.97073074));Naas;8160;In der Weiz 37;47,2495321;15,5955545;79122729;substation;Umspannwerk Weiz;;;Weiz;5452,015231
MULTILINESTRING ((546239.446727259 5212027.45663674,546741.571000562 5219656.69833212));Nestelbach_bei_Graz;8302;Dorfplatz 2;47,0601427;15,6088935;103800082;substation;Umspannwerk Eggersdorf bei Graz (i.b.);;;Eggersdorf bei Graz;7645,747683
MULTILINESTRING ((543110.463352012 5279448.29556677,549894.060861378 5270768.4613712));Neuberg_an_der_M�rz;8694;Hauptplatz 8;47,6669897;15,5742382;97094288;substation;Umspannwerk Mürzzuschlag;;110000;Mürzzuschlag;11016,20247
MULTILINESTRING ((583463.166228784 5225702.4106612,579399.748841685 5232444.47602138));Neudau;8292;Neudau 74;47,17952059;16,10153014;102767009;substation;Umspannwerk Unterrohr;STEWEAG;110000;Rohr bei Hartberg;7871,899782
MULTILINESTRING ((456401.514049087 5213417.74411788,451716.820207072 5220285.97194909));Neumarkt_in_der_Steiermark;9360;Hauptplatz 1;47,0728324;14,4257472;132457784;substation;Umspannwerk Teufenbach;;;Teufenbach-Katsch;8313,778319
MULTILINESTRING ((452635.022762007 5222226.42565612,451716.820207072 5220285.97194909));Niederw�lz;8811;Niederw�lz 5;47,1518339;14,3752132;132457784;substation;Umspannwerk Teufenbach;;;Teufenbach-Katsch;2146,73159
MULTILINESTRING ((511906.598725526 5249368.15488532,516131.215219304 5250757.52834795));Niklasdorf;8712;Hauptplatz 1;47,3976593;15,15778761;376315134;substation;Kraftwerk Dionysen;;;Bruck an der Mur;4447,21746
MULTILINESTRING ((476869.907878319 5212829.13433446,480910.842695186 5222441.86699829));Obdach;9463;Hauptstra�e 31;47,0685702;14,69536901;27719234;substation;Umspannwerk Baumkirchen;STEWEAG;;Weißkirchen in Steiermark;10427,54925
MULTILINESTRING ((525015.598864185 5169838.86023182,521456.560905853 5177591.05285445));Oberhaag;8455;Oberhaag 200;46,68164001;15,32710411;89555133;substation;Umspannwerk Bergla;STEWEAG;110000;St. Martin im Sulmtal;8530,137258
MULTILINESTRING ((444644.381240311 5228705.84668441,451716.820207072 5220285.97194909));Oberw�lz;8831;Stadt 4;47,20951076;14,26901778;132457784;substation;Umspannwerk Teufenbach;;;Teufenbach-Katsch;10996,07582
MULTILINESTRING ((424802.373428147 5257208.16819346,432755.336714196 5260093.60891747));�blarn;8960;�blarn 47;47,46397149;14,00221577;91013052;substation;Umspannwerk Irdning;;110000;Irdning-Donnersbachtal;8460,224181
MULTILINESTRING ((568169.493483501 5211000.22820886,564061.411180497 5217798.3792225));Ottendorf_an_der_Rittschein;8262;Ottendorf an der Rittschein 132;47,0490009;15,8974887;152303289;substation;Umspannwerk Unterrettenbach/AWP;;;Sinabelkirchen;7942,996753
MULTILINESTRING ((560341.372614424 5198954.31585755,555481.805501765 5192433.50594464));Paldau;8342;Paldau 41;46,94137416;15,7928332;152299025;substation;Umspannwerk St. Stephan;;110000;St. Stefan im Rosental;8132,426111
MULTILINESTRING ((538970.354846894 5236652.13950126,547799.430914718 5228348.97073074));Passail;8162;Markt 1;47,2821877;15,5153153;79122729;substation;Umspannwerk Weiz;;;Weiz;12120,03283
MULTILINESTRING ((526146.246417544 5227885.36190971,524445.980859832 5228060.6854106));Peggau;8120;Grazer Stra�e 20;47,2039394;15,34522981;96176841;substation;Umspannwerk Deutschfeistritz;;;Deutschfeistritz;1709,28093
MULTILINESTRING ((525291.081406351 5245248.91663885,525548.213481174 5245486.31539717));Pernegg_an_der_Mur;8132;Kirchdorf 16;47,360213;15,3349232;707399017;substation;Umspannwerk Pernegg an er Mur (i.b.);;;Pernegg an der Mur;349,9643901
MULTILINESTRING ((580312.447881237 5255057.7330034,581517.455736419 5253097.48890966));Pinggau;7423;Hauptplatz 1;47,4440145;16,0652494;195015816;substation;Umspannwerk Pinggau;;110000;Pinggau;2300,999965
MULTILINESTRING ((545712.895141614 5201095.88094963,545833.509161552 5195465.24705981));Pirching_am_Traubenberg;8081;Pirching am Traubenberg 111;46,9618143;15,6008559;160783280;substation;Umspannwerk Feiting;;110000;Allerheiligen bei Wildon;5631,92558
MULTILINESTRING ((560974.326281396 5225647.41974743,564061.411180497 5217798.3792225));Pischelsdorf_am_Kulm;8212;Pischelsdorf 85;47,181495;15,80475505;152303289;substation;Umspannwerk Unterrettenbach/AWP;;;Sinabelkirchen;8434,306749
MULTILINESTRING ((522651.86296368 5175079.58040106,521456.560905853 5177591.05285445));P�lfing-Brunn;8544;Marktplatz 1;46,728886;15,2964544;89555133;substation;Umspannwerk Bergla;STEWEAG;110000;St. Martin im Sulmtal;2781,409875
MULTILINESTRING ((563053.199728698 5239038.37754327,565702.361056541 5249634.55790994));P�llau;8230;Hauptplatz 3;47,3017832;15,8340786;122942230;substation;Umspannwerk Schachen;;;Vorau;10922,32091
MULTILINESTRING ((564843.175653163 5240575.42886886,565702.361056541 5249634.55790994));P�llauberg;8225;Oberneuberg 180;47,3154377;15,8579778;122942230;substation;Umspannwerk Schachen;;;Vorau;9099,781236
MULTILINESTRING ((468199.118118275 5229726.66525327,468997.590382546 5229036.96292286));P�ls-Oberkurzheim;8762;Hauptplatz 7;47,2202585;14,5799786;328978916;substation;Umspannwerk Pöls (i.b.);;;Pöls-Oberkurzheim;1055,105332
MULTILINESTRING ((460672.029185414 5236856.32066439,468997.590382546 5229036.96292286));P�lstal;8765;Im Dorf 2;47,28400355;14,47993804;328978916;substation;Umspannwerk Pöls (i.b.);;;Pöls-Oberkurzheim;11421,79166
MULTILINESTRING ((529645.596270079 5190458.67501698,526958.915274542 5189041.96986963));Preding;8504;Preding 24;46,86700686;15,38897846;103800075;substation;Umspannwerk Preding;;;Wettmannstätten;3037,319253
MULTILINESTRING ((530713.549827518 5202002.76766245,526334.513400467 5200332.90327156));Premst�tten;8401;Hauptstra�e 151;46,97083985;15,4037703;103774165;substation;Umspannwerk Lieboch;;"110000;20000";Lieboch;4686,620009
MULTILINESTRING ((510564.530106595 5249445.79902967,506214.674108282 5246587.14021444));Proleb;8712;Gemeindestra�e 2;47,39838105;15,14000427;228092022;substation;Umspannwerk Leoben (i.b.);;;Leoben;5205,110703
MULTILINESTRING ((554957.199441525 5230392.13279802,547799.430914718 5228348.97073074));Puch_bei_Weiz;8182;Puch 100;47,2247169;15,7259285;79122729;substation;Umspannwerk Weiz;;;Weiz;7443,665865
MULTILINESTRING ((452274.555414806 5240008.90588783,451716.820207072 5220285.97194909));Pusterwald;8764;Pusterwald 51;47,311812;14,36856091;132457784;substation;Umspannwerk Teufenbach;;;Teufenbach-Katsch;19730,81832
MULTILINESTRING ((537706.295420257 5208397.79180576,537389.672679191 5207106.34706594));Raaba-Grambach;8074;Josef-Krainer-Stra�e 40;47,02802395;15,49622851;95790224;substation;Umspannwerk Grambach;;"110000;20000";Raaba-Grambach;1329,691497
MULTILINESTRING ((480576.633456928 5264812.27926708,492233.440152244 5265822.60752386));Radmer;8795;Radmer 3;47,53644416;14,74192084;174523999;substation;Umspannwerk Eisenerz II;STEWEAG;;Eisenerz;11700,50877
MULTILINESTRING ((544827.051063595 5188421.18125642,542688.990197913 5183096.86728821));Ragnitz;8413;Gundersdorf 17;46,8478223;15,58796452;83740188;substation;Umspannwerk Leibnitz;;;Leibnitz;5737,562505
MULTILINESTRING ((398472.008262494 5253028.24571995,407406.156160591 5251855.61140442));Ramsau_am_Dachstein;8972;Ramsau 136;47,4227987;13,6538889;90431884;substation;Umspannwerk Haus;Energie Steiermark;;Haus;9010,775211
MULTILINESTRING ((429901.102120121 5223364.45087867,429079.706627848 5217624.98832818));Ranten;8853;Ranten 110;47,16004523;14,07518819;92686645;substation;Kraftwerk Bodendorf-Mur;;;St. Georgen am Kreischberg;5797,941093
MULTILINESTRING ((554602.406512141 5259356.96818327,549894.060861378 5270768.4613712));Ratten;8673;Kirchenviertel 211;47,4853572;15,7248024;97094288;substation;Umspannwerk Mürzzuschlag;;110000;Mürzzuschlag;12344,66263
MULTILINESTRING ((558828.540787795 5264010.05740667,549894.060861378 5270768.4613712));Rettenegg;8674;Rettenegg 166;47,52685335;15,78151689;97094288;substation;Umspannwerk Mürzzuschlag;;110000;Mürzzuschlag;11202,72091
MULTILINESTRING ((570541.249529571 5205567.55827501,568454.410275682 5200106.95457989));Riegersburg;8361;Riegersburg 8;46,99987128;15,92786263;99755951;substation;Umspannwerk Feldbach;;110000;Feldbach;5845,775465
MULTILINESTRING ((579530.416068782 5233263.25528369,579399.748841685 5232444.47602138));Rohr_bei_Hartberg;8274;Unterrohr 24;47,2480321;16,0509789;102767009;substation;Umspannwerk Unterrohr;STEWEAG;110000;Rohr bei Hartberg;829,1401598
MULTILINESTRING ((508661.54065517 5211293.30194778,510234.167452873 5211364.1692088));Rosental_an_der_Kainach;8582;Hauptstra�e 85;47,0550981;15,1140466;96176843;substation;Umspannwerk Bärnbach (i.b.);;;Bärnbach;1574,222733
MULTILINESTRING ((451677.198759592 5263759.82109687,451023.37654603 5270839.72388142));Rottenmann;8786;Hauptstra�e 56;47,525468;14,3580657;103387969;substation;Umspannwerk Ardning;;110000;Ardning;7110,028616
MULTILINESTRING ((528867.707722952 5181993.5723476,526958.915274542 5189041.96986963));Sankt_Andr�-H�ch;8522;St. Andr� i.S. 74;46,790865;15,3782373;103800075;substation;Umspannwerk Preding;;;Wettmannstätten;7302,287055
MULTILINESTRING ((574271.614488415 5186916.03240887,568693.982948384 5190229.34138403));Sankt_Anna_am_Aigen;8355;Marktstra�e 7;46,8316444;15,9738774;99791175;substation;Umspannwerk Merkendorf;;110000;Bad Gleichenberg;6487,52572
MULTILINESTRING ((538571.367781447 5264629.20966609,538837.978461277 5264299.53429164));Sankt_Barbara_im_M�rztal;8664;Stelzhamerstra�e 7;47,5339423;15,5124756;97094293;substation;Umspannwerk Mitterdorf im Mürztal (i.b.);;110000;St. Barbara im Mürztal;423,989513
MULTILINESTRING ((519633.262896679 5212936.83659274,512122.327746346 5207225.28682214));Sankt_Bartholom�;8151;Sankt Bartholom� 3;47,0696526;15,2585818;41970883;;Kraftwerk Arnstein;Kraftwerk Arnstein;30 MW;Krottendorf-Gaisfeld;9435,886159
MULTILINESTRING ((471271.355828054 5282241.02732284,476263.125314455 5284501.89046443));Sankt_Gallen;8933;Markt 35;47,6929161;14,6171406;96826419;substation;Umspannwerk Essling;;;Altenmarkt bei St. Gallen;5479,896418
MULTILINESTRING ((431213.799962995 5217220.26310695,429079.706627848 5217624.98832818));Sankt_Georgen_am_Kreischberg;8862;St. Georgen ob Murau 45;47,10490185;14,0934443;92686645;substation;Kraftwerk Bodendorf-Mur;;;St. Georgen am Kreischberg;2172,131872
MULTILINESTRING ((544098.007164029 5191501.06273967,545833.509161552 5195465.24705981));Sankt_Georgen_an_der_Stiefing;8413;Sankt Georgen an der Stiefing 64;46,8755854;15,5787004;160783280;substation;Umspannwerk Feiting;;110000;Allerheiligen bei Wildon;4327,438562
MULTILINESTRING ((462124.534261719 5228220.55519875,468997.590382546 5229036.96292286));Sankt_Georgen_ob_Judenburg;8756;St. Georgen ob Judenburg 12;47,2063842;14,4998767;328978916;substation;Umspannwerk Pöls (i.b.);;;Pöls-Oberkurzheim;6921,374286
MULTILINESTRING ((559137.675274522 5257265.64422806,565702.361056541 5249634.55790994));Sankt_Jakob_im_Walde;8674;Kirchenviertel 24;47,4661449;15,7847186;122942230;substation;Umspannwerk Schachen;;;Vorau;10066,2097
MULTILINESTRING ((530533.745859227 5172571.80027205,521456.560905853 5177591.05285445));Sankt_Johann_im_Saggautal;8454;St. Johann 37;46,7060048;15,3994391;89555133;substation;Umspannwerk Bergla;STEWEAG;110000;St. Martin im Sulmtal;10372,47237
MULTILINESTRING ((577636.058917615 5237068.8388233,576502.046007298 5236981.60900068));Sankt_Johann_in_der_Haide;8295;Sankt Johann in der Haide 100;47,28249741;16,02661133;99731682;substation;Umspannwerk St. Johann in der Haide;;110000;St. Johann in der Haide;1137,362881
MULTILINESTRING ((525697.275999595 5195295.71055472,526334.513400467 5200332.90327156));Sankt_Josef_(Weststeiermark);8143;St. Josef 73;46,9106986;15,3374466;103774165;substation;Umspannwerk Lieboch;;"110000;20000";Lieboch;5077,340049
MULTILINESTRING ((552119.50973957 5259767.40302636,549894.060861378 5270768.4613712));Sankt_Kathrein_am_Hauenstein;8672;St. Kathrein 132;47,4892536;15,691895;97094288;substation;Umspannwerk Mürzzuschlag;;110000;Mürzzuschlag;11223,89894
MULTILINESTRING ((543537.750437762 5238791.97716587,552167.081226853 5243705.72257617));Sankt_Kathrein_am_Offenegg;8171;Dorf 2;47,30115415;15,5759172;99745003;substation;Umspannwerk Birkfeld;;;Birkfeld;9930,269071
MULTILINESTRING ((446801.814350677 5213138.75069141,451716.820207072 5220285.97194909));Sankt_Lambrecht;8813;Hauptstra�e 12;47,0696183;14,2993475;132457784;substation;Umspannwerk Teufenbach;;;Teufenbach-Katsch;8674,102505
MULTILINESTRING ((571564.853668327 5257525.41043892,575400.568945165 5249125.58214413));Sankt_Lorenzen_am_Wechsel;8251;|url;47,46723495;15,94964;96355233;substation;Umspannwerk Rohrbach;;;Rohrbach an der Lafnitz;9234,16629
MULTILINESTRING ((527876.447701798 5258866.8043052,531136.563418555 5260389.79128045));Sankt_Lorenzen_im_M�rztal;8642;Hauptstra�e 4;47,4826404;15,3700174;97094291;substation;Umspannwerk Hadersdorf;;;Kindberg;3598,311245
MULTILINESTRING ((552290.602499228 5207338.49067948,555078.168000178 5215548.27010166));Sankt_Marein_bei_Graz;8323;Markt 25;47,0174998;15,6880286;83742801;substation;Umspannwerk Oststeiermark/Wünschendorf;"Verbund Austrian Power Grid AG;STEWEAG-STEG";"380000;110000";Hofstätten an der Raab;8670,121082
MULTILINESTRING ((528088.076590191 5257980.82823063,531136.563418555 5260389.79128045));Sankt_Marein_im_M�rztal;8600;Hauptplatz 1;47,47465945;15,37277;97094291;substation;Umspannwerk Hadersdorf;;;Kindberg;3885,405374
MULTILINESTRING ((489343.527492337 5235071.23388265,488052.82127719 5229705.71259099));Sankt_Marein-Feistritz;8733;Am Kirchbichl 4;47,2690342;14,8591217;92340887;substation;Umspannwerk Knittelfeld/Ost;;;Kobenz;5518,581454
MULTILINESTRING ((556577.146324508 5210428.03091748,555078.168000178 5215548.27010166));Sankt_Margarethen_an_der_Raab;8321;St. Margarethen an der Raab 163;47,0449466;15,744812;83742801;substation;Umspannwerk Oststeiermark/Wünschendorf;"Verbund Austrian Power Grid AG;STEWEAG-STEG";"380000;110000";Hofstätten an der Raab;5335,146232
MULTILINESTRING ((489161.06297181 5230583.47328461,488052.82127719 5229705.71259099));Sankt_Margarethen_bei_Knittelfeld;8715;Dorfstra�e 19;47,2286488;14,8568184;92340887;substation;Umspannwerk Knittelfeld/Ost;;;Kobenz;1413,740955
MULTILINESTRING ((507948.939016796 5206290.11574218,512122.327746346 5207225.28682214));Sankt_Martin_am_W�llmi�berg;8580;St. Martin a. W. 64;47,0100849;15,1045758;41970883;;Kraftwerk Arnstein;Kraftwerk Arnstein;30 MW;Krottendorf-Gaisfeld;4276,881859
MULTILINESTRING ((522492.112303936 5178200.28759696,521456.560905853 5177591.05285445));Sankt_Martin_im_Sulmtal;8551;Sulb 72;46,7569748;15,2945166;89555133;substation;Umspannwerk Bergla;STEWEAG;110000;St. Martin im Sulmtal;1201,47146
MULTILINESTRING ((501072.876963095 5243404.10258758,500133.539313568 5245036.90258304));Sankt_Michael_in_Obersteiermark;8713;Hauptstra�e 64;47,3441014;15,0142035;92220396;substation;Umspannwerk Sankt Michael;STEWEAG-STEG;;Traboch;1883,717347
MULTILINESTRING ((534303.188159004 5185321.8416545,526958.915274542 5189041.96986963));Sankt_Nikolai_im_Sausal;8521;St. Nikolai im Sausal 5;46,8205579;15,4497028;103800075;substation;Umspannwerk Preding;;;Wettmannstätten;8232,721187
MULTILINESTRING ((521352.573595716 5215116.44398158,525034.810548244 5221266.66299532));Sankt_Oswald_bei_Plankenwarth;8113;Sankt Oswald 70;47,0892125;15,2813291;96168202;substation;Umspannwerk Friesach;STEWEAG;;Gratkorn;7168,267775
MULTILINESTRING ((438416.834638167 5226292.18566748,429079.706627848 5217624.98832818));Sankt_Peter_am_Kammersberg;8843;St. Peter 82;47,1872396;14,1871216;92686645;substation;Kraftwerk Bodendorf-Mur;;;St. Georgen am Kreischberg;12739,79078
MULTILINESTRING ((557928.953444014 5183139.21511779,559794.104002251 5176473.13428604));Sankt_Peter_am_Ottersbach;8342;Petersplatz 2 ;46,7992822;15,7591298;103401933;substation;Umspannwerk Gosdorf;;;Mureck;6922,096522
MULTILINESTRING ((519220.001212711 5178328.56324263,521456.560905853 5177591.05285445));Sankt_Peter_im_Sulmtal;8542;Sankt Peter im Sulmtal 46;46,7582314;15,2516767;89555133;substation;Umspannwerk Bergla;STEWEAG;110000;St. Martin im Sulmtal;2355,020347
MULTILINESTRING ((468797.772730564 5225844.05877653,468997.590382546 5229036.96292286));Sankt_Peter_ob_Judenburg;8755;Hauptstra�e 17;47,1853507;14,5881558;328978916;substation;Umspannwerk Pöls (i.b.);;;Pöls-Oberkurzheim;3199,150509
MULTILINESTRING ((502453.334376348 5249453.39729998,501569.320339818 5249278.20985183));Sankt_Peter-Freienstein;8792;Gemeindegasse 1;47,3985303;15,0325124;88680218;substation;Umspannwerk Hessenberg;Verbund Austrian Power Grid AG;"220000;110000";St. Peter-Freienstein;901,2055586
MULTILINESTRING ((537083.634891959 5225398.45065483,547799.430914718 5228348.97073074));Sankt_Radegund_bei_Graz;8061;Hauptstra�e 10;47,1810357;15,4894345;79122729;substation;Umspannwerk Weiz;;;Weiz;11114,5784
MULTILINESTRING ((550219.746303077 5222359.04070844,546741.571000562 5219656.69833212));Sankt_Ruprecht_an_der_Raab;8181;Untere Hauptstra�e 27;47,1528156;15,6624561;103800082;substation;Umspannwerk Eggersdorf bei Graz (i.b.);;;Eggersdorf bei Graz;4404,583721
MULTILINESTRING ((554241.34959537 5194958.45666828,555481.805501765 5192433.50594464));Sankt_Stefan_im_Rosental;8421;Feldbacherstra�e 24;46,9059456;15,7122142;152299025;substation;Umspannwerk St. Stephan;;110000;St. Stefan im Rosental;2813,20227
MULTILINESTRING ((498307.033620603 5240440.3913355,500133.539313568 5245036.90258304));Sankt_Stefan_ob_Leoben;8714;Dorfplatz 14;47,3174319;14,9775986;92220396;substation;Umspannwerk Sankt Michael;STEWEAG-STEG;;Traboch;4946,113494
MULTILINESTRING ((519451.676069693 5197745.84794276,526334.513400467 5200332.90327156));Sankt_Stefan_ob_Stainz;8511;Sankt Stefan ob Stainz 19;46,93295925;15,2555376;103774165;substation;Umspannwerk Lieboch;;"110000;20000";Lieboch;7352,979328
MULTILINESTRING ((547831.597797248 5177364.33658088,547472.252591711 5173816.95920263));Sankt_Veit_in_der_S�dsteiermark;8481;Am Kirchplatz 13;46,7481176;15,6262153;127516438;substation;Kraftwerk Spielfeld;;;Straß in Steiermark;3565,531551
MULTILINESTRING ((583678.308318954 5258917.31611615,581517.455736419 5253097.48890966));Sch�ffern;2871;Dorfstra�e 7/3;47,4783132;16,1106162;195015816;substation;Umspannwerk Pinggau;;110000;Pinggau;6208,032909
MULTILINESTRING ((455433.985326457 5221811.6960868,451716.820207072 5220285.97194909));Scheifling;8811;Amtsplatz 1;47,14829755;14,41217313;132457784;substation;Umspannwerk Teufenbach;;;Teufenbach-Katsch;4018,102869
MULTILINESTRING ((401179.081207417 5249642.66327675,407406.156160591 5251855.61140442));Schladming;8970;Coburgstra�e 45;47,39275855;13,69052609;90431884;substation;Umspannwerk Haus;Energie Steiermark;;Haus;6608,6006
MULTILINESTRING ((433048.045901737 5225766.0293786,429079.706627848 5217624.98832818));Sch�der;8844;Sch�der 12;47,18198087;14,11634215;92686645;substation;Kraftwerk Bodendorf-Mur;;;St. Georgen am Kreischberg;9056,724903
MULTILINESTRING ((550030.085985275 5188015.17273952,555481.805501765 5192433.50594464));Schwarzautal;8422;Wolfsberg 125;46,843798;15,6561602;152299025;substation;Umspannwerk St. Stephan;;110000;St. Stefan im Rosental;7017,329549
MULTILINESTRING ((484052.12726688 5235790.94711382,488052.82127719 5229705.71259099));Seckau;8732;Seckau 63;47,27540303;14,78914421;92340887;substation;Umspannwerk Knittelfeld/Ost;;;Kobenz;7282,556678
MULTILINESTRING ((530685.675791357 5206414.61022528,531776.046521452 5209063.12242404));Seiersberg-Pirka;8144;Feldkirchner Stra�e 21;47,01054135;15,4037027;110540215;substation;Umspannwerk Graz-West (i.b.);;110000;Graz;2864,179672
MULTILINESTRING ((448151.018276002 5266690.31818342,443904.576461962 5268379.69040436));Selzthal;8900;Selzthal 37;47,5515627;14,31088084;91071153;substation;Umspannwerk Liezen;STEWEAG-STEG;110000;Liezen;4570,147326
MULTILINESTRING ((530607.479902244 5229392.8320828,524445.980859832 5228060.6854106));Semriach;8102;Markt 27;47,2173113;15,4042367;96176841;substation;Umspannwerk Deutschfeistritz;;;Deutschfeistritz;6303,862721
MULTILINESTRING ((562400.464597955 5217387.62647038,564061.411180497 5217798.3792225));Sinabelkirchen;8261;Sinabelkirchen 8;47,10704287;15,82242856;152303289;substation;Umspannwerk Unterrettenbach/AWP;;;Sinabelkirchen;1710,982575
MULTILINESTRING ((577837.487367447 5208836.40820842,580643.108531442 5211470.09655909));S�chau;8280;S�chau 104;47,02846432;16,02438086;99730272;substation;Umspannwerk Fürstenfeld;Energie Netze Steiermark GmbH;110000;Fürstenfeld;3848,093612
MULTILINESTRING ((522037.014331835 5205064.05731813,526334.513400467 5200332.90327156));S�ding-Sankt_Johann;8565;Schulplatz 1;46,9987328;15,2898564;103774165;substation;Umspannwerk Lieboch;;"110000;20000";Lieboch;6391,581718
MULTILINESTRING ((420097.803563563 5254233.267854,407406.156160591 5251855.61140442));S�lk;8961;Stein an der Enns 100;47,4366476;13,9403401;90431884;substation;Umspannwerk Haus;Energie Steiermark;;Haus;12912,44222
MULTILINESTRING ((484682.50946037 5228294.14584687,488052.82127719 5229705.71259099));Spielberg;8740;Marktpassage 1B1;47,2079594;14,7977357;92340887;substation;Umspannwerk Knittelfeld/Ost;;;Kobenz;3653,973511
MULTILINESTRING ((556639.293978266 5273904.49194885,549894.060861378 5270768.4613712));Spital_am_Semmering;8685;Bundesstra�e 16;47,6160689;15,7537124;97094288;substation;Umspannwerk Mürzzuschlag;;110000;Mürzzuschlag;7438,60589
MULTILINESTRING ((422611.078589871 5215301.09946944,429079.706627848 5217624.98832818));Stadl-Predlitz;8864;Stadl an der Mur 120;47,0866814;13,9804133;92686645;substation;Kraftwerk Bodendorf-Mur;;;St. Georgen am Kreischberg;6873,398586
MULTILINESTRING ((432819.15749051 5264884.35264788,432755.336714196 5260093.60891747));Stainach-P�rgg;8951;Hauptplatz 27;47,5339095;14,1074052;91013052;substation;Umspannwerk Irdning;;110000;Irdning-Donnersbachtal;4791,168812
MULTILINESTRING ((520144.347694415 5193394.9835517,526958.915274542 5189041.96986963));Stainz;8524;Hauptplatz 1;46,893786;15,2644445;103800075;substation;Umspannwerk Preding;;;Wettmannstätten;8086,226525
MULTILINESTRING ((516594.555385404 5211781.07552882,510234.167452873 5211364.1692088));Stallhofen;8152;Stallhofen 113;47,05933574;15,21851803;96176843;substation;Umspannwerk Bärnbach (i.b.);;;Bärnbach;6374,036832
MULTILINESTRING ((537725.921532347 5257054.38868153,532473.12790896 5260755.28567293));Stanz_im_M�rztal;8653;Stanz im M�rztal 61;47,4658365;15,5005948;122849865;substation;Umspannwerk Kindberg (i.b.);;110000;Kindberg;6425,611208
MULTILINESTRING ((531814.721181468 5220523.30070082,531562.543578114 5215741.55545051));Stattegg;8046;Dorfplatz 1;47,13744375;15,41955132;146978108;substation;Umspannwerk Graz Gösting/Nord;;"110000;20000";Graz;4788,39025
MULTILINESTRING ((517413.418109669 5215552.42352756,510234.167452873 5211364.1692088));Stiwoll;8113;Stiwoll 24;47,0932514;15,2294464;96176843;substation;Umspannwerk Bärnbach (i.b.);;;Bärnbach;8311,625246
MULTILINESTRING ((566767.987178386 5184225.00520637,568693.982948384 5190229.34138403));Straden;8345;Straden 2;46,80822535;15,87510642;99791175;substation;Umspannwerk Merkendorf;;110000;Bad Gleichenberg;6305,673052
MULTILINESTRING ((554698.659847443 5251338.0929131,552167.081226853 5243705.72257617));Strallegg;8190;Strallegg 100;47,41320063;15,72508765;99745003;substation;Umspannwerk Birkfeld;;;Birkfeld;8041,266522
MULTILINESTRING ((547616.446115989 5175108.75486604,547472.252591711 5173816.95920263));Stra�_in_Steiermark;8473;Hauptstra�e 61;46,7278358;15,6231648;127516438;substation;Kraftwerk Spielfeld;;;Straß in Steiermark;1299,818375
MULTILINESTRING ((560721.663774034 5232429.9491765,573431.176998968 5235020.66669088));Stubenberg;8224;Stubenberg am See 5;47,2425445;15,8023406;96734998;substation;Umspannwerk Hartberg;STEWEAG;110000;Hartberg;12970,87289
MULTILINESTRING ((451398.144999681 5219860.22080806,451716.820207072 5220285.97194909));Teufenbach-Katsch;8850;Hauptstra�e 7;47,1304527;14,3591546;132457784;substation;Umspannwerk Teufenbach;;;Teufenbach-Katsch;531,8062823
MULTILINESTRING ((527420.82001885 5213651.85677014,531562.543578114 5215741.55545051));Thal;8151;Am Kirchberg 2;47,0758092;15,36119026;146978108;substation;Umspannwerk Graz Gösting/Nord;;"110000;20000";Graz;4639,042424
MULTILINESTRING ((548788.196815626 5230225.93520941,547799.430914718 5228348.97073074));Thannhausen;8160;Thannhausen 1;47,22370875;15,64442978;79122729;substation;Umspannwerk Weiz;;;Weiz;2121,474407
MULTILINESTRING ((517538.860461471 5263272.39301698,515686.013069374 5263077.55556678));Th�rl;8624;Palbersdorf 73;47,5226421;15,2329785;130382579;substation;Umspannwerk Thörl (i.b.);;;Thörl;1863,063362
MULTILINESTRING ((571690.418769676 5181939.14144679,573155.811806696 5174328.21801356));Tieschen;8355;Tieschen 55;46,78714601;15,93925659;321321455;substation;Umspannwerk Halbenrain (i.b.);;110000;Halbenrain;7750,711726
MULTILINESTRING ((539365.563019803 5184428.0531784,542688.990197913 5183096.86728821));Tillmitsch;8430;Dorfstra�e 87;46,812235;15,51598925;83740188;substation;Umspannwerk Leibnitz;;;Leibnitz;3580,115093
MULTILINESTRING ((498833.943926075 5247095.36643209,500133.539313568 5245036.90258304));Traboch;8792;Schulweg 2;47,37731595;14,98455324;92220396;substation;Umspannwerk Sankt Michael;STEWEAG-STEG;;Traboch;2434,383205
MULTILINESTRING ((512273.002262145 5257553.22293851,515686.013069374 5263077.55556678));Trag��-Sankt_Katharein;8612;St. Katharein an der Laming 11;47,4713021;15,1628703;130382579;substation;Umspannwerk Thörl (i.b.);;;Thörl;6493,604065
MULTILINESTRING ((461320.120675425 5259272.79652593,459665.3874356 5260265.88024309));Trieben;8784;Triebener Bundesstra�e 10;47,485741;14,486553;91236151;substation;Umspannwerk Schwarzenbach;;;Trieben;1929,859416
MULTILINESTRING ((500618.719809194 5252502.16230315,501569.320339818 5249278.20985183));Trofaiach;8793;Luchinettigasse 9;47,42596775;15,00820374;88680218;substation;Umspannwerk Hessenberg;Verbund Austrian Power Grid AG;"220000;110000";St. Peter-Freienstein;3361,176993
MULTILINESTRING ((525421.541644016 5267236.55565952,531136.563418555 5260389.79128045));Turnau;8636;Marktplatz 18;47,55805015;15,3379161;97094291;substation;Umspannwerk Hadersdorf;;;Kindberg;8918,50079
MULTILINESTRING ((517692.129649875 5230414.79619255,524445.980859832 5228060.6854106));�belbach;8124;Alter Markt 64;47,2269821;15,2337045;96176841;substation;Umspannwerk Deutschfeistritz;;;Deutschfeistritz;7152,366304
MULTILINESTRING ((580900.527461153 5203336.76228527,580643.108531442 5211470.09655909));Unterlamm;8361;Unterlamm 100;46,97861523;16,06370232;99730272;substation;Umspannwerk Fürstenfeld;Energie Netze Steiermark GmbH;110000;Fürstenfeld;8137,406891
MULTILINESTRING ((457994.311696 5227389.1201949,451716.820207072 5220285.97194909));Unzmarkt-Frauenburg;8800;Simon-Hafner-Platz 2;47,1986519;14,44542;132457784;substation;Umspannwerk Teufenbach;;;Teufenbach-Katsch;9479,536613
MULTILINESTRING ((542261.137449005 5206985.6562631,537389.672679191 5207106.34706594));Vasoldsberg;8076;Hauptplatz 1;47,0150417;15,5560372;95790224;substation;Umspannwerk Grambach;;"110000;20000";Raaba-Grambach;4872,959601
MULTILINESTRING ((511378.332436184 5210618.00160545,510234.167452873 5211364.1692088));Voitsberg;8570;Hauptplatz 1;47,0489801;15,1498015;96176843;substation;Umspannwerk Bärnbach (i.b.);;;Bärnbach;1365,972035
MULTILINESTRING ((567085.637001565 5250818.76732208,565702.361056541 5249634.55790994));Vorau;8250;Rathausplatz 43;47,4073722;15,8891928;122942230;substation;Umspannwerk Schachen;;;Vorau;1820,934999
MULTILINESTRING ((499492.214248853 5259340.22175231,492925.647922317 5265381.8491766));Vordernberg;8794;Hauptplatz 2;47,487497;14,9932593;96702435;substation;Umspannwerk Eisenerz I;;110000;Eisenerz;8923,063109
MULTILINESTRING ((542592.598830889 5179271.70188848,542688.990197913 5183096.86728821));Wagna;8435;Marktplatz 4;46,7656362;15,5578065;83740188;substation;Umspannwerk Leibnitz;;;Leibnitz;3826,379703
MULTILINESTRING ((475833.935663086 5254830.44208575,459665.3874356 5260265.88024309));Wald_am_Schoberpa�;8781;Wald am Schoberpa� 57a;47,44647;14,6794523;91236151;substation;Umspannwerk Schwarzenbach;;;Trieben;17057,72376
MULTILINESTRING ((566642.957930217 5255177.83280007,565702.361056541 5249634.55790994));Waldbach-M�nichwald;8253;Karnerviertel 8;47,44663615;15,88398242;122942230;substation;Umspannwerk Schachen;;;Vorau;5622,510025
MULTILINESTRING ((537220.353986491 5220890.33003697,531562.543578114 5215741.55545051));Weinitzen;8045;Kirchplatz 4;47,1404631;15,4908651;146978108;substation;Umspannwerk Graz Gösting/Nord;;"110000;20000";Graz;7649,882245
MULTILINESTRING ((547116.647572107 5229486.01712545,547799.430914718 5228348.97073074));Weiz;8160;Hauptplatz 7;47,2171731;15,6222742;79122729;substation;Umspannwerk Weiz;;;Weiz;1326,298457
MULTILINESTRING ((480215.338029126 5222107.93848953,480910.842695186 5222441.86699829));Wei�kirchen_in_Steiermark;8741;Gemeindeplatz 1;47,1521742;14,7390211;27719234;substation;Umspannwerk Baumkirchen;STEWEAG;;Weißkirchen in Steiermark;771,514737
MULTILINESTRING ((559510.243560438 5252887.39961951,565702.361056541 5249634.55790994));Wenigzell;8253;Pittermann 222;47,426719;15,78907249;122942230;substation;Umspannwerk Schachen;;;Vorau;6994,51916
MULTILINESTRING ((536692.5785722 5196584.32097126,532206.819877158 5194546.52350557));Werndorf;8402;Bundesstra�e 135;46,92177765;15,48193213;83740194;substation;Umspannwerk Kainachtal/Zwaring;"Verbund Austrian Power Grid AG;STEWEAG-STEG";"380000;110000";Dobl-Zwaring;4926,931051
MULTILINESTRING ((529814.253368517 5186314.2215976,526958.915274542 5189041.96986963));Wettmannst�tten;8521;Wettmannst�tten 2;46,82970423;15,39092067;103800075;substation;Umspannwerk Preding;;;Wettmannstätten;3948,868986
MULTILINESTRING ((520596.268936717 5173879.14615053,521456.560905853 5177591.05285445));Wies;8542;Oberer Markt 14;46,7181497;15,2694985;89555133;substation;Umspannwerk Bergla;STEWEAG;110000;St. Martin im Sulmtal;3810,295743
MULTILINESTRING ((498517.99534102 5279279.53721122,492233.440152244 5265822.60752386));Wildalpen;8924;Wildalpen 91;47,66690654;14,98025952;174523999;substation;Umspannwerk Eisenerz II;STEWEAG;;Eisenerz;14852,09044
MULTILINESTRING ((538994.455526581 5192738.65412314,532206.819877158 5194546.52350557));Wildon;8410;Hauptplatz 55;46,88704095;15,51183504;83740194;substation;Umspannwerk Kainachtal/Zwaring;"Verbund Austrian Power Grid AG;STEWEAG-STEG";"380000;110000";Dobl-Zwaring;7024,271451
MULTILINESTRING ((435632.661470503 5266837.46048912,440421.581480818 5269318.96269598));W�rschach;8942;Dr. Alfons Gorbach Platz 16;47,55176625;14,14449643;89451551;substation;Umspannwerk Weißenbach;Verbund Austrian Power Grid AG;;Liezen;5393,663696
MULTILINESTRING ((534199.297872781 5196972.15182393,532206.819877158 5194546.52350557));Wundschuh;8142;Am Kirchplatz 6;46,92540075;15,44921482;83740194;substation;Umspannwerk Kainachtal/Zwaring;"Verbund Austrian Power Grid AG;STEWEAG-STEG";"380000;110000";Dobl-Zwaring;3139,051019
MULTILINESTRING ((481176.729397836 5226130.68359734,479243.743887192 5225337.04373835));Zeltweg;8740;Hauptplatz 8;47,1884007;14,7515339;88684218;substation;Kraftwerk Zeltweg;;;Zeltweg;2089,568666
