WKT;Gemeinde;PLZ;Adresse Gemeindeamt;Lat;Lon;osm_id;landuse/name;substation/voltage;location/operator;Polit. Gemeinde;distance
MULTILINESTRING ((310800.552532652 5181206.23090547,328282.063498463 5185568.76501211));Abfaltersbach;9913;Abfaltersbach 183;46,75758094;12,52250783;163096581;Kraftwerk Amlach (i.b.);;;Leisach;18017,6283
MULTILINESTRING ((235904.895184897 5243904.75059578,235156.117778468 5241651.09149436));Absam;6067;D�rferstra�e 32;47,2953403;11,5067671;121265317;Umspannwerk Hall;110000;TIWAG-Netz AG;Hall in Tirol;2374,794086
MULTILINESTRING ((252119.187993493 5269140.64640052,255248.660516804 5253525.58211617));Achenkirch;6215;Rathaus 387;47,5283749;11,7067442;30880774;Achenseekraftwerk (i.b.);;;Jenbach;15925,5716
MULTILINESTRING ((323682.484291226 5193321.79052103,317362.636820122 5199395.64236732));Ainet;9951;Ainet 90;46,87004714;12,68637652;85703086;KW Kalserbach;110000;TIWAG;Kals am Großglockner;8765,394932
MULTILINESTRING ((231105.434137803 5239198.42302673,229885.650399564 5241520.3342854));Aldrans;6071;Dorf 34;47,2511216;11,4462426;30840698;Umspannwerk Innsbruck-Ost;110000;;Innsbruck;2622,812281
MULTILINESTRING ((269641.668725507 5253171.37329802,262886.15072973 5249563.93402539));Alpbach;6236;Alpbach 168;47,39133321;11,94751172;89425769;Umspannwerk Fügen;110000;TIWAG;Fügen;7658,370682
MULTILINESTRING ((329209.750448002 5186921.30888366,328282.063498463 5185568.76501211));Amlach;9908;Lindenstra�e 4;46,8139357;12,7612405;163096581;Kraftwerk Amlach (i.b.);;;Leisach;1640,11524
MULTILINESTRING ((233753.684761417 5241081.72678459,233115.408958851 5241525.43395103));Ampass;6070;R�merstra�e 21 A;47,2691156;11,4800519;24768685;Umspannwerk Thaur;"220000;110000";TIWAG-Netz AG;Thaur;777,3493743
MULTILINESTRING ((279106.41084152 5265675.71461566,280722.575313024 5266536.61016587));Angath;6321;Dorfplatz 1;47,5069701;12,0665103;105080874;Kraftwerk Kirchbichl (i.b.);110000;;Kirchbichl;1831,155031
MULTILINESTRING ((277053.40094891 5265625.56027623,279889.491702928 5267354.07606647));Angerberg;6320;Linden 5;47,5058191;12,0393088;23899163;Umspannwerk Kirchbichl;"220000;110000";;Kirchbichl;3321,321665
MULTILINESTRING ((313941.955270786 5182525.88950171,328282.063498463 5185568.76501211));Anras;9912;Dorf 33;46,7703288;12,56306965;163096581;Kraftwerk Amlach (i.b.);;;Leisach;14659,39273
MULTILINESTRING ((179021.126508267 5236977.85020006,175917.97334348 5237591.53121288));Arzl_im_Pitztal;6471;Arzl 76;47,207808;10,7612575;100872499;110kV Freischaltanlage;110000;;Imsterberg;3163,252116
MULTILINESTRING ((265213.876987162 5239060.49266979,265176.262490773 5235805.82192859));Aschau_im_Zillertal;6274;Dorfplatz 1;47,2629705;11,8963697;156973414;Umspannwerk Zell am Ziller;"380000;220000;110000";Austrian Power Grid AG;Rohrberg;3254,888091
MULTILINESTRING ((319836.892247777 5184101.10379151,328282.063498463 5185568.76501211));Assling;9911;Unterassling 28;46,7861098;12,6395925;163096581;Kraftwerk Amlach (i.b.);;;Leisach;8571,752849
MULTILINESTRING ((306449.455330391 5254801.796625,303252.223421196 5259181.14481888));Aurach_bei_Kitzb�hel;6371;Oberaurach 6;47,417936;12,4339904;99841738;Umspannwerk Kitzbühel;;;Kitzbühel;5422,267283
MULTILINESTRING ((303900.424319547 5185059.24531507,316637.319342671 5199486.82927833));Au�ervillgraten;9931;Au�ervillgraten 136;46,7902289;12,43059644;85699549;UW Kienburg;110000;;Matrei in Osttirol;19245,3546
MULTILINESTRING ((218453.392396496 5237725.02679904,221048.547501661 5240510.86658091));Axams;6094;Sylvester-Jordan-Stra�e 12;47,232588;11,2803123;106098365;Umspannwerk Völs;110000;TIWAG;Völs;3807,326268
MULTILINESTRING ((152369.800451002 5245377.17629985,144636.086167374 5231942.64989408));Bach;6654;Oberbach 47;47,269602;10,4039006;100619811;Umspannwerk Sankt Jakob;110000;;St. Anton am Arlberg;15501,51078
MULTILINESTRING ((283100.908661994 5265882.90289786,280722.575313024 5266536.61016587));Bad_H�ring;6323;Obere Dorfstra�e 7;47,5101761;12,119386;105080874;Kraftwerk Kirchbichl (i.b.);110000;;Kirchbichl;2466,536582
MULTILINESTRING ((240239.854940764 5244252.59752768,242605.757109609 5244004.2778602));Baumkirchen;6121;Dorfstra�e 19;47,300197;11,5637969;312113570;Kraftwerk Haim;;;Wattens;2378,898007
MULTILINESTRING ((178649.200893098 5259003.92452005,179805.436860635 5268787.09566301));Berwang;6622;Berwang 82;47,40527698;10,74048211;26703085;Umspannwerk Breitenwang (i.b.);110000;;Breitenwang;9851,259779
MULTILINESTRING ((189917.072241298 5255880.12271453,189823.376323836 5255227.05679684));Biberwier;6633;Fernpa�stra�e 27;47,3826882;10,8916192;84622128;Umspannwerk Biberwier;;EWR;Biberwier;659,7529976
MULTILINESTRING ((182418.384263833 5260419.1438519,179805.436860635 5268787.09566301));Bichlbach;6621;Kirchhof 58;47,4198205;10,7892892;26703085;Umspannwerk Breitenwang (i.b.);110000;;Breitenwang;8766,419545
MULTILINESTRING ((219898.699141411 5237978.93363731,221048.547501661 5240510.86658091));Birgitz;6092;Dorfplatz 1;47,2354858;11,2992072;106098365;Umspannwerk Völs;110000;TIWAG;Völs;2780,79767
MULTILINESTRING ((264968.331709112 5228358.95565402,259912.025561335 5226911.21124978));Brandberg;6290;Brandberg 13;47,1667271;11,8987453;99858973;Kraftwerk Bösdornau (i.b.);;;Finkenberg;5259,48626
MULTILINESTRING ((266620.961300771 5265472.35039173,272025.542766025 5261541.84139136));Brandenberg;6234;Brandenberg 8 b;47,50078417;11,901053;94514064;Umspannwerk Kundl;110000;TIWAG-Netz AG;Kundl;6682,694203
MULTILINESTRING ((272011.267971252 5262807.79785902,272025.542766025 5261541.84139136));Breitenbach_am_Inn;6252;Dorf 94;47,478753;11,9739015;94514064;Umspannwerk Kundl;110000;TIWAG-Netz AG;Kundl;1266,036946
MULTILINESTRING ((178524.783311297 5268215.54967008,179805.436860635 5268787.09566301));Breitenwang;6600;Max-Kerber-Platz 1;47,4878727;10,7321445;26703085;Umspannwerk Breitenwang (i.b.);110000;;Breitenwang;1402,404484
MULTILINESTRING ((292656.608663705 5258838.34483032,294666.79344923 5259683.10379237));Brixen_im_Thale;6364;Dorfstra�e 93;47,4499787;12,249449;156990742;Umspannwerk Brixen;110000;TIWAG-Netz AG;Brixen in Tirol;2180,472558
MULTILINESTRING ((264624.384024752 5257688.74159964,263635.105022027 5258139.18811317));Brixlegg;6230;R�merstra�e 1;47,4301321;11,8787283;485429676;Umspannwerk Kramsach;110000;TIWAG;Kramsach;1087,002763
MULTILINESTRING ((262318.952512632 5253378.26690375,261436.853541757 5253621.10203438));Bruck_am_Ziller;6260;Dorf 40 a;47,39056875;11,8505157;84789829;Schaltwerk Strass;220000;;Schlitters;914,9139277
MULTILINESTRING ((256060.844276006 5252206.29579651,255248.660516804 5253525.58211617));Buch_in_Tirol;6220;St. Margarethen 108;47,3777331;11,7683684;30880774;Achenseekraftwerk (i.b.);;;Jenbach;1549,244607
MULTILINESTRING ((335133.00130819 5187952.05861022,333701.680962457 5188461.61650299));D�lsach;9991;D�lsach 64;46,82469682;12,83845481;162834614;Tiwag Netz AG Umspannwerk Debant;;Tiwag Netz AG;Nußdorf-Debant;1519,317998
MULTILINESTRING ((290898.853402092 5278949.59384169,289761.240262469 5280198.07788483));Ebbs;6341;Kaiserbergstra�e 7;47,6301634;12,2166018;83500268;Umspannwerk Wasserkraftwerk Oberaudorf-Ebbs (i.b.);;;Niederndorf;1689,045903
MULTILINESTRING ((254896.836251848 5257317.74635765,255248.660516804 5253525.58211617));Eben_am_Achensee;6215;Dorfstra�e 28;47,4232171;11,7501478;30880774;Achenseekraftwerk (i.b.);;;Jenbach;3808,449809
MULTILINESTRING ((176057.01237136 5266632.94430092,179805.436860635 5268787.09566301));Ehenbichl;6600;Schulweg 10;47,4724498;10,7006382;26703085;Umspannwerk Breitenwang (i.b.);110000;;Breitenwang;4323,315191
MULTILINESTRING ((192201.832236469 5257496.94163992,189823.376323836 5255227.05679684));Ehrwald;6632;Kirchplatz 1;47,3982796;10,92069;84622128;Umspannwerk Biberwier;;EWR;Biberwier;3287,76972
MULTILINESTRING ((154651.042339052 5247304.37205487,144636.086167374 5231942.64989408));Elbigenalp;6652;Dorf 55a;47,28809272;10,43247213;100619811;Umspannwerk Sankt Jakob;110000;;St. Anton am Arlberg;18337,98939
MULTILINESTRING ((229608.795215961 5231976.59074214,226958.550058888 5237742.9321219));Ellb�gen;6083;St. Peter 31;47,1856482;11,4308628;145583866;Umspannwerk Vill;110000;TIWAG;Innsbruck;6346,21874
MULTILINESTRING ((296847.936394883 5265754.61149504,294381.970894887 5267146.88355091));Ellmau;6352;Dorf 20;47,5134621;12,3018024;94552553;Umspannwerk Ellmau;110000;;Ellmau;2831,855809
MULTILINESTRING ((163304.975585452 5252857.91959811,175917.97334348 5237591.53121288));Elmen;6644;Elmen Br. 2;47,34241361;10,54237128;100872499;110kV Freischaltanlage;110000;;Imsterberg;19802,78583
MULTILINESTRING ((288387.232788459 5284760.19898577,289761.240262469 5280198.07788483));Erl;6343;Dorf 39;47,6815667;12,1803984;83500268;Umspannwerk Wasserkraftwerk Oberaudorf-Ebbs (i.b.);;;Niederndorf;4764,540427
MULTILINESTRING ((171417.685548997 5223140.42393689,170910.688142686 5222000.04289397));Faggen;6525;Faggen 70;47,0798933;10,6712501;100602290;Umspannwerk Prutz;"220000;110000";;Prutz;1248,004524
MULTILINESTRING ((172665.276052271 5218712.90841097,170910.688142686 5222000.04289397));Fendels;6528;Hnr. 40;47,0407838;10,69084635;100602290;Umspannwerk Prutz;"220000;110000";;Prutz;3726,101427
MULTILINESTRING ((314965.710718651 5261080.71313699,321484.487608143 5260171.60353426));Fieberbrunn;6391;Dorfplatz 1;47,4768528;12,5441586;94790504;Umspannwerk Hochfilzen;110000;;Hochfilzen;6581,863901
MULTILINESTRING ((259229.357904878 5227130.41466796,259912.025561335 5226911.21124978));Finkenberg;6292;Dorf 140;47,1536153;11,8237958;99858973;Kraftwerk Bösdornau (i.b.);;;Finkenberg;716,9973973
MULTILINESTRING ((167252.454644221 5220627.6120845,170910.688142686 5222000.04289397));Fiss;6533;Via-Claudia-Augusta 35;47,0552628;10,6183923;100602290;Umspannwerk Prutz;"220000;110000";;Prutz;3907,203432
MULTILINESTRING ((206945.401517559 5244823.86998411,201891.028516555 5245237.25017945));Flaurling;6403;Salzstra�e 12;47,2912877;11,1239669;30884137;Umspannwerk Rietz;110000;;Rietz;5071,249315
MULTILINESTRING ((168442.451894309 5227746.22977589,163683.984437627 5230595.80189101));Flie�;6521;Dorf 87;47,119732;10,6287831;102601926;Umspannwerk Landeck;110000;TIWAG;Landeck;5546,446951
MULTILINESTRING ((152290.026702897 5231534.48757913,158562.1639262 5228221.11320397));Flirsch;6572;Dorf 109;47,14539756;10,41358761;580543598;UW Tobadill;"110000;25000";TiNetz;Tobadill;7093,5291
MULTILINESTRING ((167096.909546651 5261159.50351642,179805.436860635 5268787.09566301));Forchach;6670;Nr. 41;47,41883044;10,5861964;26703085;Umspannwerk Breitenwang (i.b.);110000;;Breitenwang;14821,8362
MULTILINESTRING ((242192.090280871 5244914.76432418,242605.757109609 5244004.2778602));Fritzens;6122;Bergstra�e 2;47,3069157;11,5891916;312113570;Kraftwerk Haim;;;Wattens;1000,052922
MULTILINESTRING ((262011.513635919 5248557.56610097,262886.15072973 5249563.93402539));F�gen;6263;Hauptstra�e 58;47,347145;11,8490314;89425769;Umspannwerk Fügen;110000;TIWAG;Fügen;1333,329084
MULTILINESTRING ((261625.790291387 5247556.54057684,262886.15072973 5249563.93402539));F�genberg;6264;Pankrazbergstra�e 1;47,3380108;11,84446889;89425769;Umspannwerk Fügen;110000;TIWAG;Fügen;2370,260933
MULTILINESTRING ((223138.207194051 5228670.44442384,226958.550058888 5237742.9321219));Fulpmes;6166;Bahnstra�e 9;47,1532678;11,3476664;145583866;Umspannwerk Vill;110000;TIWAG;Innsbruck;9844,0364
MULTILINESTRING ((330002.900143801 5190120.03905778,332640.43648021 5188061.46138136));Gaimberg;9905;Dorfstra�e 32;46,8429022;12,7704396;162826525;Umspannwerk Lienz;"220000;110000";Austrian Power Grid AG;Lienz;3345,794371
MULTILINESTRING ((255255.755746687 5250796.73745868,255248.660516804 5253525.58211617));Gallzein;6222;58a;47,36476897;11,7584972;30880774;Achenseekraftwerk (i.b.);;;Jenbach;2728,853882
MULTILINESTRING ((133947.896891749 5212913.25340533,144636.086167374 5231942.64989408));Galt�r;6563;Galt�r 39;46,96849622;10,18758651;100619811;Umspannwerk Sankt Jakob;110000;;St. Anton am Arlberg;21825,56576
MULTILINESTRING ((275291.172608951 5234208.66788548,265176.262490773 5235805.82192859));Gerlos;6281;Gerlos 141;47,2228995;12,03183171;156973414;Umspannwerk Zell am Ziller;"380000;220000;110000";Austrian Power Grid AG;Rohrberg;10240,22987
MULTILINESTRING ((265872.512308293 5234969.91335548,265176.262490773 5235805.82192859));Gerlosberg;6280;Nr. 42;47,226451;11,9072052;156973414;Umspannwerk Zell am Ziller;"380000;220000;110000";Austrian Power Grid AG;Rohrberg;1087,891057
MULTILINESTRING ((239735.3644907 5246549.71345842,242605.757109609 5244004.2778602));Gnadenwald;6069;Hnr. 51;47,32062955;11,5557939;312113570;Kraftwerk Haim;;;Wattens;3836,4562
MULTILINESTRING ((298891.431446076 5265755.01082713,294381.970894887 5267146.88355091));Going_am_Wilden_Kaiser;6353;Kirchplatz 1a;47,5141008;12,3289127;94552553;Umspannwerk Ellmau;110000;;Ellmau;4719,379635
MULTILINESTRING ((220791.029666558 5238069.85066117,221048.547501661 5240510.86658091));G�tzens;6091;Burgstra�e 3;47,2366821;11,3109151;106098365;Umspannwerk Völs;110000;TIWAG;Völs;2454,561907
MULTILINESTRING ((162249.980725273 5244779.70155092,163683.984437627 5230595.80189101));Gramais;6650;Nr. 16;47,26940135;10,53456705;102601926;Umspannwerk Landeck;110000;TIWAG;Landeck;14256,20483
MULTILINESTRING ((165181.397786248 5270166.13991414,179805.436860635 5268787.09566301));Gr�n;6673;Dorfstra�e 1;47,4986492;10,5540581;26703085;Umspannwerk Breitenwang (i.b.);110000;;Breitenwang;14688,91697
MULTILINESTRING ((232506.427271202 5215403.59979751,232355.655329337 5220437.2334971));Gries_am_Brenner;6156;Gries 73;47,0379818;11,4788802;42352281;Umspannwerk Steinach;110000;TIWAG-Netz AG;Steinach am Brenner;5035,891222
MULTILINESTRING ((208827.744887003 5234003.66328148,213733.375500649 5243144.303752));Gries_im_Sellrain;6182;Gries 17;47,1949818;11,1558499;147563007;Umspannwerk Zirl;110000;TIWAG;Zirl;10373,83824
MULTILINESTRING ((159984.768811831 5230622.26416254,158562.1639262 5228221.11320397));Grins;6591;Grins Nr. 57;47,1412284;10,515451;580543598;UW Tobadill;"110000;25000";TiNetz;Tobadill;2790,937224
MULTILINESTRING ((216571.802156679 5237622.33914159,221048.547501661 5240510.86658091));Grinzens;6095;Kirchgasse 7;47,2308569;11,2555728;106098365;Umspannwerk Völs;110000;TIWAG;Völs;5327,742454
MULTILINESTRING ((222772.357700526 5216557.79102421,232355.655329337 5220437.2334971));Gschnitz;6150;Hnr. 101;47,04433875;11,3503008;42352281;Umspannwerk Steinach;110000;TIWAG-Netz AG;Steinach am Brenner;10338,74593
MULTILINESTRING ((188501.56720428 5241831.19543601,187768.034554493 5240588.40410562));Haiming;6433;Siedlungsstra�e 2;47,25592675;10,88273855;95812161;APG Umspannwerk Westtirol;"380000;220000;110000";Austrian Power Grid AG;Haiming;1443,121769
MULTILINESTRING ((265499.453945358 5234099.52597523,265176.262490773 5235805.82192859));Hainzenberg;6278;D�rfl 360;47,2184973;11,9027405;156973414;Umspannwerk Zell am Ziller;"380000;220000;110000";Austrian Power Grid AG;Rohrberg;1736,634273
MULTILINESTRING ((235823.822875664 5242417.88961419,235156.117778468 5241651.09149436));Hall_in_Tirol;6060;Oberer Stadtplatz 1�2;47,2819533;11,5065773;121265317;Umspannwerk Hall;110000;TIWAG-Netz AG;Hall in Tirol;1016,764207
MULTILINESTRING ((263847.549090171 5248834.61991784,262886.15072973 5249563.93402539));Hart_im_Zillertal;6265;Kirchplatz 1;47,3502996;11,873156;89425769;Umspannwerk Fügen;110000;TIWAG;Fügen;1206,725269
MULTILINESTRING ((159863.718625135 5249800.21173148,163683.984437627 5230595.80189101));H�selgehr;6651;H�selgehr 160;47,31320572;10,49929047;102601926;Umspannwerk Landeck;110000;TIWAG;Landeck;19580,69938
MULTILINESTRING ((210228.16641859 5243204.98634797,213733.375500649 5243144.303752));Hatting;6402;Bahnstr. 2;47,2782122;11,1683367;147563007;Umspannwerk Zirl;110000;TIWAG;Zirl;3505,734315
MULTILINESTRING ((304625.516342323 5180486.62327354,316637.319342671 5199486.82927833));Heinfels;9919;Panzendorf 126;46,7493332;12,4420355;85699549;UW Kienburg;110000;;Matrei in Osttirol;22478,68412
MULTILINESTRING ((179393.468439181 5263270.0426016,179805.436860635 5268787.09566301));Heiterwang;6611;Oberdorf 13;47,4439239;10,7472317;26703085;Umspannwerk Breitenwang (i.b.);110000;;Breitenwang;5532,412897
MULTILINESTRING ((156734.598889679 5255002.30927559,163683.984437627 5230595.80189101));Hinterhornbach;6646;Hinterhornbach 18;47,35823652;10,45400744;102601926;Umspannwerk Landeck;110000;TIWAG;Landeck;25376,59477
MULTILINESTRING ((262608.74856647 5232537.54218653,265176.262490773 5235805.82192859));Hippach;6283;Johann-Sponring-Stra�e 80;47,2034251;11,8654465;156973414;Umspannwerk Zell am Ziller;"380000;220000;110000";Austrian Power Grid AG;Rohrberg;4156,173748
MULTILINESTRING ((320529.854408538 5260128.57011988,321484.487608143 5260171.60353426));Hochfilzen;6395;Dorf 35;47,4698502;12,6183282;94790504;Umspannwerk Hochfilzen;110000;;Hochfilzen;955,6026478
MULTILINESTRING ((175339.86124338 5266734.9668453,179805.436860635 5268787.09566301));H�fen;6604;Hauptstra�e 24;47,4730083;10,6910729;26703085;Umspannwerk Breitenwang (i.b.);110000;;Breitenwang;4914,529304
MULTILINESTRING ((147737.58378332 5244494.381332,144636.086167374 5231942.64989408));Holzgau;6654;Hausnummer 45;47,2592149;10,34355925;100619811;Umspannwerk Sankt Jakob;110000;;St. Anton am Arlberg;12929,2401
MULTILINESTRING ((285804.173058595 5259030.11812893,284936.271525542 5259923.81115707));Hopfgarten_im_Brixental;6361;Marktplatz 8;47,4494865;12,1585671;94452460;Umspannwerk Hopfgarten;110000;;Hopfgarten im Brixental;1245,768959
MULTILINESTRING ((311149.779397429 5199423.54817274,316637.319342671 5199486.82927833));Hopfgarten_in_Defereggen;9961;Dorf 46;46,9214644;12,5195458;85699549;UW Kienburg;110000;;Matrei in Osttirol;5487,904805
MULTILINESTRING ((177426.050748115 5240553.60753916,175917.97334348 5237591.53121288));Imst;6460;Rathausstra�e 9;47,23911465;10,73767724;100872499;110kV Freischaltanlage;110000;;Imsterberg;3323,882312
MULTILINESTRING ((174158.183932474 5237117.85098261,175917.97334348 5237591.53121288));Imsterberg;6492;Ried 4;47,20667295;10,69712176;100872499;110kV Freischaltanlage;110000;;Imsterberg;1822,424685
MULTILINESTRING ((298142.634984844 5189387.08469282,316637.319342671 5199486.82927833));Innervillgraten;9932;Nr. 78;46,82741605;12,35332675;85699549;UW Kienburg;110000;;Matrei in Osttirol;21072,68825
MULTILINESTRING ((227104.918165512 5241006.79407056,227124.154691333 5239512.50040655));Innsbruck;6080;Maria-Theresien-Stra�e 18;47,265711;11,3923735;32674497;Umspannwerk Wilten;110000;TIWAG;Innsbruck;1494,417478
MULTILINESTRING ((212295.595384161 5242589.81797888,213733.375500649 5243144.303752));Inzing;6401;Kohlstatt 2;47,273599;11,1960087;147563007;Umspannwerk Zirl;110000;TIWAG;Zirl;1540,995177
MULTILINESTRING ((142130.139686408 5217393.51749444,144636.086167374 5231942.64989408));Ischgl;6561;Eggerweg 4;47,0131423;10,2912454;100619811;Umspannwerk Sankt Jakob;110000;;St. Anton am Arlberg;14763,36755
MULTILINESTRING ((335928.074335535 5189413.92917453,333701.680962457 5188461.61650299));Iselsberg-Stronach;9992;Iselsberg-Stronach 30;46,83803928;12,84834654;162834614;Tiwag Netz AG Umspannwerk Debant;;Tiwag Netz AG;Nußdorf-Debant;2421,513344
MULTILINESTRING ((284732.329186937 5261383.13358519,284936.271525542 5259923.81115707));Itter;6305;Dorfplatz 1;47,4702796;12,1432204;94452460;Umspannwerk Hopfgarten;110000;;Hopfgarten im Brixental;1473,504132
MULTILINESTRING ((256386.704797952 5253726.77797332,255248.660516804 5253525.58211617));Jenbach;6200;S�dtiroler Platz 2;47,39151445;11,77184354;30880774;Achenseekraftwerk (i.b.);;;Jenbach;1155,692242
MULTILINESTRING ((178061.017799338 5230217.60661358,175917.97334348 5237591.53121288));Jerzens;6474;Jerzens 220;47,1466742;10,75346258;100872499;110kV Freischaltanlage;110000;;Imsterberg;7679,023606
MULTILINESTRING ((305174.756393957 5250660.122172,303252.223421196 5259181.14481888));Jochberg;6373;Dorf 22;47,3803272;12,41892865;99841738;Umspannwerk Kitzbühel;;;Kitzbühel;8735,213791
MULTILINESTRING ((157567.851791298 5278814.66048305,179805.436860635 5268787.09566301));Jungholz;6691;Jungholz 55;47,5722629;10,4465602;26703085;Umspannwerk Breitenwang (i.b.);110000;;Breitenwang;24393,89772
MULTILINESTRING ((144139.780861895 5239776.1496474,144636.086167374 5231942.64989408));Kaisers;6655;Nr. 13;47,2149615;10,2999163;100619811;Umspannwerk Sankt Jakob;110000;;St. Anton am Arlberg;7849,20616
MULTILINESTRING ((320923.788623585 5207984.06584342,313503.984418098 5205720.08281869));Kals_am_Gro�glockner;9981;K�dnitz 6;47,0011425;12,644431;236771754;UW Matrei;;;Matrei in Osttirol;7757,519809
MULTILINESTRING ((263589.195240102 5242424.09192253,265176.262490773 5235805.82192859));Kaltenbach;6272;Schmiedau 17;47,2926088;11,8731441;156973414;Umspannwerk Zell am Ziller;"380000;220000;110000";Austrian Power Grid AG;Rohrberg;6805,900394
MULTILINESTRING ((149483.958895863 5222691.37718105,144636.086167374 5231942.64989408));Kappl;6555;Kappl 112;47,06459477;10,38357461;100619811;Umspannwerk Sankt Jakob;110000;;St. Anton am Arlberg;10444,51611
MULTILINESTRING ((180161.05387291 5238239.42689032,175917.97334348 5237591.53121288));Karres;6462;Nr. 91;47,2196847;10,7753683;100872499;110kV Freischaltanlage;110000;;Imsterberg;4292,260615
MULTILINESTRING ((179516.156485118 5238917.37396488,175917.97334348 5237591.53121288));Karr�sten;6463;Dorf 2;47,2254544;10,76638875;100872499;110kV Freischaltanlage;110000;;Imsterberg;3834,681333
MULTILINESTRING ((308856.145038416 5177743.69370242,328282.063498463 5185568.76501211));Kartitsch;9941;Nr. 80;46,7258969;12,4985124;163096581;Kraftwerk Amlach (i.b.);;;Leisach;20942,73261
MULTILINESTRING ((174078.981760395 5223300.67866693,170910.688142686 5222000.04289397));Kaunerberg;6527;Poschackerl 46;47,0826497;10,706093;100602290;Umspannwerk Prutz;"220000;110000";;Prutz;3424,870488
MULTILINESTRING ((174735.17974897 5213812.87429406,170910.688142686 5222000.04289397));Kaunertal;6524;Feichten im Kaunertal 141;46,9978339;10,72153765;100602290;Umspannwerk Prutz;"220000;110000";;Prutz;9036,396723
MULTILINESTRING ((173033.645424966 5222823.76940274,170910.688142686 5222000.04289397));Kauns;6526;Dorfstra�e 23;47,0778537;10,6927064;100602290;Umspannwerk Prutz;"220000;110000";;Prutz;2277,163363
MULTILINESTRING ((217957.412352001 5240180.74038011,221048.547501661 5240510.86658091));Kematen_in_Tirol;6175;Dorfplatz 1;47,2544259;11,2722251;106098365;Umspannwerk Völs;110000;TIWAG;Völs;3108,713532
MULTILINESTRING ((297621.465145256 5258459.86219121,294666.79344923 5259683.10379237));Kirchberg_in_Tirol;6365;Hauptstra�e 8;47,4481373;12,3154091;156990742;Umspannwerk Brixen;110000;TIWAG-Netz AG;Brixen in Tirol;3197,875052
MULTILINESTRING ((280625.307619077 5266097.73797782,280722.575313024 5266536.61016587));Kirchbichl;6322;Oberndorferstra�e 1;47,5112765;12,0864444;105080874;Kraftwerk Kirchbichl (i.b.);110000;;Kirchbichl;449,5217478
MULTILINESTRING ((307976.714610504 5270391.2918942,305662.479878842 5265742.71562897));Kirchdorf_in_Tirol;6382;Dorfplatz 4;47,5585224;12,4474325;94505943;Umspannwerk St. Johann;110000;;St. Johann in Tirol;5192,778032
MULTILINESTRING ((303249.28004809 5258054.66194474,303252.223421196 5259181.14481888));Kitzb�hel;6370;Hinterstadt 20;47,4462181;12,3901626;99841738;Umspannwerk Kitzbühel;;;Kitzbühel;1126,486719
MULTILINESTRING ((245530.250309458 5244097.73704357,242605.757109609 5244004.2778602));Kolsass;6114;Fiechterweg 2;47,3008816;11,6337432;312113570;Kraftwerk Haim;;;Wattens;2925,986175
MULTILINESTRING ((246452.023487091 5242996.98686556,242605.757109609 5244004.2778602));Kolsassberg;6115;Rettenbergstra�e 25;47,291351;11,6465413;312113570;Kraftwerk Haim;;;Wattens;3975,977892
MULTILINESTRING ((305270.503832836 5282917.31900309,294074.198805522 5280500.42022514));K�ssen;6345;Dorf 14;47,6703077;12,4059303;94232595;Umspannwerk Ebbs;110000;;Ebbs;11454,19774
MULTILINESTRING ((265032.043731073 5259690.85016402,263635.105022027 5258139.18811317));Kramsach;6233;Zentrum 1;47,4482675;11,8830627;485429676;Umspannwerk Kramsach;110000;TIWAG;Kramsach;2087,844074
MULTILINESTRING ((287070.698325508 5273819.92933074,285521.80619814 5273441.60001921));Kufstein;6330;Unterer Stadtplatz 22;47,5828171;12,1681992;94406313;Umspannwerk Kufstein;110000;;Langkampfen;1594,427763
MULTILINESTRING ((272760.040936405 5261697.14463067,272025.542766025 5261541.84139136));Kundl;6250;Dorfstra�e 11;47,4690349;11,9843973;94514064;Umspannwerk Kundl;110000;TIWAG-Netz AG;Kundl;750,7374098
MULTILINESTRING ((169716.199723822 5222731.37917836,170910.688142686 5222000.04289397));Ladis;6532;Dorfstra�e 8;47,0753746;10,6492001;100602290;Umspannwerk Prutz;"220000;110000";;Prutz;1400,591069
MULTILINESTRING ((163644.189980467 5230207.38383319,163683.984437627 5230595.80189101));Landeck;6500;Innstra�e 23;47,1393836;10,5638771;102601926;Umspannwerk Landeck;110000;TIWAG;Landeck;390,45126
MULTILINESTRING ((194063.145034904 5220858.36390211,196776.104703237 5210928.51721686));L�ngenfeld;6444;Oberl�ngenfeld 72;47,0702869;10,9703444;100409307;Umspannwerk Sölden;110000;TIWAG;Sölden;10293,78479
MULTILINESTRING ((281827.983576038 5270445.17456219,279889.491702928 5267354.07606647));Langkampfen;6336;Sonnweg 1;47,5507488;12,1002417;23899163;Umspannwerk Kirchbichl;"220000;110000";;Kirchbichl;3648,649154
MULTILINESTRING ((230612.530427765 5236776.65185352,226958.550058888 5237742.9321219));Lans;6072;Boutignyplatz 128;47,2291696;11,4411998;145583866;Umspannwerk Vill;110000;TIWAG;Innsbruck;3779,585968
MULTILINESTRING ((335478.840563556 5184956.72393185,333701.680962457 5188461.61650299));Lavant;9906;Lavant 61;46,79784625;12,8440629;162834614;Tiwag Netz AG Umspannwerk Debant;;Tiwag Netz AG;Nußdorf-Debant;3929,70332
MULTILINESTRING ((176595.636597403 5268498.31525601,179805.436860635 5268787.09566301));Lechaschau;6600;Dorfstra�e 10;47,4894548;10,7064001;26703085;Umspannwerk Breitenwang (i.b.);110000;;Breitenwang;3222,764629
MULTILINESTRING ((327943.804150813 5186152.59528801,328282.063498463 5185568.76501211));Leisach;9909;Leisach;46,80669768;12,74494833;163096581;Kraftwerk Amlach (i.b.);;;Leisach;674,7423044
MULTILINESTRING ((189288.93067343 5257991.1674099,189823.376323836 5255227.05679684));Lermoos;6631;Unterdorf 15;47,4013363;10,8818406;84622128;Umspannwerk Biberwier;;EWR;Biberwier;2815,304537
MULTILINESTRING ((208945.031465238 5253381.73262921,201891.028516555 5245237.25017945));Leutasch;6105;Kirchplatzl 128a;47,3690099;11,1447576;30884137;Umspannwerk Rietz;110000;;Rietz;10774,57897
MULTILINESTRING ((329848.567319613 5188598.17195421,332640.43648021 5188061.46138136));Lienz;9900;Hauptplatz 7;46,82917785;12,76898379;162826525;Umspannwerk Lienz;"220000;110000";Austrian Power Grid AG;Lienz;2842,989914
MULTILINESTRING ((278395.968026031 5267984.85816435,279889.491702928 5267354.07606647));Mariastein;6324;Mariastein 29;47,52747859;12,05592684;23899163;Umspannwerk Kirchbichl;"220000;110000";;Kirchbichl;1621,264639
MULTILINESTRING ((231009.110640522 5225899.79156277,232355.655329337 5220437.2334971));Matrei_am_Brenner;6143;Brennerstra�e 59;47,131645;11,452949;42352281;Umspannwerk Steinach;110000;TIWAG-Netz AG;Steinach am Brenner;5626,075295
MULTILINESTRING ((312847.85230922 5208214.37681305,313503.984418098 5205720.08281869));Matrei_in_Osttirol;9971;Rauterplatz 1;47,0009794;12,5382032;236771754;UW Matrei;;;Matrei in Osttirol;2579,149448
MULTILINESTRING ((262319.67152713 5228583.0175257,259912.025561335 5226911.21124978));Mayrhofen;6290;Hauptstra�e 409;47,1677894;11,8637309;99858973;Kraftwerk Bösdornau (i.b.);;;Finkenberg;2931,159382
MULTILINESTRING ((225798.927397347 5230393.04055538,226958.550058888 5237742.9321219));Mieders;6142;Dorfstra�e 19;47,16985055;11,38164266;145583866;Umspannwerk Vill;110000;TIWAG;Innsbruck;7440,808475
MULTILINESTRING ((196031.584902626 5247059.88636241,201891.028516555 5245237.25017945));Mieming;6414;Obermieming 175;47,3063901;10,97845182;30884137;Umspannwerk Rietz;110000;;Rietz;6136,373695
MULTILINESTRING ((237843.422246284 5242988.61119162,235156.117778468 5241651.09149436));Mils;6068;Unterdorf 4;47,2878899;11,5328984;121265317;Umspannwerk Hall;110000;TIWAG-Netz AG;Hall in Tirol;3001,760191
MULTILINESTRING ((172319.64606245 5237004.2585277,175917.97334348 5237591.53121288));Mils_bei_Imst;6493;Reitle 4;47,2047403;10,672997;100872499;110kV Freischaltanlage;110000;;Imsterberg;3645,935878
MULTILINESTRING ((194297.970565859 5244022.90927637,187768.034554493 5240588.40410562));M�tz;6423;Fl��erweg 9;47,2783242;10,95765554;95812161;APG Umspannwerk Westtirol;"380000;220000;110000";Austrian Power Grid AG;Haiming;7378,068181
MULTILINESTRING ((231021.913604862 5226535.59968859,232355.655329337 5220437.2334971));M�hlbachl;6143;Zieglstadl 32;47,1373606;11,4527373;42352281;Umspannwerk Steinach;110000;TIWAG-Netz AG;Steinach am Brenner;6242,510488
MULTILINESTRING ((261142.97175131 5256900.3425062,263635.105022027 5258139.18811317));M�nster;6232;Dorf 90;47,42178345;11,83305931;485429676;Umspannwerk Kramsach;110000;TIWAG;Kramsach;2783,067853
MULTILINESTRING ((174334.584166986 5273282.14720788,179805.436860635 5268787.09566301));Musau;6600;HNr. 85;47,53125005;10,6729363;26703085;Umspannwerk Breitenwang (i.b.);110000;;Breitenwang;7080,657991
MULTILINESTRING ((225666.487065232 5236757.61234845,226958.550058888 5237742.9321219));Mutters;6162;Schulgasse 4;47,2269521;11,3760037;145583866;Umspannwerk Vill;110000;TIWAG;Innsbruck;1624,894407
MULTILINESTRING ((172895.739171058 5254479.32094957,179805.436860635 5268787.09566301));Namlos;6623;Namlos 24;47,3618246;10,66777579;26703085;Umspannwerk Breitenwang (i.b.);110000;;Breitenwang;15888,87471
MULTILINESTRING ((185440.801486054 5248480.43712974,189823.376323836 5255227.05679684));Nassereith;6465;Karl-Mayr-Stra�e 116a;47,31414155;10,83770501;84622128;Umspannwerk Biberwier;;EWR;Biberwier;8045,112749
MULTILINESTRING ((225694.908138405 5237571.01702833,226958.550058888 5237742.9321219));Natters;6161;Innsbrucker Stra�e 4;47,23426865;11,3758798;145583866;Umspannwerk Vill;110000;TIWAG;Innsbruck;1275,282597
MULTILINESTRING ((157408.849486408 5202809.13516009,170910.688142686 5222000.04289397));Nauders;6542;Nauders 221;46,89038709;10,50262483;100602290;Umspannwerk Prutz;"220000;110000";;Prutz;23464,66677
MULTILINESTRING ((237658.23461044 5225476.14997209,232355.655329337 5220437.2334971));Navis;6145;Unterweg 39;47,1305195;11,5407088;42352281;Umspannwerk Steinach;110000;TIWAG-Netz AG;Steinach am Brenner;7314,918063
MULTILINESTRING ((169181.302663938 5268165.21993714,179805.436860635 5268787.09566301));Nesselw�ngle;6672;Nesselw�ngle 74;47,48274265;10,60850944;26703085;Umspannwerk Breitenwang (i.b.);110000;;Breitenwang;10642,31915
MULTILINESTRING ((219861.63891556 5224097.72781792,232355.655329337 5220437.2334971));Neustift_im_Stubaital;6167;Dorf 1;47,1108204;11,3073811;42352281;Umspannwerk Steinach;110000;TIWAG-Netz AG;Steinach am Brenner;13019,20369
MULTILINESTRING ((291562.282461755 5281367.86147801,289761.240262469 5280198.07788483));Niederndorf;6342;Dorf 34;47,65211064;12,2242703;83500268;Umspannwerk Wasserkraftwerk Oberaudorf-Ebbs (i.b.);;;Niederndorf;2147,590896
MULTILINESTRING ((292859.461958863 5282401.07834668,294074.198805522 5280500.42022514));Niederndorferberg;6346;Eiberg 14;47,6618129;12,2410344;94232595;Umspannwerk Ebbs;110000;;Ebbs;2255,678812
MULTILINESTRING ((340305.363514457 5183479.67091861,333701.680962457 5188461.61650299));Nikolsdorf;9782;Nikolsdorf 17;46,78573662;12,90778248;162834614;Tiwag Netz AG Umspannwerk Debant;;Tiwag Netz AG;Nußdorf-Debant;8272,146339
MULTILINESTRING ((333318.233917878 5188692.99422257,333701.680962457 5188461.61650299));Nu�dorf-Debant;9990;Hermann Gmeiner Stra�e 4;46,830908;12,8144091;162834614;Tiwag Netz AG Umspannwerk Debant;;Tiwag Netz AG;Nußdorf-Debant;447,8473904
MULTILINESTRING ((204341.151862299 5242982.35088971,201891.028516555 5245237.25017945));Oberhofen_im_Inntal;6406;HNr. 202;47,2735866;11,0908242;30884137;Umspannwerk Rietz;110000;;Rietz;3329,816093
MULTILINESTRING ((326709.604901154 5190635.51035704,328282.063498463 5185568.76501211));Oberlienz;9903;Oberlienz 30;46,84668809;12,72708592;163096581;Kraftwerk Amlach (i.b.);;;Leisach;5305,142263
MULTILINESTRING ((227705.818855789 5213158.93413657,232355.655329337 5220437.2334971));Obernberg_am_Brenner;6157;Innertal 39a;47,0158633;11,4171644;42352281;Umspannwerk Steinach;110000;TIWAG-Netz AG;Steinach am Brenner;8636,817748
MULTILINESTRING ((303067.726248346 5264030.37063355,305662.479878842 5265742.71562897));Oberndorf_in_Tirol;6372;Josef-Hager Stra�e 15;47,4998768;12,3850919;94505943;Umspannwerk St. Johann;110000;;St. Johann in Tirol;3108,837691
MULTILINESTRING ((216028.174463744 5239147.50095625,213733.375500649 5243144.303752));Oberperfuss;6173;Peter-Anich Weg 1;47,2443167;11,2474385;147563007;Umspannwerk Zirl;110000;TIWAG;Zirl;4608,745477
MULTILINESTRING ((317715.33708098 5175621.37591828,328282.063498463 5185568.76501211));Obertilliach;9942;Dorf 4;46,7092892;12,61518838;163096581;Kraftwerk Amlach (i.b.);;;Leisach;14512,27952
MULTILINESTRING ((191719.451819819 5246554.18367148,187768.034554493 5240588.40410562));Obsteig;6416;Oberstrass 218;47,299837;10,92189877;95812161;APG Umspannwerk Westtirol;"380000;220000;110000";Austrian Power Grid AG;Haiming;7155,712699
MULTILINESTRING ((189277.197985072 5235882.77009263,187768.034554493 5240588.40410562));Oetz;6433;Hauptstra�e 51;47,2029055;10,8970927;95812161;APG Umspannwerk Westtirol;"380000;220000;110000";Austrian Power Grid AG;Haiming;4941,71688
MULTILINESTRING ((228528.669834437 5234126.51796268,226958.550058888 5237742.9321219));Patsch;6082;Dorfstra�e 22;47,2045116;11,4153321;145583866;Umspannwerk Vill;110000;TIWAG;Innsbruck;3942,553421
MULTILINESTRING ((209652.494162798 5244806.43698943,213733.375500649 5243144.303752));Pettnau;6408;Tiroler Stra�e 114;47,2923356;11,1597001;147563007;Umspannwerk Zirl;110000;TIWAG;Zirl;4406,390744
MULTILINESTRING ((147527.779524221 5232123.28193019,144636.086167374 5231942.64989408));Pettneu_am_Arlberg;6574;Hnr. 152;47,1481493;10,35052115;100619811;Umspannwerk Sankt Jakob;110000;;St. Anton am Arlberg;2897,329529
MULTILINESTRING ((203769.882814356 5245816.60122043,201891.028516555 5245237.25017945));Pfaffenhofen;6405;Lehngasse 1;47,2987727;11,0814075;30884137;Umspannwerk Rietz;110000;;Rietz;1966,148799
MULTILINESTRING ((166222.296560868 5249105.37034498,175917.97334348 5237591.53121288));Pfafflar;6647;Bschlabs 30;47,3102417;10,58368874;100872499;110kV Freischaltanlage;110000;;Imsterberg;15052,39648
MULTILINESTRING ((177557.233530946 5270382.86943619,179805.436860635 5268787.09566301));Pflach;6600;Kohlplatz 7;47,5068414;10,7177525;26703085;Umspannwerk Breitenwang (i.b.);110000;;Breitenwang;2756,975181
MULTILINESTRING ((231639.02297181 5226799.95250808,232355.655329337 5220437.2334971));Pfons;6143;Waldfrieden 23;47,1399864;11,460702;42352281;Umspannwerk Steinach;110000;TIWAG-Netz AG;Steinach am Brenner;6402,948942
MULTILINESTRING ((160538.271677866 5211464.81421236,170910.688142686 5222000.04289397));Pfunds;6542;Stuben 45;46,9696471;10,5371198;100602290;Umspannwerk Prutz;"220000;110000";;Prutz;14784,38591
MULTILINESTRING ((159539.150433969 5229431.80675966,158562.1639262 5228221.11320397));Pians;6551;Hnr. 47;47,13031895;10,5104929;580543598;UW Tobadill;"110000;25000";TiNetz;Tobadill;1555,725401
MULTILINESTRING ((249317.878186679 5246175.50109002,250833.806394604 5249605.00223491));Pill;6136;Dorf 9;47,3210064;11,6825919;151010933;Umspannwerk Schwaz;110000;;Vomp;3749,60217
MULTILINESTRING ((174651.328973719 5274627.82644974,179805.436860635 5268787.09566301));Pinswang;6600;Unterpinswang 1 b;47,5434824;10,6761381;26703085;Umspannwerk Breitenwang (i.b.);110000;;Breitenwang;7789,670355
MULTILINESTRING ((208872.029090216 5243712.36985897,213733.375500649 5243144.303752));Polling_in_Tirol;6404;Polling 107;47,282167;11,150115;147563007;Umspannwerk Zirl;110000;TIWAG;Zirl;4894,424177
MULTILINESTRING ((300458.056917485 5210350.27653322,311322.094171908 5212131.76462445));Pr�graten_am_Gro�venediger;9974;Sankt Andr� 35;47,0165615;12,3744564;85699520;UW Gruben;110000;TIWAG;Matrei in Osttirol;11009,13281
MULTILINESTRING ((170838.117660545 5222812.80468412,170910.688142686 5222000.04289397));Prutz;6522;Obergasse 1;47,0766651;10,6638762;100602290;Umspannwerk Prutz;"220000;110000";;Prutz;815,995222
MULTILINESTRING ((267105.016006232 5259393.90255624,263635.105022027 5258139.18811317));Radfeld;6241;Dorfstra�e 57;47,4463433;11,9106765;485429676;Umspannwerk Kramsach;110000;TIWAG;Kramsach;3689,795465
MULTILINESTRING ((263046.392156102 5232965.75945461,265176.262490773 5235805.82192859));Ramsau_im_Zillertal;6284;Ramsau 35;47,2074305;11,8709899;156973414;Umspannwerk Zell am Ziller;"380000;220000;110000";Austrian Power Grid AG;Rohrberg;3549,972183
MULTILINESTRING ((213420.258531705 5240750.38195594,213733.375500649 5243144.303752));Ranggen;6179;Oberdorf 14;47,2575756;11,2120255;147563007;Umspannwerk Zirl;110000;TIWAG;Zirl;2414,312283
MULTILINESTRING ((265809.518428228 5258660.27259103,263635.105022027 5258139.18811317));Rattenberg;6240;Pfarrgasse 92�93;47,4392877;11,8939062;485429676;Umspannwerk Kramsach;110000;TIWAG;Kramsach;2235,979135
MULTILINESTRING ((299825.108443509 5261493.63840315,303252.223421196 5259181.14481888));Reith_bei_Kitzb�hel;6365;Dorf 5 ;47,4760864;12,3432339;99841738;Umspannwerk Kitzbühel;;;Kitzbühel;4134,337147
MULTILINESTRING ((212945.347394151 5245435.65700118,213733.375500649 5243144.303752));Reith_bei_Seefeld;6103;Lauserweg 15;47,2994351;11,2027494;147563007;Umspannwerk Zirl;110000;TIWAG;Zirl;2423,074082
MULTILINESTRING ((264569.635666251 5256215.25825195,263635.105022027 5258139.18811317));Reith_im_Alpbachtal;6235;Dorf 1;47,4168735;11,8787868;485429676;Umspannwerk Kramsach;110000;TIWAG;Kramsach;2138,890749
MULTILINESTRING ((295006.774889546 5280728.21686651,294074.198805522 5280500.42022514));Rettensch�ss;6347;Rettensch�ss 66;47,64746194;12,27038565;94232595;Umspannwerk Ebbs;110000;;Ebbs;959,9945116
MULTILINESTRING ((177504.379458635 5268425.05615691,179805.436860635 5268787.09566301));Reutte;6600;Obermarkt 1;47,4892481;10,7184836;26703085;Umspannwerk Breitenwang (i.b.);110000;;Breitenwang;2329,364242
MULTILINESTRING ((169808.392757677 5220359.00089597,170910.688142686 5222000.04289397));Ried_im_Oberinntal;6531;Ried i.O. 98;47,054134;10,6521454;100602290;Umspannwerk Prutz;"220000;110000";;Prutz;1976,884912
MULTILINESTRING ((262965.514273745 5243405.93181608,262886.15072973 5249563.93402539));Ried_im_Zillertal;6273;Gro�riedstra�e 4;47,3012052;11,86438575;89425769;Umspannwerk Fügen;110000;TIWAG;Fügen;6158,513602
MULTILINESTRING ((199863.06494703 5244624.07041342,201891.028516555 5245237.25017945));Rietz;6421;Kluibenschedlstra�e 7;47,2862906;11,0306563;30884137;Umspannwerk Rietz;110000;;Rietz;2118,637691
MULTILINESTRING ((235371.174302827 5238890.88243114,235156.117778468 5241651.09149436));Rinn;6074;Dorfstra�e 6;47,2500928;11,5026927;121265317;Umspannwerk Hall;110000;TIWAG-Netz AG;Hall in Tirol;2768,574251
MULTILINESTRING ((265227.153109927 5236172.60302871,265176.262490773 5235805.82192859));Rohrberg;6280;Rohr 22;47,2370271;11,8980618;156973414;Umspannwerk Zell am Ziller;"380000;220000;110000";Austrian Power Grid AG;Rohrberg;370,2947887
MULTILINESTRING ((183521.539786275 5237887.00757563,187365.77660181 5240450.69450492));Roppen;6426;Mairhof 78;47,2181484;10,8198828;100404264;Tiwag Umspannwerk Ötztal;110000;TIWAG;Haiming;4620,676072
MULTILINESTRING ((232209.745577365 5243175.66960083,233115.408958851 5241525.43395103));Rum;6063;Rathausplatz 1;47,2872932;11,4584237;24768685;Umspannwerk Thaur;"220000;110000";TIWAG-Netz AG;Thaur;1882,419682
MULTILINESTRING ((140995.974049223 5230346.77689532,144636.086167374 5231942.64989408));Sankt_Anton_am_Arlberg;6580;Dorfstra�e 46;47,128693;10,2660762;100619811;Umspannwerk Sankt Jakob;110000;;St. Anton am Arlberg;3974,572538
MULTILINESTRING ((296812.90835927 5199268.61497064,313503.984418098 5205720.08281869));Sankt_Jakob_in_Defereggen;9963;Unterrotte 75;46,9158389;12,3315089;236771754;UW Matrei;;;Matrei in Osttirol;17894,50914
MULTILINESTRING ((316110.246506395 5263620.87349154,321484.487608143 5260171.60353426));Sankt_Jakob_in_Haus;6392;Dorf 2;47,5000126;12,5582763;94790504;Umspannwerk Hochfilzen;110000;;Hochfilzen;6385,916587
MULTILINESTRING ((319288.276195267 5197081.39775275,317362.636820122 5199395.64236732));Sankt_Johann_im_Walde;9952;St. Johann im Walde 48;46,9026711;12,6272751;85703086;KW Kalserbach;110000;TIWAG;Kals am Großglockner;3010,617069
MULTILINESTRING ((306558.103311161 5266351.10288237,305662.479878842 5265742.71562897));Sankt_Johann_in_Tirol;6380;Bahnhofstra�e 5;47,5217847;12,4303707;94505943;Umspannwerk St. Johann;110000;;St. Johann in Tirol;1082,71713
MULTILINESTRING ((184648.914357393 5220875.83446185,170910.688142686 5222000.04289397));Sankt_Leonhard_im_Pitztal;6481;Nr. 115;47,0660182;10,8466613;100602290;Umspannwerk Prutz;"220000;110000";;Prutz;13784,14684
MULTILINESTRING ((204530.314964928 5235213.14337792,201891.028516555 5245237.25017945));Sankt_Sigmund_im_Sellrain;6184;St. Sigmund 25;47,20392395;11,0984507;30884137;Umspannwerk Rietz;110000;;Rietz;10365,73925
MULTILINESTRING ((317339.385930944 5266751.7027306,321484.487608143 5260171.60353426));Sankt_Ulrich_am_Pillersee;6393;Dorfstra�e 15;47,5285046;12,5732839;94790504;Umspannwerk Hochfilzen;110000;;Hochfilzen;7776,861407
MULTILINESTRING ((303816.303784019 5199984.92412295,313503.984418098 5205720.08281869));Sankt_Veit_in_Defereggen;9962;Gsaritzen 28;46,9243845;12,4230799;236771754;UW Matrei;;;Matrei in Osttirol;11258,02831
MULTILINESTRING ((186705.44721417 5236560.17995602,187365.77660181 5240450.69450492));Sautens;6432;Dorfstra�e 55;47,2077653;10,86275126;100404264;Tiwag Umspannwerk Ötztal;110000;TIWAG;Haiming;3946,154882
MULTILINESTRING ((218150.280680205 5255296.4594722,213733.375500649 5243144.303752));Scharnitz;6108;Adolf-Klinge-Platz 72;47,3902353;11,2652018;147563007;Umspannwerk Zirl;110000;TIWAG;Zirl;12929,96288
MULTILINESTRING ((158679.131045703 5272232.20463251,179805.436860635 5268787.09566301));Schattwald;6677;Nr. 41;47,51380536;10,4663935;26703085;Umspannwerk Breitenwang (i.b.);110000;;Breitenwang;21405,36319
MULTILINESTRING ((292952.582873723 5267578.00827092,294381.970894887 5267146.88355091));Scheffau_am_Wilden_Kaiser;6351;Dorf 45;47,5286216;12,2492693;94552553;Umspannwerk Ellmau;110000;;Ellmau;1492,989832
MULTILINESTRING ((321283.979998713 5194264.65471845,317362.636820122 5199395.64236732));Schlaiten;9954;Mesnerdorf 71;46,8778846;12,6545608;85703086;KW Kalserbach;110000;TIWAG;Kals am Großglockner;6457,860836
MULTILINESTRING ((261446.454887956 5251960.78037141,261436.853541757 5253621.10203438));Schlitters;6262;Schlitters 52a;47,37751537;11,83973439;84789829;Schaltwerk Strass;220000;;Schlitters;1660,349424
MULTILINESTRING ((237013.124976013 5218390.51361288,232355.655329337 5220437.2334971));Schmirn;6154;Schmirn 58b;47,06661838;11,53635294;42352281;Umspannwerk Steinach;110000;TIWAG-Netz AG;Steinach am Brenner;5087,345653
MULTILINESTRING ((227678.726026865 5232158.36130191,226958.550058888 5237742.9321219));Sch�nberg_im_Stubaital;6141;R�merstra�e 1;47,1864847;11,405327;145583866;Umspannwerk Vill;110000;TIWAG;Innsbruck;5630,815631
MULTILINESTRING ((171073.831659247 5236275.84028592,175917.97334348 5237591.53121288));Sch�nwies;6491;Dorf 20;47,1975827;10,6571289;100872499;110kV Freischaltanlage;110000;;Imsterberg;5019,636568
MULTILINESTRING ((251389.093946772 5248762.74474678,250833.806394604 5249605.00223491));Schwaz;6130;Franz-Josef-Stra�e 2;47,3450382;11,7085093;151010933;Umspannwerk Schwaz;110000;;Vomp;1008,831969
MULTILINESTRING ((262600.496708987 5232526.61051483,265176.262490773 5235805.82192859));Schwendau;6292;Johann-Sponring-Stra�e 80;47,2033239;11,8653435;156973414;Umspannwerk Zell am Ziller;"380000;220000;110000";Austrian Power Grid AG;Rohrberg;4169,867727
MULTILINESTRING ((304169.053308921 5278407.03145482,294074.198805522 5280500.42022514));Schwendt;6385;Nr. 2;47,62943485;12,3932925;94232595;Umspannwerk Ebbs;110000;;Ebbs;10309,62482
MULTILINESTRING ((284833.923607685 5269540.39214482,285521.80619814 5273441.60001921));Schwoich;6334;Dorf 1;47,5436205;12,1405851;94406313;Umspannwerk Kufstein;110000;;Langkampfen;3961,389319
MULTILINESTRING ((155734.491293184 5224422.94581556,158562.1639262 5228221.11320397));See;6553;Au 220;47,0834127;10,4643093;580543598;UW Tobadill;"110000;25000";TiNetz;Tobadill;4735,16716
MULTILINESTRING ((211905.017139114 5248800.35044472,213733.375500649 5243144.303752));Seefeld_in_Tirol;6100;Klosterstra�e 43;47,329188;11,1868431;147563007;Umspannwerk Zirl;110000;TIWAG;Zirl;5944,220596
MULTILINESTRING ((213577.08737655 5236075.32217235,213733.375500649 5243144.303752));Sellrain;6181;Rothenbrunn 40;47,2156679;11,2170868;147563007;Umspannwerk Zirl;110000;TIWAG;Zirl;7070,709056
MULTILINESTRING ((166326.472220744 5218863.82720165,170910.688142686 5222000.04289397));Serfaus;6534;G�nsackerweg 2;47,0389711;10,6075375;100602290;Umspannwerk Prutz;"220000;110000";;Prutz;5554,357252
MULTILINESTRING ((302897.634928312 5180321.31727546,316637.319342671 5199486.82927833));Sillian;9920;Sillian Nr. 86;46,7473394;12,4195073;85699549;UW Kienburg;110000;;Matrei in Osttirol;23581,68311
MULTILINESTRING ((191903.599451303 5242772.38726514,187768.034554493 5240588.40410562));Silz;6424;Widumgasse 1;47,2659799;10,926939;95812161;APG Umspannwerk Westtirol;"380000;220000;110000";Austrian Power Grid AG;Haiming;4676,82365
MULTILINESTRING ((231128.742077002 5237667.05041708,229885.650399564 5241520.3342854));Sistrans;6073;Unterdorf 15;47,2373778;11,4474708;30840698;Umspannwerk Innsbruck-Ost;110000;;Innsbruck;4048,836066
MULTILINESTRING ((196465.942499893 5209531.24247789,196776.104703237 5210928.51721686));S�lden;6450;Gemeindestra�e 1;46,9697133;11,0095093;100409307;Umspannwerk Sölden;110000;TIWAG;Sölden;1431,285188
MULTILINESTRING ((288461.436088741 5264898.42552185,284936.271525542 5259923.81115707));S�ll;6306;Dorf 84;47,5030939;12,1909618;94452460;Umspannwerk Hopfgarten;110000;;Hopfgarten im Brixental;6097,013472
MULTILINESTRING ((152541.35160974 5210819.82293721,158562.1639262 5228221.11320397));Spiss;6544;Spiss 20;46,95972025;10,43281634;580543598;UW Tobadill;"110000;25000";TiNetz;Tobadill;18413,44845
MULTILINESTRING ((196124.328903656 5243670.662148,201891.028516555 5245237.25017945));Stams;6422;Wengeweg 4;47,27601095;10,98198432;30884137;Umspannwerk Rietz;110000;;Rietz;5975,702677
MULTILINESTRING ((252175.816762464 5251395.20981878,250833.806394604 5249605.00223491));Stans;6135;Unterdorf 62;47,3689852;11,71743961;151010933;Umspannwerk Schwaz;110000;;Vomp;2237,372347
MULTILINESTRING ((162956.579459615 5231253.16718046,163683.984437627 5230595.80189101));Stanz_bei_Landeck;6500;H.Nr. 11;47,1484146;10,5540526;102601926;Umspannwerk Landeck;110000;TIWAG;Landeck;980,4321118
MULTILINESTRING ((165830.385843753 5256669.4995771,179805.436860635 5268787.09566301));Stanzach;6642;Nr. 6;47,37790258;10,57283788;26703085;Umspannwerk Breitenwang (i.b.);110000;;Breitenwang;18496,97775
MULTILINESTRING ((144063.258661709 5242699.31183517,144636.086167374 5231942.64989408));Steeg;6655;Steeg 30;47,24113522;10,29658542;100619811;Umspannwerk Sankt Jakob;110000;;St. Anton am Arlberg;10771,90361
MULTILINESTRING ((231911.280444613 5221260.0747907,232355.655329337 5220437.2334971));Steinach_am_Brenner;6150;Rathausplatz 1;47,0903411;11,467584;42352281;Umspannwerk Steinach;110000;TIWAG-Netz AG;Steinach am Brenner;935,1667406
MULTILINESTRING ((259134.66110556 5267334.33437306,263635.105022027 5258139.18811317));Steinberg_am_Rofan;6215;Steinberg 29;47,5147843;11,8007851;485429676;Umspannwerk Kramsach;110000;TIWAG;Kramsach;10237,41716
MULTILINESTRING ((260122.175218429 5254078.73761208,261436.853541757 5253621.10203438));Strass_im_Zillertal;6261;Oberdorf 68;47,396059;11,8210735;84789829;Schaltwerk Strass;220000;;Schlitters;1392,052232
MULTILINESTRING ((308216.897664477 5180431.4679832,328282.063498463 5185568.76501211));Strassen;9918;Dorfstra�e 15;46,7498783;12,4890326;163096581;Kraftwerk Amlach (i.b.);;;Leisach;20712,38037
MULTILINESTRING ((155919.114270567 5229034.78865183,158562.1639262 5228221.11320397));Strengen;6571;Dorf 12a;47,1248789;10,4632132;580543598;UW Tobadill;"110000;25000";TiNetz;Tobadill;2765,461845
MULTILINESTRING ((264545.998790293 5242401.91052985,265176.262490773 5235805.82192859));Stumm;6275;Dorfstra�e 29;47,2927539;11,8857916;156973414;Umspannwerk Zell am Ziller;"380000;220000;110000";Austrian Power Grid AG;Rohrberg;6626,131388
MULTILINESTRING ((264458.575727099 5242512.97470506,265176.262490773 5235805.82192859));Stummerberg;6276;Dorfstra�e 15;47,2937204;11,8845784;156973414;Umspannwerk Zell am Ziller;"380000;220000;110000";Austrian Power Grid AG;Rohrberg;6745,440879
MULTILINESTRING ((162350.583967317 5270441.0827962,179805.436860635 5268787.09566301));Tannheim;6675;H�f 36;47,4996537;10,5163763;26703085;Umspannwerk Breitenwang (i.b.);110000;;Breitenwang;17533,04203
MULTILINESTRING ((179588.766153038 5243177.5616699,175917.97334348 5237591.53121288));Tarrenz;6464;Hauptstra�e 14;47,2637198;10,7642934;100872499;110kV Freischaltanlage;110000;;Imsterberg;6684,1945
MULTILINESTRING ((224067.798884782 5229915.99661801,226958.550058888 5237742.9321219));Telfes_im_Stubai;6165;Telfes 61;47,1648433;11,359139;145583866;Umspannwerk Vill;110000;TIWAG;Innsbruck;8343,70192
MULTILINESTRING ((203502.362925119 5246742.09816858,201891.028516555 5245237.25017945));Telfs;6100;Untermarktstra�e 5 + 7;47,3069601;11,0772617;30884137;Umspannwerk Rietz;110000;;Rietz;2204,759861
MULTILINESTRING ((246325.981231302 5246450.02762141,242605.757109609 5244004.2778602));Terfens;6123;Dorfplatz 1;47,3223203;11,6429116;312113570;Kraftwerk Haim;;;Wattens;4452,163453
MULTILINESTRING ((233304.881278471 5243799.56313441,233115.408958851 5241525.43395103));Thaur;6065;Dorfplatz 4;47,2933429;11,4725058;24768685;Umspannwerk Thaur;"220000;110000";TIWAG-Netz AG;Thaur;2282,008611
MULTILINESTRING ((283271.567114375 5275284.82318232,285521.80619814 5273441.60001921));Thiersee;6335;Vorderthiersee 44;47,5947234;12,1170155;94406313;Umspannwerk Kufstein;110000;;Langkampfen;2908,787989
MULTILINESTRING ((329160.30760225 5190867.36240071,332640.43648021 5188061.46138136));Thurn;9904;Dorf 56;46,8494065;12,7591178;162826525;Umspannwerk Lienz;"220000;110000";Austrian Power Grid AG;Lienz;4470,388969
MULTILINESTRING ((159934.949567996 5228785.34889408,158562.1639262 5228221.11320397));Tobadill;6552;H�fen 38;47,1247238;10,5161841;580543598;UW Tobadill;"110000;25000";TiNetz;Tobadill;1484,217751
MULTILINESTRING ((166390.483602847 5216440.67750301,170910.688142686 5222000.04289397));T�sens;6541;T�sens 44;47,01726223;10,61016395;100602290;Umspannwerk Prutz;"220000;110000";;Prutz;7165,109394
MULTILINESTRING ((227509.800049846 5220175.73704188,232355.655329337 5220437.2334971));Trins;6152;Trins 36;47,07880075;11,41035964;42352281;Umspannwerk Steinach;110000;TIWAG-Netz AG;Steinach am Brenner;4852,905705
MULTILINESTRING ((331226.145690797 5187257.18439945,332640.43648021 5188061.46138136));Tristach;9907;Dorfstra�e 37;46,8174698;12,7875277;162826525;Umspannwerk Lienz;"220000;110000";Austrian Power Grid AG;Lienz;1626,984911
MULTILINESTRING ((237768.707406762 5239782.45012887,235156.117778468 5241651.09149436));Tulfes;6075;Schmalzgasse 27;47,2590628;11,5337953;121265317;Umspannwerk Hall;110000;TIWAG-Netz AG;Hall in Tirol;3212,078006
MULTILINESTRING ((251762.26373998 5227537.06202705,259912.025561335 5226911.21124978));Tux;6293;Lanersbach 470;47,1544968;11,7252291;99858973;Kraftwerk Bösdornau (i.b.);;;Finkenberg;8173,757211
MULTILINESTRING ((263093.127374027 5246217.24539676,262886.15072973 5249563.93402539));Uderns;6271;Dorfstra�e 23;47,3265104;11,8645761;89425769;Umspannwerk Fügen;110000;TIWAG;Fügen;3353,082777
MULTILINESTRING ((191212.167729287 5228695.01911524,187365.77660181 5240450.69450492));Umhausen;6441;Dorf 30;47,1393016;10,9275193;100404264;Tiwag Umspannwerk Ötztal;110000;TIWAG;Haiming;12368,93805
MULTILINESTRING ((216521.532204173 5240400.4417838,213733.375500649 5243144.303752));Unterperfuss;6178;Hnr. 13;47,25578015;11,2531492;147563007;Umspannwerk Zirl;110000;TIWAG;Zirl;3911,853308
MULTILINESTRING ((322794.306822876 5174906.90273511,328282.063498463 5185568.76501211));Untertilliach;9943;Untertilliach 62a;46,70422988;12,68185489;163096581;Kraftwerk Amlach (i.b.);;;Leisach;11991,27935
MULTILINESTRING ((234158.717853894 5218033.58439829,232355.655329337 5220437.2334971));Vals;6154;St. Jodok 2;47,0622702;11,4990409;42352281;Umspannwerk Steinach;110000;TIWAG-Netz AG;Steinach am Brenner;3004,756805
MULTILINESTRING ((171274.609384372 5275448.41448649,179805.436860635 5268787.09566301));Vils;6682;Stadtplatz 1;47,5491457;10,6307825;26703085;Umspannwerk Breitenwang (i.b.);110000;;Breitenwang;10823,50155
MULTILINESTRING ((306606.716629704 5208641.77431678,311322.094171908 5212131.76462445));Virgen;9972;Virgen 38;47,00302799;12,45600642;85699520;UW Gruben;110000;TIWAG;Matrei in Osttirol;5866,414383
MULTILINESTRING ((240277.564929453 5242786.39995877,242605.757109609 5244004.2778602));Volders;6111;Bundesstra�e 23;47,2870424;11,5651487;312113570;Kraftwerk Haim;;;Wattens;2627,490325
MULTILINESTRING ((222116.70190175 5239702.43799382,221048.547501661 5240510.86658091));V�ls;6176;Dorfstra�e 31;47,2519047;11,3273792;106098365;Umspannwerk Völs;110000;TIWAG;Völs;1339,593447
MULTILINESTRING ((249458.593053193 5248500.44776039,250833.806394604 5249605.00223491));Vomp;6215;Dorf 69;47,3419456;11,683142;151010933;Umspannwerk Schwaz;110000;;Vomp;1763,874236
MULTILINESTRING ((163233.969497329 5255983.21215039,179805.436860635 5268787.09566301));Vorderhornbach;6645;Nr. 60;47,37041383;10,53906701;26703085;Umspannwerk Breitenwang (i.b.);110000;;Breitenwang;20941,65618
MULTILINESTRING ((317136.104976907 5273020.1839986,321484.487608143 5260171.60353426));Waidring;6384;Dorfstra�e 9;47,5847997;12,567978;94790504;Umspannwerk Hochfilzen;110000;;Hochfilzen;13564,45544
MULTILINESTRING ((298528.089485531 5281303.68542643,294074.198805522 5280500.42022514));Walchsee;6344;Alleestra�e 24;47,6537397;12,3169556;94232595;Umspannwerk Ebbs;110000;;Ebbs;4525,746035
MULTILINESTRING ((175232.346167212 5268315.98153513,179805.436860635 5268787.09566301));W�ngle;6610;Oberdorf 4;47,4871404;10,6884875;26703085;Umspannwerk Breitenwang (i.b.);110000;;Breitenwang;4597,293444
MULTILINESTRING ((243520.796766866 5240595.88300566,242605.757109609 5244004.2778602));Wattenberg;6113;Wattenberg 23a;47,26864273;11,60922177;312113570;Kraftwerk Haim;;;Wattens;3529,086717
MULTILINESTRING ((242390.384726185 5243141.63380031,242605.757109609 5244004.2778602));Wattens;6112;Innsbrucker Str. 3;47,2910668;11,59283481;312113570;Kraftwerk Haim;;;Wattens;889,1231847
MULTILINESTRING ((246360.9497026 5244394.43112194,242605.757109609 5244004.2778602));Weer;6116;Dorfstra�e 4;47,3038688;11,6445439;312113570;Kraftwerk Haim;;;Wattens;3775,406068
MULTILINESTRING ((247967.451707716 5243707.34820715,242605.757109609 5244004.2778602));Weerberg;6133;Mitterberg 111;47,2983166;11,6661481;312113570;Kraftwerk Haim;;;Wattens;5369,910258
MULTILINESTRING ((171407.82273311 5263455.23370443,179805.436860635 5268787.09566301));Wei�enbach_am_Lech;6671;Kirchplatz 3;47,4416118;10,6414781;26703085;Umspannwerk Breitenwang (i.b.);110000;;Breitenwang;9947,294857
MULTILINESTRING ((176534.056350484 5232707.97008518,175917.97334348 5237591.53121288));Wenns;6473;Unterdorf 9;47,1682739;10,7315858;100872499;110kV Freischaltanlage;110000;;Imsterberg;4922,268538
MULTILINESTRING ((289919.813051458 5256929.44802241,294666.79344923 5259683.10379237));Westendorf;6363;Dorfplatz 1;47,43194635;12,21409399;156990742;Umspannwerk Brixen;110000;TIWAG-Netz AG;Brixen in Tirol;5487,845023
MULTILINESTRING ((258402.211313811 5255063.43237262,261436.853541757 5253621.10203438));Wiesing;6210;Dorf 19;47,4042716;11,79778;84789829;Schaltwerk Strass;220000;;Schlitters;3359,965812
MULTILINESTRING ((197864.237523479 5247885.17278271,201891.028516555 5245237.25017945));Wildermieming;6413;Wildermieming 36;47,31464565;11,00207774;30884137;Umspannwerk Rietz;110000;;Rietz;4819,392059
MULTILINESTRING ((277388.409461138 5258641.90236341,272025.542766025 5261541.84139136));Wildsch�nau;6314;Oberau 116;47,4431784;12,0472722;94514064;Umspannwerk Kundl;110000;TIWAG-Netz AG;Kundl;6096,719245
MULTILINESTRING ((278818.423398127 5263461.47822541,280722.575313024 5266536.61016587));W�rgl;6300;Bahnhofstra�e 15;47,4869748;12,0638014;105080874;Kraftwerk Kirchbichl (i.b.);110000;;Kirchbichl;3616,936683
MULTILINESTRING ((165659.70511678 5232208.3730427,163683.984437627 5230595.80189101));Zams;6511;Hauptstra�e 53;47,1583614;10,5888903;102601926;Umspannwerk Landeck;110000;TIWAG;Landeck;2550,266245
MULTILINESTRING ((263874.598211014 5235845.77169771,265176.262490773 5235805.82192859));Zell_am_Ziller;6283;Unterdorf 2;47,2336056;11,8803908;156973414;Umspannwerk Zell am Ziller;"380000;220000;110000";Austrian Power Grid AG;Rohrberg;1302,277191
MULTILINESTRING ((263748.620430528 5235934.51948927,265176.262490773 5235805.82192859));Zellberg;6277;Zellbergeben 31;47,2343577;11,87868209;156973414;Umspannwerk Zell am Ziller;"380000;220000;110000";Austrian Power Grid AG;Rohrberg;1433,431168
MULTILINESTRING ((215683.920486907 5242457.53850706,213733.375500649 5243144.303752));Zirl;6170;B�helstra�e 1;47,2738885;11,2407933;147563007;Umspannwerk Zirl;110000;TIWAG;Zirl;2067,914951
MULTILINESTRING ((159572.209233238 5271474.39724469,179805.436860635 5268787.09566301));Z�blen;6677; Z�blen 39;47,5074757;10,4788028;26703085;Umspannwerk Breitenwang (i.b.);110000;;Breitenwang;20410,90615
